trial_id,experiment_id,experiment_type,scene_id,scene_type,object_categories,prompt,prompt_type,method,expected_candidate_id,expected_display_id,notes,started_at_epoch_s,scene_observation_path,session_id,status,candidate_count,question_count,resolved_candidate_id,latency_s,updated_at_epoch_s,outcome,operator_note,finished_at_epoch_s,audit_failure_reason,audit_reviewed,include_in_audit,prompt_text,candidate_set_size,candidate_state,correct,num_questions,latency_sec,prompt_length,target_category,attribute_type,prompt_id,exact_prompt_key,prompt_norm,has_my,has_color,has_spatial,has_relation,has_size,has_modifier,prompt_object_category,prompt_pool_key,prompt_pool_n,prompt_pool_unique_n,prompt_pool_repetition_rate,prompt_text_repeat_count_in_pool
trial_20260508_160409_c79cf4,top_cups_01,main,scene_001,cup_only,[],Pick up my cup.,ambiguous,top_score,,,,1778223860.7854042,/home/haoandong/ask2act/services/a6000_web/artifacts/offline_experiments/top_cups_01/scenes/scene_001/observation.jpg,408dbca2-549c-4cc7-a941-69f8e20cf4bf,finished,6,0,cand_001,34.341922998428345,1779200229.8912752,wrong,,1778223895.1271913,ambiguity_not_solved,True,True,Pick up my cup.,6,,0,0,34.341922998428345,15,,,Pick up my cup.,scene_001::Pick up my cup.,pick up my cup,1,0,0,0,0,1,cup,scene_001|ambiguous,17,2,0.8823529411764706,15
trial_20260508_160520_53cf51,top_cups_01,main,scene_001,cup_only,[],Pick up the cup.,ambiguous,top_score,,,,1778223921.6871142,/home/haoandong/ask2act/services/a6000_web/artifacts/offline_experiments/top_cups_01/scenes/scene_001/observation.jpg,3efdbe28-e2e9-4b64-aa49-c93867247341,finished,6,0,cand_001,10.635690450668335,1779200272.2735322,wrong,,1778223932.3226795,ambiguity_not_solved,True,True,Pick up the cup.,6,,0,0,10.635690450668335,16,,,Pick up the cup.,scene_001::Pick up the cup.,pick up the cup,0,0,0,0,0,0,cup,scene_001|ambiguous,17,2,0.8823529411764706,2
trial_20260508_161100_a50c30,top_cups_01,main,scene_001,cup_only,[],Pick up cup.,partial,top_score,,,,1778224262.1325626,/home/haoandong/ask2act/services/a6000_web/artifacts/offline_experiments/top_cups_01/scenes/scene_001/observation.jpg,536790ef-8918-4314-9f49-920d65b82f28,finished,6,0,cand_001,6.717966318130493,1778224268.8507583,wrong,,1778224268.8504052,,False,True,Pick up cup.,6,,0,0,6.717966318130493,12,,,Pick up cup.,scene_001::Pick up cup.,pick up cup,0,0,0,0,0,0,cup,scene_001|partial,20,13,0.35,1
trial_20260508_162202_635b99,top_cups_01,main,scene_001,cup_only,[],Pick up the orange cup.,partial,top_score,,,,1778224923.2067125,/home/haoandong/ask2act/services/a6000_web/artifacts/offline_experiments/top_cups_01/scenes/scene_001/observation.jpg,48f1d85e-d526-4135-82ee-a03491865f62,finished,6,0,cand_005,21.049182653427124,1779200394.8649986,wrong,,1778224944.255771,ambiguity_not_solved,True,True,Pick up the orange cup.,6,,0,0,21.049182653427124,23,,,Pick up the orange cup.,scene_001::Pick up the orange cup.,pick up the orange cup,0,1,0,0,0,1,cup,scene_001|partial,20,13,0.35,6
trial_20260508_162226_ef0622,top_cups_01,main,scene_001,cup_only,[],Pick up the orange cup.,partial,top_score,,,,1778224947.821683,/home/haoandong/ask2act/services/a6000_web/artifacts/offline_experiments/top_cups_01/scenes/scene_001/observation.jpg,67911d3d-73e9-4ba1-9c9d-5a2db95200b5,finished,6,0,cand_005,5.794374704360962,1779200412.2777777,correct,,1778224953.6159282,,True,True,Pick up the orange cup.,6,,1,0,5.794374704360962,23,,,Pick up the orange cup.,scene_001::Pick up the orange cup.,pick up the orange cup,0,1,0,0,0,1,cup,scene_001|partial,20,13,0.35,6
trial_20260508_162254_f347a5,top_cups_01,main,scene_001,cup_only,[],Pick up the yellow cup.,clear,top_score,,,,1778224975.686028,/home/haoandong/ask2act/services/a6000_web/artifacts/offline_experiments/top_cups_01/scenes/scene_001/observation.jpg,d492dcb8-c079-4ff7-baa7-b341fbfaa0ec,finished,7,0,cand_001,67.69778203964233,1779200490.3229594,wrong,,1778225043.3836756,ambiguity_not_solved,True,True,Pick up the yellow cup.,7,,0,0,67.69778203964233,23,,,Pick up the yellow cup.,scene_001::Pick up the yellow cup.,pick up the yellow cup,0,1,0,0,0,1,cup,scene_001|clear,25,15,0.4,1
trial_20260508_163816_495011,top_cups_01,main,scene_001,cup_only,[],Pick up the green cup.,clear,proposed_efe,,,,1778225901.7899673,/home/haoandong/ask2act/services/a6000_web/artifacts/offline_experiments/top_cups_01/scenes/scene_001/observation.jpg,8b5cb52a-b181-4008-a7db-ee8b71b81d46,finished,1,0,cand_001,8.440147161483765,1779200523.9704766,correct,,1778225910.230061,,True,True,Pick up the green cup.,1,,1,0,8.440147161483765,22,,,Pick up the green cup.,scene_001::Pick up the green cup.,pick up the green cup,0,1,0,0,0,1,cup,scene_001|clear,25,15,0.4,3
trial_20260508_163848_4de1eb,top_cups_01,main,scene_001,cup_only,[],Pick up the green cup.,clear,top_score,,,,1778225929.6481764,/home/haoandong/ask2act/services/a6000_web/artifacts/offline_experiments/top_cups_01/scenes/scene_001/observation.jpg,f69d6f0f-9ef4-4365-9102-f68c3def5b30,finished,1,0,cand_001,16.494171619415283,1779200547.2206354,wrong,,1778225946.142251,ambiguity_not_solved,True,True,Pick up the green cup.,1,,0,0,16.494171619415283,22,,,Pick up the green cup.,scene_001::Pick up the green cup.,pick up the green cup,0,1,0,0,0,1,cup,scene_001|clear,25,15,0.4,3
trial_20260508_163919_5e274a,top_cups_01,main,scene_001,cup_only,[],Pick up the right most cup.,clear,top_score,,,,1778225961.1153183,/home/haoandong/ask2act/services/a6000_web/artifacts/offline_experiments/top_cups_01/scenes/scene_001/observation.jpg,ae5cc957-06e5-4d1d-8c10-4ff08e8861ab,finished,1,0,cand_001,5.866001844406128,1779200571.3201804,correct,,1778225966.9812212,,True,True,Pick up the right most cup.,1,,1,0,5.866001844406128,27,,,Pick up the right most cup.,scene_001::Pick up the right most cup.,pick up the right most cup,0,0,1,0,0,1,cup,scene_001|clear,25,15,0.4,1
trial_20260508_163950_1f0b87,top_cups_01,main,scene_001,cup_only,[],Pick up the orange cup.,partial,top_score,,,,1778225992.0420232,/home/haoandong/ask2act/services/a6000_web/artifacts/offline_experiments/top_cups_01/scenes/scene_001/observation.jpg,43e543b1-911a-46e7-ba51-7721cb22004f,finished,1,0,cand_001,10.041961431503296,1779200659.22189,wrong,,1778226002.0838876,gd_missing_target_candidate,True,True,Pick up the orange cup.,1,,0,0,10.041961431503296,23,,,Pick up the orange cup.,scene_001::Pick up the orange cup.,pick up the orange cup,0,1,0,0,0,1,cup,scene_001|partial,20,13,0.35,6
trial_20260508_164547_d93529,top_cups_01,main,scene_001,cup_only,[],Pick up my cup.,ambiguous,random_candidate,,,,1778226349.151431,/home/haoandong/ask2act/services/a6000_web/artifacts/offline_experiments/top_cups_01/scenes/scene_001/observation.jpg,4147b900-f970-49ba-ac18-7f4188c18b76,finished,6,0,cand_004,11.47260570526123,1779200774.1235113,wrong,,1778226360.623901,ambiguity_not_solved,True,True,Pick up my cup.,6,,0,0,11.47260570526123,15,,,Pick up my cup.,scene_001::Pick up my cup.,pick up my cup,1,0,0,0,0,1,cup,scene_001|ambiguous,17,2,0.8823529411764706,15
trial_20260508_164750_4a676b,top_cups_01,main,scene_001,cup_only,[],Pick up the cup.,ambiguous,random_candidate,,,,1778226471.3011963,/home/haoandong/ask2act/services/a6000_web/artifacts/offline_experiments/top_cups_01/scenes/scene_001/observation.jpg,a20e55b8-e32a-4cd9-a082-2a93e22f7790,finished,6,0,cand_002,41.98415732383728,1779200803.618736,wrong,,1778226513.285222,ambiguity_not_solved,True,True,Pick up the cup.,6,,0,0,41.98415732383728,16,,,Pick up the cup.,scene_001::Pick up the cup.,pick up the cup,0,0,0,0,0,0,cup,scene_001|ambiguous,17,2,0.8823529411764706,2
trial_20260508_164849_47bc34,top_cups_01,main,scene_001,cup_only,[],Pick up the cup.,partial,random_candidate,,,,1778226531.0497403,/home/haoandong/ask2act/services/a6000_web/artifacts/offline_experiments/top_cups_01/scenes/scene_001/observation.jpg,1faddc30-c8db-45b3-8e6b-8212833fb222,finished,6,0,cand_003,7.41014838218689,1778226538.4600914,correct,,1778226538.4597561,,False,True,Pick up the cup.,6,,1,0,7.41014838218689,16,,,Pick up the cup.,scene_001::Pick up the cup.,pick up the cup,0,0,0,0,0,0,cup,scene_001|partial,20,13,0.35,1
trial_20260508_164940_336107,top_cups_01,main,scene_001,cup_only,[],Pick up the orange cup.,partial,random_candidate,,,,1778226581.6718543,/home/haoandong/ask2act/services/a6000_web/artifacts/offline_experiments/top_cups_01/scenes/scene_001/observation.jpg,338303b8-6e6f-4fb9-95f0-d72c00b7f935,finished,1,0,cand_001,9.831251382827759,1779200969.2496207,wrong,,1778226591.5030053,gd_missing_target_candidate,True,True,Pick up the orange cup.,1,,0,0,9.831251382827759,23,,,Pick up the orange cup.,scene_001::Pick up the orange cup.,pick up the orange cup,0,1,0,0,0,1,cup,scene_001|partial,20,13,0.35,6
trial_20260508_164955_d88ca1,top_cups_01,main,scene_001,cup_only,[],Pick up the orange cup.,partial,random_candidate,,,,1778226596.8954656,/home/haoandong/ask2act/services/a6000_web/artifacts/offline_experiments/top_cups_01/scenes/scene_001/observation.jpg,2e038107-7890-4a44-9018-230c8a2a3e8d,finished,1,0,cand_001,6.708487272262573,1779200947.6348438,wrong,,1778226603.6038547,gd_missing_target_candidate,True,True,Pick up the orange cup.,1,,0,0,6.708487272262573,23,,,Pick up the orange cup.,scene_001::Pick up the orange cup.,pick up the orange cup,0,1,0,0,0,1,cup,scene_001|partial,20,13,0.35,6
trial_20260508_165018_9937e0,top_cups_01,main,scene_001,cup_only,[],Pick up the top cup.,partial,random_candidate,,,,1778226618.957592,/home/haoandong/ask2act/services/a6000_web/artifacts/offline_experiments/top_cups_01/scenes/scene_001/observation.jpg,509356e3-8b9c-47a2-9869-c8ffc36e934c,finished,0,0,,6.07184362411499,1779201002.3399286,wrong,,1778226625.0293868,gd_missing_target_candidate,True,True,Pick up the top cup.,0,,0,0,6.07184362411499,20,,,Pick up the top cup.,scene_001::Pick up the top cup.,pick up the top cup,0,0,1,0,0,1,cup,scene_001|partial,20,13,0.35,1
trial_20260508_165047_7e94fc,top_cups_01,main,scene_001,cup_only,[],Pick up the blue cup.,clear,random_candidate,,,,1778226648.889999,/home/haoandong/ask2act/services/a6000_web/artifacts/offline_experiments/top_cups_01/scenes/scene_001/observation.jpg,0586b364-d6d0-4de9-a753-375f3fb53ff1,finished,1,0,cand_001,10.110392332077026,1778226659.0005908,correct,,1778226659.0002947,,False,True,Pick up the blue cup.,1,,1,0,10.110392332077026,21,,,Pick up the blue cup.,scene_001::Pick up the blue cup.,pick up the blue cup,0,1,0,0,0,1,cup,scene_001|clear,25,15,0.4,2
trial_20260508_165109_6538d4,top_cups_01,main,scene_001,cup_only,[],Pick up the red cup.,clear,random_candidate,,,,1778226670.5570626,/home/haoandong/ask2act/services/a6000_web/artifacts/offline_experiments/top_cups_01/scenes/scene_001/observation.jpg,15ab67cb-a2f3-4cca-8afe-439761999113,finished,1,0,cand_001,170.19326162338257,1778226840.7505171,correct,,1778226840.7502203,,False,True,Pick up the red cup.,1,,1,0,170.19326162338257,20,,,Pick up the red cup.,scene_001::Pick up the red cup.,pick up the red cup,0,1,0,0,0,1,cup,scene_001|clear,25,15,0.4,1
trial_20260508_165412_c6e1d7,top_cups_01,main,scene_001,cup_only,[],Pick up the left most cup.,clear,random_candidate,,,,1778226853.5896332,/home/haoandong/ask2act/services/a6000_web/artifacts/offline_experiments/top_cups_01/scenes/scene_001/observation.jpg,bb5a95e4-c67f-4f2b-a564-53b8aea2f978,finished,1,0,cand_001,4.658507585525513,1778226858.2483242,correct,,1778226858.2480433,,False,True,Pick up the left most cup.,1,,1,0,4.658507585525513,26,,,Pick up the left most cup.,scene_001::Pick up the left most cup.,pick up the left most cup,0,0,1,0,0,1,cup,scene_001|clear,25,15,0.4,2
trial_20260508_165541_afd38d,top_cups_01,main,scene_001,cup_only,[],Pick up the left most cup.,clear,vlm_direct,,,,1778226942.2502458,/home/haoandong/ask2act/services/a6000_web/artifacts/offline_experiments/top_cups_01/scenes/scene_001/observation.jpg,7e9f35c4-9920-4157-b71f-5a11b76b5731,finished,1,0,cand_001,5.773003339767456,1778226948.0234482,correct,,1778226948.0231547,,False,True,Pick up the left most cup.,1,,1,0,5.773003339767456,26,,,Pick up the left most cup.,scene_001::Pick up the left most cup.,pick up the left most cup,0,0,1,0,0,1,cup,scene_001|clear,25,15,0.4,2
trial_20260508_165723_f733d4,top_cups_01,main,scene_001,cup_only,[],Pick up the green cup.,clear,vlm_direct,,,,1778227044.6538312,/home/haoandong/ask2act/services/a6000_web/artifacts/offline_experiments/top_cups_01/scenes/scene_001/observation.jpg,3f5f9ceb-bfb2-4fa0-a15e-71c0ceb221fa,finished,1,0,cand_001,5.832372426986694,1778227050.4864006,correct,,1778227050.4861069,,False,True,Pick up the green cup.,1,,1,0,5.832372426986694,22,,,Pick up the green cup.,scene_001::Pick up the green cup.,pick up the green cup,0,1,0,0,0,1,cup,scene_001|clear,25,15,0.4,3
trial_20260508_165749_dbf4fe,top_cups_01,main,scene_001,cup_only,[],Pick up the blue cup.,clear,vlm_direct,,,,1778227070.458123,/home/haoandong/ask2act/services/a6000_web/artifacts/offline_experiments/top_cups_01/scenes/scene_001/observation.jpg,6482fd10-1893-4d6e-a937-77c1d8b9d9fa,finished,1,0,cand_001,10.524811029434204,1778227080.9831393,correct,,1778227080.9828365,,False,True,Pick up the blue cup.,1,,1,0,10.524811029434204,21,,,Pick up the blue cup.,scene_001::Pick up the blue cup.,pick up the blue cup,0,1,0,0,0,1,cup,scene_001|clear,25,15,0.4,2
trial_20260508_165821_39c0a2,top_cups_01,main,scene_001,cup_only,[],Pick up the orange cup.,partial,vlm_direct,,,,1778227102.642625,/home/haoandong/ask2act/services/a6000_web/artifacts/offline_experiments/top_cups_01/scenes/scene_001/observation.jpg,70e9d2ed-d2ff-4641-ae6a-208881dba84e,finished,1,0,cand_001,4.336403131484985,1779201059.2508729,wrong,,1778227106.978935,gd_missing_target_candidate,True,True,Pick up the orange cup.,1,,0,0,4.336403131484985,23,,,Pick up the orange cup.,scene_001::Pick up the orange cup.,pick up the orange cup,0,1,0,0,0,1,cup,scene_001|partial,20,13,0.35,6
trial_20260508_165859_834639,top_cups_01,main,scene_001,cup_only,[],Pick up the cup on the bottom half.,partial,vlm_direct,,,,1778227140.2835586,/home/haoandong/ask2act/services/a6000_web/artifacts/offline_experiments/top_cups_01/scenes/scene_001/observation.jpg,b04a86c1-a3cb-4a16-915a-66bbe8e169b6,finished,0,0,,5.299427270889282,1779201116.6684432,wrong,,1778227145.582968,gd_missing_target_candidate,True,True,Pick up the cup on the bottom half.,0,,0,0,5.299427270889282,35,,,Pick up the cup on the bottom half.,scene_001::Pick up the cup on the bottom half.,pick up the cup on the bottom half,0,0,1,0,0,1,cup,scene_001|partial,20,13,0.35,1
trial_20260508_165956_4717c9,top_cups_01,main,scene_001,cup_only,[],Pick up the left cup.,partial,vlm_direct,,,,1778227197.5602813,/home/haoandong/ask2act/services/a6000_web/artifacts/offline_experiments/top_cups_01/scenes/scene_001/observation.jpg,dba2e0f4-7229-4343-8f96-f3b026e1e592,finished,1,0,cand_001,6.539261102676392,1778227204.0996542,correct,,1778227204.0994747,,False,True,Pick up the left cup.,1,,1,0,6.539261102676392,21,,,Pick up the left cup.,scene_001::Pick up the left cup.,pick up the left cup,0,0,1,0,0,1,cup,scene_001|partial,20,13,0.35,1
trial_20260508_170012_8965d6,top_cups_01,main,scene_001,cup_only,[],Pick up the bottom cup.,partial,vlm_direct,,,,1778227214.1376207,/home/haoandong/ask2act/services/a6000_web/artifacts/offline_experiments/top_cups_01/scenes/scene_001/observation.jpg,890031b4-191c-4bdc-b283-37fa9587fe20,finished,1,0,cand_001,3.155287027359009,1778227217.2929578,correct,,1778227217.292863,,False,True,Pick up the bottom cup.,1,,1,0,3.155287027359009,23,,,Pick up the bottom cup.,scene_001::Pick up the bottom cup.,pick up the bottom cup,0,0,1,0,0,1,cup,scene_001|partial,20,13,0.35,1
trial_20260508_170818_2625a6,top_cups_01,main,scene_001,cup_only,[],Pick up my cup.,ambiguous,vlm_direct,,,,1778227764.8186636,/home/haoandong/ask2act/services/a6000_web/artifacts/offline_experiments/top_cups_01/scenes/scene_001/observation.jpg,2b894e51-74c2-4529-9423-f11e206b7255,finished,6,0,cand_004,9.462310791015625,1778227774.28103,correct,,1778227774.2809153,,False,True,Pick up my cup.,6,,1,0,9.462310791015625,15,,,Pick up my cup.,scene_001::Pick up my cup.,pick up my cup,1,0,0,0,0,1,cup,scene_001|ambiguous,17,2,0.8823529411764706,15
trial_20260508_170938_da1b4c,top_cups_01,main,scene_001,cup_only,[],Pick up my cup.,ambiguous,vlm_direct,,,,1778227845.4789453,/home/haoandong/ask2act/services/a6000_web/artifacts/offline_experiments/top_cups_01/scenes/scene_001/observation.jpg,204b4460-8671-4629-9a83-6b724d403a34,finished,6,0,cand_004,6.894267559051514,1779201527.501538,wrong,,1778227852.373156,ambiguity_not_solved,True,True,Pick up my cup.,6,,0,0,6.894267559051514,15,,,Pick up my cup.,scene_001::Pick up my cup.,pick up my cup,1,0,0,0,0,1,cup,scene_001|ambiguous,17,2,0.8823529411764706,15
trial_20260508_171420_28fff4,top_cups_01,main,scene_001,cup_only,[],Pick up green cup.,clear,first_question,,,,1778228061.5523758,/home/haoandong/ask2act/services/a6000_web/artifacts/offline_experiments/top_cups_01/scenes/scene_001/observation.jpg,7e3c75f2-8ed9-4795-ad40-8763d3a5c152,finished,1,0,cand_001,4.43035364151001,1778228065.9829338,correct,,1778228065.9826074,,False,True,Pick up green cup.,1,,1,0,4.43035364151001,18,,,Pick up green cup.,scene_001::Pick up green cup.,pick up green cup,0,1,0,0,0,1,cup,scene_001|clear,25,15,0.4,5
trial_20260508_171451_eb10c3,top_cups_01,main,scene_001,cup_only,[],Pick up red cup.,clear,first_question,,,,1778228092.5774431,/home/haoandong/ask2act/services/a6000_web/artifacts/offline_experiments/top_cups_01/scenes/scene_001/observation.jpg,5a6803c1-cb53-4f36-8828-9b12390038c2,finished,1,0,cand_001,4.311343669891357,1779201444.2515006,correct,,1778228096.8887382,,True,True,Pick up red cup.,1,,1,0,4.311343669891357,16,,,Pick up red cup.,scene_001::Pick up red cup.,pick up red cup,0,1,0,0,0,1,cup,scene_001|clear,25,15,0.4,1
trial_20260508_171507_afe9a5,top_cups_01,main,scene_001,cup_only,[],Pick up left most cup.,clear,first_question,,,,1778228108.0672371,/home/haoandong/ask2act/services/a6000_web/artifacts/offline_experiments/top_cups_01/scenes/scene_001/observation.jpg,280e5616-5e6e-494f-9a22-2cdb10ed8aa6,finished,0,0,,15.629906415939331,1779201484.5810382,correct,,1778228123.697123,,True,True,Pick up left most cup.,0,,1,0,15.629906415939331,22,,,Pick up left most cup.,scene_001::Pick up left most cup.,pick up left most cup,0,0,1,0,0,1,cup,scene_001|clear,25,15,0.4,1
trial_20260508_171543_02c3dd,top_cups_01,main,scene_001,cup_only,[],Pick up most left cup.,clear,first_question,,,,1778228144.6260352,/home/haoandong/ask2act/services/a6000_web/artifacts/offline_experiments/top_cups_01/scenes/scene_001/observation.jpg,9f0d9264-1bb9-4959-9d33-a0fedba11830,finished,1,0,cand_001,4.639959335327148,1778228149.2661889,correct,,1778228149.2658951,,False,True,Pick up most left cup.,1,,1,0,4.639959335327148,22,,,Pick up most left cup.,scene_001::Pick up most left cup.,pick up most left cup,0,0,1,0,0,1,cup,scene_001|clear,25,15,0.4,2
trial_20260508_171619_4c7035,top_cups_01,main,scene_001,cup_only,[],Pick up blue cup.,clear,first_question,,,,1778228180.577613,/home/haoandong/ask2act/services/a6000_web/artifacts/offline_experiments/top_cups_01/scenes/scene_001/observation.jpg,ed02bfca-b1b6-4054-a0f5-ccbf45bc0fca,finished,1,0,cand_001,3.33341383934021,1779201415.5205243,correct,,1778228183.9109843,,True,True,Pick up blue cup.,1,,1,0,3.33341383934021,17,,,Pick up blue cup.,scene_001::Pick up blue cup.,pick up blue cup,0,1,0,0,0,1,cup,scene_001|clear,25,15,0.4,1
trial_20260508_171710_d0492c,top_cups_01,main,scene_001,cup_only,[],Pick up orange cup.,partial,first_question,,,,1778228231.7109122,/home/haoandong/ask2act/services/a6000_web/artifacts/offline_experiments/top_cups_01/scenes/scene_001/observation.jpg,90b766bd-c598-49f7-b462-4def09d18c08,finished,1,0,cand_001,3.801910638809204,1779201374.4477878,wrong,,1778228235.5127788,gd_missing_target_candidate,True,True,Pick up orange cup.,1,,0,0,3.801910638809204,19,,,Pick up orange cup.,scene_001::Pick up orange cup.,pick up orange cup,0,1,0,0,0,1,cup,scene_001|partial,20,13,0.35,3
trial_20260508_171731_71f6c9,top_cups_01,main,scene_001,cup_only,[],Pick up my cup.,ambiguous,first_question,,,,1778228279.3303187,/home/haoandong/ask2act/services/a6000_web/artifacts/offline_experiments/top_cups_01/scenes/scene_001/observation.jpg,d95fb368-ebd1-4078-a33a-0935c4c82e80,finished,6,5,cand_004,273.96855545043945,1778228553.298988,correct,,1778228553.2987967,,False,True,Pick up my cup.,6,,1,5,273.96855545043945,15,,,Pick up my cup.,scene_001::Pick up my cup.,pick up my cup,1,0,0,0,0,1,cup,scene_001|ambiguous,17,2,0.8823529411764706,15
trial_20260508_172305_d24bf0,top_cups_01,main,scene_001,cup_only,[],Pick up my cup.,ambiguous,first_question,,,,1778228613.5785277,/home/haoandong/ask2act/services/a6000_web/artifacts/offline_experiments/top_cups_01/scenes/scene_001/observation.jpg,3ade10fd-aad6-423a-9d7b-39545c9000ee,finished,6,3,cand_002,166.75316452980042,1778228780.3317444,correct,,1778228780.3316267,,False,True,Pick up my cup.,6,,1,3,166.75316452980042,15,,,Pick up my cup.,scene_001::Pick up my cup.,pick up my cup,1,0,0,0,0,1,cup,scene_001|ambiguous,17,2,0.8823529411764706,15
trial_20260508_172634_3bff3d,top_cups_01,main,scene_001,cup_only,[],Pick up my cup.,ambiguous,first_question,,,,1778228822.6896024,/home/haoandong/ask2act/services/a6000_web/artifacts/offline_experiments/top_cups_01/scenes/scene_001/observation.jpg,34c01e06-1aa1-4c5c-a975-3fcefa8b5e31,finished,6,5,cand_001,280.650817155838,1778229103.3404827,correct,,1778229103.340339,,False,True,Pick up my cup.,6,,1,5,280.650817155838,15,,,Pick up my cup.,scene_001::Pick up my cup.,pick up my cup,1,0,0,0,0,1,cup,scene_001|ambiguous,17,2,0.8823529411764706,15
trial_20260508_173226_8f5a8c,top_cups_01,main,scene_001,cup_only,[],Pick up green cup.,clear,random_question,,,,1778229147.3157556,/home/haoandong/ask2act/services/a6000_web/artifacts/offline_experiments/top_cups_01/scenes/scene_001/observation.jpg,20e30744-f944-4f56-8603-30a0eb0613ee,finished,1,0,cand_001,5.393948554992676,1779201582.986312,correct,,1778229152.7096612,,True,True,Pick up green cup.,1,,1,0,5.393948554992676,18,,,Pick up green cup.,scene_001::Pick up green cup.,pick up green cup,0,1,0,0,0,1,cup,scene_001|clear,25,15,0.4,5
trial_20260508_173239_8072a8,top_cups_01,main,scene_001,cup_only,[],Pick up green cup.,clear,random_question,,,,1778229160.673606,/home/haoandong/ask2act/services/a6000_web/artifacts/offline_experiments/top_cups_01/scenes/scene_001/observation.jpg,88c73004-07f6-451c-86ca-1759474449b0,finished,1,0,cand_001,3.9722044467926025,1778229164.6459935,correct,,1778229164.645715,,False,True,Pick up green cup.,1,,1,0,3.9722044467926025,18,,,Pick up green cup.,scene_001::Pick up green cup.,pick up green cup,0,1,0,0,0,1,cup,scene_001|clear,25,15,0.4,5
trial_20260508_173304_4f9f4a,top_cups_01,main,scene_001,cup_only,[],Pick up bottom cup.,clear,random_question,,,,1778229185.6595652,/home/haoandong/ask2act/services/a6000_web/artifacts/offline_experiments/top_cups_01/scenes/scene_001/observation.jpg,6cce475e-94a6-42c7-a432-0d0f423946c5,finished,1,0,cand_001,4.076188802719116,1779201637.1778512,wrong,,1778229189.735701,wrong_object_selected,True,True,Pick up bottom cup.,1,,0,0,4.076188802719116,19,,,Pick up bottom cup.,scene_001::Pick up bottom cup.,pick up bottom cup,0,0,1,0,0,1,cup,scene_001|clear,25,15,0.4,1
trial_20260508_173445_c8600b,top_cups_01,main,scene_001,cup_only,[],Pick up cup on the left half.,partial,random_question,,,,1778229287.2056143,/home/haoandong/ask2act/services/a6000_web/artifacts/offline_experiments/top_cups_01/scenes/scene_001/observation.jpg,336a63ce-8e96-4d6b-8371-dc3972328d1f,finished,1,0,cand_001,16.46334457397461,1778229303.669058,correct,,1778229303.6688986,,False,True,Pick up cup on the left half.,1,,1,0,16.46334457397461,29,,,Pick up cup on the left half.,scene_001::Pick up cup on the left half.,pick up cup on the left half,0,0,1,0,0,1,cup,scene_001|partial,20,13,0.35,1
trial_20260508_173522_38a553,top_cups_01,main,scene_001,cup_only,[],Pick up orange cup.,partial,random_question,,,,1778229324.028505,/home/haoandong/ask2act/services/a6000_web/artifacts/offline_experiments/top_cups_01/scenes/scene_001/observation.jpg,e6e6fc8b-159c-4e1a-bfcf-aa177801dd9f,finished,1,0,cand_001,4.01166844367981,1778229328.0403655,correct,,1778229328.040078,,False,True,Pick up orange cup.,1,,1,0,4.01166844367981,19,,,Pick up orange cup.,scene_001::Pick up orange cup.,pick up orange cup,0,1,0,0,0,1,cup,scene_001|partial,20,13,0.35,3
trial_20260508_173553_2447fc,top_cups_01,main,scene_001,cup_only,[],Pick up the cup on the right half.,partial,random_question,,,,1778229354.5342531,/home/haoandong/ask2act/services/a6000_web/artifacts/offline_experiments/top_cups_01/scenes/scene_001/observation.jpg,89a39c61-70e2-4fa1-9a9f-e6c4af7e3667,finished,1,0,cand_001,5.543647527694702,1778229360.0780895,correct,,1778229360.0778,,False,True,Pick up the cup on the right half.,1,,1,0,5.543647527694702,34,,,Pick up the cup on the right half.,scene_001::Pick up the cup on the right half.,pick up the cup on the right half,0,0,1,0,0,1,cup,scene_001|partial,20,13,0.35,1
trial_20260508_173633_f306eb,top_cups_01,main,scene_001,cup_only,[],Pick up my cup.,ambiguous,random_question,,,,1778229421.7424328,/home/haoandong/ask2act/services/a6000_web/artifacts/offline_experiments/top_cups_01/scenes/scene_001/observation.jpg,b9122924-8fda-49d8-b45b-6bd24fed19ce,finished,6,3,cand_004,140.9373390674591,1778229562.679974,correct,,1778229562.6796267,,False,True,Pick up my cup.,6,,1,3,140.9373390674591,15,,,Pick up my cup.,scene_001::Pick up my cup.,pick up my cup,1,0,0,0,0,1,cup,scene_001|ambiguous,17,2,0.8823529411764706,15
trial_20260508_174228_d0b0fb,top_cups_01,main,scene_001,cup_only,[],Pick up my cup.,ambiguous,random_question,,,,1778229793.0307739,/home/haoandong/ask2act/services/a6000_web/artifacts/offline_experiments/top_cups_01/scenes/scene_001/observation.jpg,351edda2-3c52-485b-a94e-7d63f7be3457,finished,6,6,cand_001,316.2667419910431,1778230109.2975707,correct,,1778230109.297445,,False,True,Pick up my cup.,6,,1,6,316.2667419910431,15,,,Pick up my cup.,scene_001::Pick up my cup.,pick up my cup,1,0,0,0,0,1,cup,scene_001|ambiguous,17,2,0.8823529411764706,15
trial_20260508_174846_d38ccb,top_cups_01,main,scene_001,cup_only,[],Pick up my cup.,ambiguous,random_question,,,,1778230154.2934308,/home/haoandong/ask2act/services/a6000_web/artifacts/offline_experiments/top_cups_01/scenes/scene_001/observation.jpg,ff75d154-0144-42d9-bfc4-ad85dc6d4071,finished,6,2,cand_006,83.86723804473877,1778230238.160872,correct,,1778230238.1605225,,False,True,Pick up my cup.,6,,1,2,83.86723804473877,15,,,Pick up my cup.,scene_001::Pick up my cup.,pick up my cup,1,0,0,0,0,1,cup,scene_001|ambiguous,17,2,0.8823529411764706,15
trial_20260508_175056_c68951,top_cups_01,main,scene_001,cup_only,[],Pick up green cup.,partial,vlm_best_question,,,,1778230257.49667,/home/haoandong/ask2act/services/a6000_web/artifacts/offline_experiments/top_cups_01/scenes/scene_001/observation.jpg,245db79c-b27d-43cf-95e7-0c8e9e4b9e7a,finished,1,0,cand_001,9.334763288497925,1778230266.8316352,correct,,1778230266.831327,,False,True,Pick up green cup.,1,,1,0,9.334763288497925,18,,,Pick up green cup.,scene_001::Pick up green cup.,pick up green cup,0,1,0,0,0,1,cup,scene_001|partial,20,13,0.35,1
trial_20260508_175117_158f32,top_cups_01,main,scene_001,cup_only,[],Pick up green cup.,clear,vlm_best_question,,,,1778230278.4728014,/home/haoandong/ask2act/services/a6000_web/artifacts/offline_experiments/top_cups_01/scenes/scene_001/observation.jpg,a32cb93d-1568-48f1-aac1-8c5e02e2c785,finished,1,0,cand_001,3.312729597091675,1778230281.7855852,correct,,1778230281.7854831,,False,True,Pick up green cup.,1,,1,0,3.312729597091675,18,,,Pick up green cup.,scene_001::Pick up green cup.,pick up green cup,0,1,0,0,0,1,cup,scene_001|clear,25,15,0.4,5
trial_20260508_175127_0e627d,top_cups_01,main,scene_001,cup_only,[],Pick up yellow cup.,clear,vlm_best_question,,,,1778230289.0469372,/home/haoandong/ask2act/services/a6000_web/artifacts/offline_experiments/top_cups_01/scenes/scene_001/observation.jpg,8ef10478-5d2c-4e8c-9dbb-d8faedb542b8,finished,1,0,cand_001,11.068927526473999,1778230300.1159656,correct,,1778230300.1158009,,False,True,Pick up yellow cup.,1,,1,0,11.068927526473999,19,,,Pick up yellow cup.,scene_001::Pick up yellow cup.,pick up yellow cup,0,1,0,0,0,1,cup,scene_001|clear,25,15,0.4,2
trial_20260508_175157_4eeeea,top_cups_01,main,scene_001,cup_only,[],Pick up the cup in the middle.,clear,vlm_best_question,,,,1778230318.359854,/home/haoandong/ask2act/services/a6000_web/artifacts/offline_experiments/top_cups_01/scenes/scene_001/observation.jpg,3d2bca19-aa79-4405-afe2-3f73c4d94a46,finished,1,0,cand_001,18.623122692108154,1779201709.984578,wrong,,1778230336.9828784,wrong_object_selected,True,True,Pick up the cup in the middle.,1,,0,0,18.623122692108154,30,,,Pick up the cup in the middle.,scene_001::Pick up the cup in the middle.,pick up the cup in the middle,0,0,1,0,0,1,cup,scene_001|clear,25,15,0.4,1
trial_20260508_175456_dd671a,top_cups_01,main,scene_001,cup_only,[],Pick up the most left cup.,partial,vlm_best_question,,,,1778230497.6023166,/home/haoandong/ask2act/services/a6000_web/artifacts/offline_experiments/top_cups_01/scenes/scene_001/observation.jpg,e348a8f1-16d0-4b36-9fba-17b96f9621d9,finished,1,0,cand_001,4.620883941650391,1778230502.2232397,correct,,1778230502.2231684,,False,True,Pick up the most left cup.,1,,1,0,4.620883941650391,26,,,Pick up the most left cup.,scene_001::Pick up the most left cup.,pick up the most left cup,0,0,1,0,0,1,cup,scene_001|partial,20,13,0.35,1
trial_20260508_175507_edf1df,top_cups_01,main,scene_001,cup_only,[],Pick up the most left cup.,clear,vlm_best_question,,,,1778230509.2348807,/home/haoandong/ask2act/services/a6000_web/artifacts/offline_experiments/top_cups_01/scenes/scene_001/observation.jpg,4ef36351-bbcd-481a-9943-39fcf8b1a24f,finished,1,0,cand_001,3.653376579284668,1778230512.8884459,correct,,1778230512.8881607,,False,True,Pick up the most left cup.,1,,1,0,3.653376579284668,26,,,Pick up the most left cup.,scene_001::Pick up the most left cup.,pick up the most left cup,0,0,1,0,0,1,cup,scene_001|clear,25,15,0.4,1
trial_20260508_175630_7360b2,top_cups_01,main,scene_001,cup_only,[],Pick up my cup.,ambiguous,vlm_best_question,,,,1778230619.112286,/home/haoandong/ask2act/services/a6000_web/artifacts/offline_experiments/top_cups_01/scenes/scene_001/observation.jpg,eb65a66b-66d9-4770-a499-884a796767b7,finished,6,6,cand_001,425.9674942493439,1778231045.0799813,correct,,1778231045.0796127,,False,True,Pick up my cup.,6,,1,6,425.9674942493439,15,,,Pick up my cup.,scene_001::Pick up my cup.,pick up my cup,1,0,0,0,0,1,cup,scene_001|ambiguous,17,2,0.8823529411764706,15
trial_20260508_180703_680135,top_cups_01,main,scene_001,cup_only,[],Pick up my cup.,ambiguous,vlm_best_question,,,,1778231251.9378288,/home/haoandong/ask2act/services/a6000_web/artifacts/offline_experiments/top_cups_01/scenes/scene_001/observation.jpg,8e163752-6319-4135-aec0-dd60e1c09556,finished,6,4,cand_003,144.73229146003723,1778231396.6703236,correct,,1778231396.6699655,,False,True,Pick up my cup.,6,,1,4,144.73229146003723,15,,,Pick up my cup.,scene_001::Pick up my cup.,pick up my cup,1,0,0,0,0,1,cup,scene_001|ambiguous,17,2,0.8823529411764706,15
trial_20260508_181024_50d34f,top_cups_01,main,scene_001,cup_only,[],Pick up my cup.,ambiguous,vlm_best_question,,,,1778231452.8811219,/home/haoandong/ask2act/services/a6000_web/artifacts/offline_experiments/top_cups_01/scenes/scene_001/observation.jpg,3dd1c2b9-8848-4067-8d71-bed6af3cfaeb,finished,6,4,cand_004,255.20284843444824,1778231708.0841691,correct,,1778231708.0838144,,False,True,Pick up my cup.,6,,1,4,255.20284843444824,15,,,Pick up my cup.,scene_001::Pick up my cup.,pick up my cup,1,0,0,0,0,1,cup,scene_001|ambiguous,17,2,0.8823529411764706,15
trial_20260508_181552_0ed400,top_cups_01,main,scene_001,cup_only,[],Pick up green cup.,clear,proposed_efe,,,,1778231753.4265025,/home/haoandong/ask2act/services/a6000_web/artifacts/offline_experiments/top_cups_01/scenes/scene_001/observation.jpg,c4772d7b-de04-4f80-a14f-66fd405e204e,finished,1,0,cand_001,4.534489631652832,1778231757.9610426,correct,,1778231757.960953,,False,True,Pick up green cup.,1,,1,0,4.534489631652832,18,,,Pick up green cup.,scene_001::Pick up green cup.,pick up green cup,0,1,0,0,0,1,cup,scene_001|clear,25,15,0.4,5
trial_20260508_181607_4c9048,top_cups_01,main,scene_001,cup_only,[],Pick up yellow cup.,clear,proposed_efe,,,,1778231768.4769518,/home/haoandong/ask2act/services/a6000_web/artifacts/offline_experiments/top_cups_01/scenes/scene_001/observation.jpg,86c4e112-b92a-42aa-a025-1a1fd296b21f,finished,1,0,cand_001,17.64599633216858,1778231786.1230314,correct,,1778231786.1228933,,False,True,Pick up yellow cup.,1,,1,0,17.64599633216858,19,,,Pick up yellow cup.,scene_001::Pick up yellow cup.,pick up yellow cup,0,1,0,0,0,1,cup,scene_001|clear,25,15,0.4,2
trial_20260508_181705_7860e3,top_cups_01,main,scene_001,cup_only,[],Pick up most left cup.,clear,proposed_efe,,,,1778231826.5252764,/home/haoandong/ask2act/services/a6000_web/artifacts/offline_experiments/top_cups_01/scenes/scene_001/observation.jpg,d2733dbf-4f32-4d63-ba7c-8921d06464d7,finished,1,0,cand_001,7.318147897720337,1778231833.843476,correct,,1778231833.8433847,,False,True,Pick up most left cup.,1,,1,0,7.318147897720337,22,,,Pick up most left cup.,scene_001::Pick up most left cup.,pick up most left cup,0,0,1,0,0,1,cup,scene_001|clear,25,15,0.4,2
trial_20260508_181747_6e5ebf,top_cups_01,main,scene_001,cup_only,[],Pick up orange cup.,partial,proposed_efe,,,,1778231868.3744612,/home/haoandong/ask2act/services/a6000_web/artifacts/offline_experiments/top_cups_01/scenes/scene_001/observation.jpg,69aedb65-24e7-475b-b7bf-c1c270da1945,finished,1,0,cand_001,4.0968077182769775,1778231872.4714055,correct,,1778231872.4711974,,False,True,Pick up orange cup.,1,,1,0,4.0968077182769775,19,,,Pick up orange cup.,scene_001::Pick up orange cup.,pick up orange cup,0,1,0,0,0,1,cup,scene_001|partial,20,13,0.35,3
trial_20260508_181812_5471cc,top_cups_01,main,scene_001,cup_only,[],Pick up most center cup.,partial,proposed_efe,,,,1778231893.711151,/home/haoandong/ask2act/services/a6000_web/artifacts/offline_experiments/top_cups_01/scenes/scene_001/observation.jpg,3f4840e7-c431-4182-9ef6-d5bc02d5167c,finished,1,0,cand_001,9.394408702850342,1779201761.4350986,wrong,,1778231903.105458,wrong_object_selected,True,True,Pick up most center cup.,1,,0,0,9.394408702850342,24,,,Pick up most center cup.,scene_001::Pick up most center cup.,pick up most center cup,0,0,1,0,0,1,cup,scene_001|partial,20,13,0.35,1
trial_20260508_182333_4aa7c7,top_cups_01,main,scene_001,cup_only,[],Pick up my cup.,ambiguous,proposed_efe,,,,1778232241.9984562,/home/haoandong/ask2act/services/a6000_web/artifacts/offline_experiments/top_cups_01/scenes/scene_001/observation.jpg,cdaad42b-9e64-456a-994d-36c1feafdf74,finished,6,3,cand_001,135.40183925628662,1778232377.4003584,correct,,1778232377.4002228,,False,True,Pick up my cup.,6,,1,3,135.40183925628662,15,,,Pick up my cup.,scene_001::Pick up my cup.,pick up my cup,1,0,0,0,0,1,cup,scene_001|ambiguous,17,2,0.8823529411764706,15
trial_20260508_182624_05ba10,top_cups_01,main,scene_001,cup_only,[],Pick up my cup.,ambiguous,proposed_efe,,,,1778232412.4088821,/home/haoandong/ask2act/services/a6000_web/artifacts/offline_experiments/top_cups_01/scenes/scene_001/observation.jpg,fff68b07-68ff-4170-a8a6-516b8d42ed5c,finished,6,3,cand_006,92.61430144309998,1778232505.0232456,correct,,1778232505.0231178,,False,True,Pick up my cup.,6,,1,3,92.61430144309998,15,,,Pick up my cup.,scene_001::Pick up my cup.,pick up my cup,1,0,0,0,0,1,cup,scene_001|ambiguous,17,2,0.8823529411764706,15
trial_20260508_184007_9e801d,top_cups_01,main,scene_002,cup_only,[],Pick up the green cup.,clear,top_score,,,,1778233212.9100587,/home/haoandong/ask2act/services/a6000_web/artifacts/offline_experiments/top_cups_01/scenes/scene_002/observation.jpg,d9dcda05-0366-41f2-b78d-0a6a14d0d663,finished,1,0,cand_001,5.80236029624939,1778233218.7126129,correct,,1778233218.7123096,,False,True,Pick up the green cup.,1,,1,0,5.80236029624939,22,,,Pick up the green cup.,scene_002::Pick up the green cup.,pick up the green cup,0,1,0,0,0,1,cup,scene_002|clear,19,13,0.3157894736842105,2
trial_20260508_184031_69b192,top_cups_01,main,scene_002,cup_only,[],Pick up the blue cup.,clear,top_score,,,,1778233233.2592485,/home/haoandong/ask2act/services/a6000_web/artifacts/offline_experiments/top_cups_01/scenes/scene_002/observation.jpg,d7a3b490-0f5e-4cfb-ad33-059f8eea5dbe,finished,1,0,cand_001,10.680567264556885,1778233243.9399898,correct,,1778233243.9397175,,False,True,Pick up the blue cup.,1,,1,0,10.680567264556885,21,,,Pick up the blue cup.,scene_002::Pick up the blue cup.,pick up the blue cup,0,1,0,0,0,1,cup,scene_002|clear,19,13,0.3157894736842105,1
trial_20260508_184053_861c55,top_cups_01,main,scene_002,cup_only,[],Pick up the metal cup.,clear,top_score,,,,1778233254.9866369,/home/haoandong/ask2act/services/a6000_web/artifacts/offline_experiments/top_cups_01/scenes/scene_002/observation.jpg,0c681de8-3200-4627-bde0-b7c532c11827,finished,1,0,cand_001,5.559582948684692,1778233260.5464113,correct,,1778233260.5461183,,False,True,Pick up the metal cup.,1,,1,0,5.559582948684692,22,,,Pick up the metal cup.,scene_002::Pick up the metal cup.,pick up the metal cup,0,0,0,0,0,0,cup,scene_002|clear,19,13,0.3157894736842105,1
trial_20260508_184144_a4b65b,top_cups_01,main,scene_002,cup_only,[],Pick up the orange cup.,partial,top_score,,,,1778233305.634564,/home/haoandong/ask2act/services/a6000_web/artifacts/offline_experiments/top_cups_01/scenes/scene_002/observation.jpg,ca989acd-c6dc-413e-96c7-35023906a23c,finished,1,0,cand_001,7.8905463218688965,1779201834.704089,wrong,,1778233313.5250118,gd_missing_target_candidate,True,True,Pick up the orange cup.,1,,0,0,7.8905463218688965,23,,,Pick up the orange cup.,scene_002::Pick up the orange cup.,pick up the orange cup,0,1,0,0,0,1,cup,scene_002|partial,19,13,0.3157894736842105,2
trial_20260508_184223_1a504c,top_cups_01,main,scene_002,cup_only,[],Pick up the cup on the left half.,partial,top_score,,,,1778233344.7991595,/home/haoandong/ask2act/services/a6000_web/artifacts/offline_experiments/top_cups_01/scenes/scene_002/observation.jpg,d580d889-3a27-443b-ac6e-e098a8cb782f,finished,1,0,cand_001,7.8737969398498535,1779201861.0003598,wrong,,1778233352.6729114,gd_missing_target_candidate,True,True,Pick up the cup on the left half.,1,,0,0,7.8737969398498535,33,,,Pick up the cup on the left half.,scene_002::Pick up the cup on the left half.,pick up the cup on the left half,0,0,1,0,0,1,cup,scene_002|partial,19,13,0.3157894736842105,1
trial_20260508_184305_05b753,top_cups_01,main,scene_002,cup_only,[],Pick up the cup near the orange one.,partial,top_score,,,,1778233386.2480729,/home/haoandong/ask2act/services/a6000_web/artifacts/offline_experiments/top_cups_01/scenes/scene_002/observation.jpg,f61dac22-7046-4bc6-82de-9b92c752fb2e,finished,0,0,,12.617941617965698,1779201929.1695576,unresolved,,1778233398.865968,gd_missing_target_candidate,True,True,Pick up the cup near the orange one.,0,,0,0,12.617941617965698,36,,,Pick up the cup near the orange one.,scene_002::Pick up the cup near the orange one.,pick up the cup near the orange one,0,1,0,1,0,1,cup,scene_002|partial,19,13,0.3157894736842105,1
trial_20260508_184355_c1791f,top_cups_01,main,scene_002,cup_only,[],Pick up my cup.,ambiguous,top_score,,,,1778233437.1497989,/home/haoandong/ask2act/services/a6000_web/artifacts/offline_experiments/top_cups_01/scenes/scene_002/observation.jpg,0a6c8852-f88b-42af-9638-bf2734268cea,finished,6,0,cand_001,7.667821407318115,1779201981.3269155,unresolved,,1778233444.8174906,ambiguity_not_solved,True,True,Pick up my cup.,6,,0,0,7.667821407318115,15,,,Pick up my cup.,scene_002::Pick up my cup.,pick up my cup,1,0,0,0,0,1,cup,scene_002|ambiguous,21,1,0.9523809523809523,21
trial_20260508_184407_dd3c46,top_cups_01,main,scene_002,cup_only,[],Pick up my cup.,ambiguous,top_score,,,,1778233448.3989856,/home/haoandong/ask2act/services/a6000_web/artifacts/offline_experiments/top_cups_01/scenes/scene_002/observation.jpg,8df316a4-237b-4572-aeda-d0311f94410e,finished,6,0,cand_001,3.066880702972412,1779201975.0926595,unresolved,,1778233451.4657516,ambiguity_not_solved,True,True,Pick up my cup.,6,,0,0,3.066880702972412,15,,,Pick up my cup.,scene_002::Pick up my cup.,pick up my cup,1,0,0,0,0,1,cup,scene_002|ambiguous,21,1,0.9523809523809523,21
trial_20260508_184413_0f9011,top_cups_01,main,scene_002,cup_only,[],Pick up my cup.,ambiguous,top_score,,,,1778233454.2511811,/home/haoandong/ask2act/services/a6000_web/artifacts/offline_experiments/top_cups_01/scenes/scene_002/observation.jpg,a1f3a752-f87b-45fc-865e-6bac25b5c19f,finished,6,0,cand_001,2.5410473346710205,1779201994.1411893,unresolved,,1778233456.7920957,ambiguity_not_solved,True,True,Pick up my cup.,6,,0,0,2.5410473346710205,15,,,Pick up my cup.,scene_002::Pick up my cup.,pick up my cup,1,0,0,0,0,1,cup,scene_002|ambiguous,21,1,0.9523809523809523,21
trial_20260508_184445_d39cf0,top_cups_01,main,scene_002,cup_only,[],Pick up my cup.,ambiguous,random_candidate,,,,1778233487.092269,/home/haoandong/ask2act/services/a6000_web/artifacts/offline_experiments/top_cups_01/scenes/scene_002/observation.jpg,06d5ae02-5de2-4f8b-8418-64bc10601b68,finished,6,0,cand_004,4.228004693984985,1778233491.3203294,correct,,1778233491.3202128,,False,True,Pick up my cup.,6,,1,0,4.228004693984985,15,,,Pick up my cup.,scene_002::Pick up my cup.,pick up my cup,1,0,0,0,0,1,cup,scene_002|ambiguous,21,1,0.9523809523809523,21
trial_20260508_184452_bc691e,top_cups_01,main,scene_002,cup_only,[],Pick up my cup.,ambiguous,random_candidate,,,,1778233493.9706883,/home/haoandong/ask2act/services/a6000_web/artifacts/offline_experiments/top_cups_01/scenes/scene_002/observation.jpg,47769675-af6f-4f3f-9a8e-9e48df6adc41,finished,6,0,cand_003,4.846075773239136,1779202023.964475,wrong,,1778233498.8166366,ambiguity_not_solved,True,True,Pick up my cup.,6,,0,0,4.846075773239136,15,,,Pick up my cup.,scene_002::Pick up my cup.,pick up my cup,1,0,0,0,0,1,cup,scene_002|ambiguous,21,1,0.9523809523809523,21
trial_20260508_184501_f2f9b5,top_cups_01,main,scene_002,cup_only,[],Pick up my cup.,ambiguous,random_candidate,,,,1778233502.425882,/home/haoandong/ask2act/services/a6000_web/artifacts/offline_experiments/top_cups_01/scenes/scene_002/observation.jpg,d7e7330f-bffa-4db1-8512-25a3f7cba700,finished,6,0,cand_006,7.000681638717651,1779202031.4802594,wrong,,1778233509.4264977,ambiguity_not_solved,True,True,Pick up my cup.,6,,0,0,7.000681638717651,15,,,Pick up my cup.,scene_002::Pick up my cup.,pick up my cup,1,0,0,0,0,1,cup,scene_002|ambiguous,21,1,0.9523809523809523,21
trial_20260508_184710_bb39e6,top_cups_01,main,scene_002,cup_only,[],Pick up left cup.,partial,random_candidate,,,,1778233632.2231033,/home/haoandong/ask2act/services/a6000_web/artifacts/offline_experiments/top_cups_01/scenes/scene_002/observation.jpg,f8a789a4-0a25-4d8c-8769-7c8d0ee425f9,finished,1,0,cand_001,4.127950191497803,1779202070.2055984,wrong,,1778233636.350994,gd_missing_target_candidate,True,True,Pick up left cup.,1,,0,0,4.127950191497803,17,,,Pick up left cup.,scene_002::Pick up left cup.,pick up left cup,0,0,1,0,0,1,cup,scene_002|partial,19,13,0.3157894736842105,3
trial_20260508_184749_924a29,top_cups_01,main,scene_002,cup_only,[],Pick up the cup near the orange cup.,partial,random_candidate,,,,1778233670.1289597,/home/haoandong/ask2act/services/a6000_web/artifacts/offline_experiments/top_cups_01/scenes/scene_002/observation.jpg,3354e260-1bf5-4778-b46d-e9f5cc64eef4,finished,0,0,,7.832909345626831,1779202088.071933,wrong,,1778233677.9618227,gd_missing_target_candidate,True,True,Pick up the cup near the orange cup.,0,,0,0,7.832909345626831,36,,,Pick up the cup near the orange cup.,scene_002::Pick up the cup near the orange cup.,pick up the cup near the orange cup,0,1,0,1,0,1,cup,scene_002|partial,19,13,0.3157894736842105,1
trial_20260508_184837_9fa5ee,top_cups_01,main,scene_002,cup_only,[],Pick up the mug.,partial,random_candidate,,,,1778233719.1384728,/home/haoandong/ask2act/services/a6000_web/artifacts/offline_experiments/top_cups_01/scenes/scene_002/observation.jpg,36b832da-65fe-49ab-a600-82ec5c7da622,finished,6,0,cand_006,4.841417551040649,1779202118.3401968,unresolved,,1778233723.9798257,ambiguity_not_solved,True,True,Pick up the mug.,6,,0,0,4.841417551040649,16,,,Pick up the mug.,scene_002::Pick up the mug.,pick up the mug,0,0,0,0,0,0,unknown,scene_002|partial,19,13,0.3157894736842105,1
trial_20260508_184925_46e3ae,top_cups_01,main,scene_002,cup_only,[],Pick up the green mug.,clear,random_candidate,,,,1778233766.2853365,/home/haoandong/ask2act/services/a6000_web/artifacts/offline_experiments/top_cups_01/scenes/scene_002/observation.jpg,db33cc26-46d1-4b40-8440-d392fa786873,finished,1,0,cand_001,3.284442901611328,1779202153.1282268,correct,,1778233769.5697348,,True,True,Pick up the green mug.,1,,1,0,3.284442901611328,22,,,Pick up the green mug.,scene_002::Pick up the green mug.,pick up the green mug,0,1,0,0,0,1,unknown,scene_002|clear,19,13,0.3157894736842105,2
trial_20260508_184953_bb19c0,top_cups_01,main,scene_002,cup_only,[],Pick up the green mug.,clear,random_candidate,,,,1778233794.8033555,/home/haoandong/ask2act/services/a6000_web/artifacts/offline_experiments/top_cups_01/scenes/scene_002/observation.jpg,dd689c40-7fda-4ef5-be58-4145367cd289,finished,1,0,cand_001,2.7539050579071045,1778233797.5573196,correct,,1778233797.5572145,,False,True,Pick up the green mug.,1,,1,0,2.7539050579071045,22,,,Pick up the green mug.,scene_002::Pick up the green mug.,pick up the green mug,0,1,0,0,0,1,unknown,scene_002|clear,19,13,0.3157894736842105,2
trial_20260508_185005_85c636,top_cups_01,main,scene_002,cup_only,[],Pick up the left most mug.,clear,random_candidate,,,,1778233806.6143148,/home/haoandong/ask2act/services/a6000_web/artifacts/offline_experiments/top_cups_01/scenes/scene_002/observation.jpg,4394148a-bd49-4443-a76c-b0cb00749c9e,finished,1,0,cand_001,4.636697292327881,1778233811.2510722,correct,,1778233811.250964,,False,True,Pick up the left most mug.,1,,1,0,4.636697292327881,26,,,Pick up the left most mug.,scene_002::Pick up the left most mug.,pick up the left most mug,0,0,1,0,0,1,unknown,scene_002|clear,19,13,0.3157894736842105,1
trial_20260508_185856_a28e9e,top_cups_01,main,scene_002,cup_only,[],Pick up the right orange cup.,clear,random_candidate,,,,1778234342.5634336,/home/haoandong/ask2act/services/a6000_web/artifacts/offline_experiments/top_cups_01/scenes/scene_002/observation.jpg,81fb6377-ed39-4d35-9e69-378caae9646e,finished,1,0,cand_001,6.882123947143555,1778234349.4456148,correct,,1778234349.445508,,False,True,Pick up the right orange cup.,1,,1,0,6.882123947143555,29,,,Pick up the right orange cup.,scene_002::Pick up the right orange cup.,pick up the right orange cup,0,1,1,0,0,1,cup,scene_002|clear,19,13,0.3157894736842105,1
trial_20260508_190606_afedca,top_cups_01,main,scene_002,cup_only,[],Pick up the green cup.,clear,vlm_direct,,,,1778234771.8413367,/home/haoandong/ask2act/services/a6000_web/artifacts/offline_experiments/top_cups_01/scenes/scene_002/observation.jpg,4f82545e-422c-4788-921d-6aa70a6f390b,finished,1,0,cand_001,6.025718688964844,1778234777.8671079,correct,,1778234777.8670087,,False,True,Pick up the green cup.,1,,1,0,6.025718688964844,22,,,Pick up the green cup.,scene_002::Pick up the green cup.,pick up the green cup,0,1,0,0,0,1,cup,scene_002|clear,19,13,0.3157894736842105,2
trial_20260508_190634_ff8635,top_cups_01,main,scene_002,cup_only,[],Pick up the left orange cup.,clear,vlm_direct,,,,1778234795.421003,/home/haoandong/ask2act/services/a6000_web/artifacts/offline_experiments/top_cups_01/scenes/scene_002/observation.jpg,9a34b154-8240-4e13-a4d0-eb58c0f1e53e,finished,1,0,cand_001,4.226349830627441,1778234799.6475406,correct,,1778234799.6472502,,False,True,Pick up the left orange cup.,1,,1,0,4.226349830627441,28,,,Pick up the left orange cup.,scene_002::Pick up the left orange cup.,pick up the left orange cup,0,1,1,0,0,1,cup,scene_002|clear,19,13,0.3157894736842105,1
trial_20260508_190807_5c5eef,top_cups_01,main,scene_002,cup_only,[],Pick up the orange cup.,partial,vlm_direct,,,,1778234888.9895644,/home/haoandong/ask2act/services/a6000_web/artifacts/offline_experiments/top_cups_01/scenes/scene_002/observation.jpg,31c33db0-711d-4b47-b4ed-63d62e505659,finished,1,0,cand_001,4.277362823486328,1779202231.977254,wrong,,1778234893.2668786,gd_missing_target_candidate,True,True,Pick up the orange cup.,1,,0,0,4.277362823486328,23,,,Pick up the orange cup.,scene_002::Pick up the orange cup.,pick up the orange cup,0,1,0,0,0,1,cup,scene_002|partial,19,13,0.3157894736842105,2
trial_20260508_190827_0e0912,top_cups_01,main,scene_002,cup_only,[],Pick up the cup with lid.,partial,vlm_direct,,,,1778234987.2873235,/home/haoandong/ask2act/services/a6000_web/artifacts/offline_experiments/top_cups_01/scenes/scene_002/observation.jpg,827a9ac8-0a81-4d26-b306-a612744c6802,finished,6,0,cand_001,9.017625093460083,1779202250.5935192,wrong,,1778234996.3048167,wrong_object_selected,True,True,Pick up the cup with lid.,6,,0,0,9.017625093460083,25,,,Pick up the cup with lid.,scene_002::Pick up the cup with lid.,pick up the cup with lid,0,0,0,0,0,0,cup,scene_002|partial,19,13,0.3157894736842105,1
trial_20260508_190926_3ee83e,top_cups_01,main,scene_002,cup_only,[],Pick up the cup on the left.,partial,vlm_direct,,,,1778235089.5279403,/home/haoandong/ask2act/services/a6000_web/artifacts/offline_experiments/top_cups_01/scenes/scene_002/observation.jpg,e2027ac4-77e0-4a55-8efe-93e17520c9f9,finished,6,0,cand_001,5.670060873031616,1779202286.1146963,wrong,,1778235095.1979387,ambiguity_not_solved,True,True,Pick up the cup on the left.,6,,0,0,5.670060873031616,28,,,Pick up the cup on the left.,scene_002::Pick up the cup on the left.,pick up the cup on the left,0,0,1,0,0,1,cup,scene_002|partial,19,13,0.3157894736842105,1
trial_20260508_191018_5aa70e,top_cups_01,main,scene_002,cup_only,[],Pick up top half cup.,partial,vlm_direct,,,,1778235020.1358035,/home/haoandong/ask2act/services/a6000_web/artifacts/offline_experiments/top_cups_01/scenes/scene_002/observation.jpg,a6a38106-b063-4a08-a32c-8a66dc4af28a,finished,1,0,cand_001,6.823324680328369,1779202314.4481888,wrong,,1778235026.9590797,gd_missing_target_candidate,True,True,Pick up top half cup.,1,,0,0,6.823324680328369,21,,,Pick up top half cup.,scene_002::Pick up top half cup.,pick up top half cup,0,0,1,0,0,1,cup,scene_002|partial,19,13,0.3157894736842105,1
trial_20260508_191146_80d4aa,top_cups_01,main,scene_002,cup_only,[],Pick up my cup.,ambiguous,vlm_direct,,,,1778235172.0637577,/home/haoandong/ask2act/services/a6000_web/artifacts/offline_experiments/top_cups_01/scenes/scene_002/observation.jpg,a6ab500d-9d63-4751-86d8-bd703ec43911,finished,6,0,cand_001,20.75725030899048,1779202339.8312073,wrong,,1778235192.8209467,ambiguity_not_solved,True,True,Pick up my cup.,6,,0,0,20.75725030899048,15,,,Pick up my cup.,scene_002::Pick up my cup.,pick up my cup,1,0,0,0,0,1,cup,scene_002|ambiguous,21,1,0.9523809523809523,21
trial_20260508_191316_09baac,top_cups_01,main,scene_002,cup_only,[],Pick up my cup.,ambiguous,vlm_direct,,,,1778235244.1275294,/home/haoandong/ask2act/services/a6000_web/artifacts/offline_experiments/top_cups_01/scenes/scene_002/observation.jpg,b900bda4-3a4f-48e1-ba57-f55238806d2f,finished,6,0,cand_001,7.084821939468384,1779202354.3170695,wrong,,1778235251.212227,ambiguity_not_solved,True,True,Pick up my cup.,6,,0,0,7.084821939468384,15,,,Pick up my cup.,scene_002::Pick up my cup.,pick up my cup,1,0,0,0,0,1,cup,scene_002|ambiguous,21,1,0.9523809523809523,21
trial_20260508_191459_14f27b,top_cups_01,main,scene_002,cup_only,[],Pick up my cup.,ambiguous,vlm_direct,,,,1778235346.887743,/home/haoandong/ask2act/services/a6000_web/artifacts/offline_experiments/top_cups_01/scenes/scene_002/observation.jpg,d617ec04-c34b-49a2-82ae-73364cd6ca2c,finished,6,0,cand_001,4.541513442993164,1779202364.135325,wrong,,1778235351.4291224,ambiguity_not_solved,True,True,Pick up my cup.,6,,0,0,4.541513442993164,15,,,Pick up my cup.,scene_002::Pick up my cup.,pick up my cup,1,0,0,0,0,1,cup,scene_002|ambiguous,21,1,0.9523809523809523,21
trial_20260508_191645_ecf5a0,top_cups_01,main,scene_002,cup_only,[],Pick up right orange cup.,clear,first_question,,,,1778235406.7432601,/home/haoandong/ask2act/services/a6000_web/artifacts/offline_experiments/top_cups_01/scenes/scene_002/observation.jpg,5f2f577d-21e4-4ffc-bf32-08a585f00ef5,finished,1,0,cand_001,5.958927869796753,1778235412.7022395,correct,,1778235412.70214,,False,True,Pick up right orange cup.,1,,1,0,5.958927869796753,25,,,Pick up right orange cup.,scene_002::Pick up right orange cup.,pick up right orange cup,0,1,1,0,0,1,cup,scene_002|clear,19,13,0.3157894736842105,1
trial_20260508_191750_38d292,top_cups_01,main,scene_002,cup_only,[],Pick up metal cup.,clear,first_question,,,,1778235471.9770331,/home/haoandong/ask2act/services/a6000_web/artifacts/offline_experiments/top_cups_01/scenes/scene_002/observation.jpg,e7cc7e23-5ee7-48e5-9d92-4684d7575f51,finished,1,0,cand_001,4.096874713897705,1778235476.0739667,correct,,1778235476.073866,,False,True,Pick up metal cup.,1,,1,0,4.096874713897705,18,,,Pick up metal cup.,scene_002::Pick up metal cup.,pick up metal cup,0,0,0,0,0,0,cup,scene_002|clear,19,13,0.3157894736842105,3
trial_20260508_191821_3d4888,top_cups_01,main,scene_002,cup_only,[],Pick up center cup.,partial,first_question,,,,1778235612.4790337,/home/haoandong/ask2act/services/a6000_web/artifacts/offline_experiments/top_cups_01/scenes/scene_002/observation.jpg,230b9ce4-2034-4681-9912-0f055c29a847,finished,6,2,cand_004,107.44334578514099,1778235719.9224305,correct,,1778235719.9223113,,False,True,Pick up center cup.,6,,1,2,107.44334578514099,19,,,Pick up center cup.,scene_002::Pick up center cup.,pick up center cup,0,0,1,0,0,1,cup,scene_002|partial,19,13,0.3157894736842105,4
trial_20260508_192223_b502b5,top_cups_01,main,scene_002,cup_only,[],Pick up left cup.,partial,first_question,,,,1778235745.0307243,/home/haoandong/ask2act/services/a6000_web/artifacts/offline_experiments/top_cups_01/scenes/scene_002/observation.jpg,8b06e7ba-4474-45fc-9598-33a2d41c3554,finished,1,0,cand_001,16.409782648086548,1778235761.4405637,correct,,1778235761.4404593,,False,True,Pick up left cup.,1,,1,0,16.409782648086548,17,,,Pick up left cup.,scene_002::Pick up left cup.,pick up left cup,0,0,1,0,0,1,cup,scene_002|partial,19,13,0.3157894736842105,3
trial_20260508_192302_c2c6f2,top_cups_01,main,scene_002,cup_only,[],Pick up plastic cup.,partial,first_question,,,,1778235805.9661503,/home/haoandong/ask2act/services/a6000_web/artifacts/offline_experiments/top_cups_01/scenes/scene_002/observation.jpg,44c9ddac-90a0-44c0-9ff2-511d25c8e9db,finished,6,4,cand_006,175.69404411315918,1778235981.6603594,correct,,1778235981.6600504,,False,True,Pick up plastic cup.,6,,1,4,175.69404411315918,20,,,Pick up plastic cup.,scene_002::Pick up plastic cup.,pick up plastic cup,0,0,0,0,0,0,cup,scene_002|partial,19,13,0.3157894736842105,1
trial_20260508_194929_42aaf6,top_cups_01,main,scene_002,cup_only,[],Pick up my cup.,ambiguous,first_question,,,,1778237415.4575748,/home/haoandong/ask2act/services/a6000_web/artifacts/offline_experiments/top_cups_01/scenes/scene_002/observation.jpg,44c4f19f-fdde-4fe9-8795-f26ade8c8b12,finished,6,5,cand_004,513.362330198288,1778237928.8200016,correct,,1778237928.8198,,False,True,Pick up my cup.,6,,1,5,513.362330198288,15,,,Pick up my cup.,scene_002::Pick up my cup.,pick up my cup,1,0,0,0,0,1,cup,scene_002|ambiguous,21,1,0.9523809523809523,21
trial_20260508_211823_dec7ef,top_cups_01,main,scene_002,cup_only,[],Pick up my cup,ambiguous,first_question,,,,1778242704.227616,/home/haoandong/ask2act/services/a6000_web/artifacts/offline_experiments/top_cups_01/scenes/scene_002/observation.jpg,306802f1-38b8-44af-8bfc-ae6638fa0569,finished,6,1,cand_001,73.69696187973022,1778242777.9247873,correct,,1778242777.9244354,,False,True,Pick up my cup,6,,1,1,73.69696187973022,14,,,Pick up my cup,scene_002::Pick up my cup,pick up my cup,1,0,0,0,0,1,cup,scene_002|ambiguous,21,1,0.9523809523809523,21
trial_20260508_212710_9c59d4,top_cups_01,main,scene_002,cup_only,[],Pick up my cup,ambiguous,first_question,,,,1778243231.787893,/home/haoandong/ask2act/services/a6000_web/artifacts/offline_experiments/top_cups_01/scenes/scene_002/observation.jpg,8ed473cb-9b96-431a-83f4-e3339a3078bc,finished,6,5,cand_004,278.04326844215393,1778243509.8313608,correct,,1778243509.8310041,,False,True,Pick up my cup,6,,1,5,278.04326844215393,14,,,Pick up my cup,scene_002::Pick up my cup,pick up my cup,1,0,0,0,0,1,cup,scene_002|ambiguous,21,1,0.9523809523809523,21
trial_20260508_213201_777af7,top_cups_01,main,scene_002,cup_only,[],Pick up my cup,ambiguous,random_question,,,,1778243522.2041156,/home/haoandong/ask2act/services/a6000_web/artifacts/offline_experiments/top_cups_01/scenes/scene_002/observation.jpg,aa74b85b-815e-4d46-aed1-af1473d38983,finished,6,4,cand_003,236.15296697616577,1778243758.3572893,correct,,1778243758.3569272,,False,True,Pick up my cup,6,,1,4,236.15296697616577,14,,,Pick up my cup,scene_002::Pick up my cup,pick up my cup,1,0,0,0,0,1,cup,scene_002|ambiguous,21,1,0.9523809523809523,21
trial_20260508_214002_93100d,top_cups_01,main,scene_002,cup_only,[],Pick up my cup.,ambiguous,random_question,,,,1778244003.2197492,/home/haoandong/ask2act/services/a6000_web/artifacts/offline_experiments/top_cups_01/scenes/scene_002/observation.jpg,de1315f3-a20f-4c7a-8e04-87141a792718,finished,6,4,cand_004,262.85304284095764,1778244266.0729978,correct,,1778244266.0726347,,False,True,Pick up my cup.,6,,1,4,262.85304284095764,15,,,Pick up my cup.,scene_002::Pick up my cup.,pick up my cup,1,0,0,0,0,1,cup,scene_002|ambiguous,21,1,0.9523809523809523,21
trial_20260508_214430_cf471e,top_cups_01,main,scene_002,cup_only,[],Pick up my cup.,ambiguous,random_question,,,,1778244270.9134402,/home/haoandong/ask2act/services/a6000_web/artifacts/offline_experiments/top_cups_01/scenes/scene_002/observation.jpg,64a7afcf-cc35-483d-b8be-582e05aaf8b5,finished,6,2,cand_006,93.00843858718872,1778244363.9220726,correct,,1778244363.9217367,,False,True,Pick up my cup.,6,,1,2,93.00843858718872,15,,,Pick up my cup.,scene_002::Pick up my cup.,pick up my cup,1,0,0,0,0,1,cup,scene_002|ambiguous,21,1,0.9523809523809523,21
trial_20260508_214623_93cb9d,top_cups_01,main,scene_002,cup_only,[],Pick up green cup.,clear,random_question,,,,1778244384.4560213,/home/haoandong/ask2act/services/a6000_web/artifacts/offline_experiments/top_cups_01/scenes/scene_002/observation.jpg,a64cd89b-0bb0-4a44-9d56-3829104d5d17,finished,1,0,cand_001,5.998768091201782,1778244390.4549785,correct,,1778244390.4545603,,False,True,Pick up green cup.,1,,1,0,5.998768091201782,18,,,Pick up green cup.,scene_002::Pick up green cup.,pick up green cup,0,1,0,0,0,1,cup,scene_002|clear,19,13,0.3157894736842105,3
trial_20260508_214645_15169e,top_cups_01,main,scene_002,cup_only,[],Pick up most left cup.,clear,random_question,,,,1778244406.929483,/home/haoandong/ask2act/services/a6000_web/artifacts/offline_experiments/top_cups_01/scenes/scene_002/observation.jpg,e2c93283-edcb-45d3-a726-19da80a2a610,finished,1,0,cand_001,3.7418978214263916,1778244410.6715677,correct,,1778244410.67129,,False,True,Pick up most left cup.,1,,1,0,3.7418978214263916,22,,,Pick up most left cup.,scene_002::Pick up most left cup.,pick up most left cup,0,0,1,0,0,1,cup,scene_002|clear,19,13,0.3157894736842105,1
trial_20260508_214701_c0e51a,top_cups_01,main,scene_002,cup_only,[],Pick up metal cup.,clear,random_question,,,,1778244422.9519353,/home/haoandong/ask2act/services/a6000_web/artifacts/offline_experiments/top_cups_01/scenes/scene_002/observation.jpg,2e671b14-1103-4335-9d3a-1c16a8a50dee,finished,1,0,cand_001,14.946247100830078,1778244437.8983746,correct,,1778244437.898089,,False,True,Pick up metal cup.,1,,1,0,14.946247100830078,18,,,Pick up metal cup.,scene_002::Pick up metal cup.,pick up metal cup,0,0,0,0,0,0,cup,scene_002|clear,19,13,0.3157894736842105,3
trial_20260508_214756_539ded,top_cups_01,main,scene_002,cup_only,[],Pick up center cup.,partial,random_question,,,,1778244476.96155,/home/haoandong/ask2act/services/a6000_web/artifacts/offline_experiments/top_cups_01/scenes/scene_002/observation.jpg,53511896-80c6-4960-8c7e-03cef67e7f68,finished,6,1,,266.3966100215912,1779202417.7504144,unresolved,,1778244743.3580287,wrong_object_selected,True,True,Pick up center cup.,6,,0,1,266.3966100215912,19,,,Pick up center cup.,scene_002::Pick up center cup.,pick up center cup,0,0,1,0,0,1,cup,scene_002|partial,19,13,0.3157894736842105,4
trial_20260508_215233_0aefda,top_cups_01,main,scene_002,cup_only,[],Pick up left cup.,partial,random_question,,,,1778244754.5349953,/home/haoandong/ask2act/services/a6000_web/artifacts/offline_experiments/top_cups_01/scenes/scene_002/observation.jpg,b9567c39-e71d-4dc7-96f1-ed02da54884d,finished,1,0,cand_001,5.524073839187622,1779202439.5204577,correct,,1778244760.0589736,,True,True,Pick up left cup.,1,,1,0,5.524073839187622,17,,,Pick up left cup.,scene_002::Pick up left cup.,pick up left cup,0,0,1,0,0,1,cup,scene_002|partial,19,13,0.3157894736842105,3
trial_20260508_215321_0c22b1,top_cups_01,main,scene_002,cup_only,[],Pick up center cup.,partial,vlm_best_question,,,,1778244802.797452,/home/haoandong/ask2act/services/a6000_web/artifacts/offline_experiments/top_cups_01/scenes/scene_002/observation.jpg,24f95878-fae2-4449-ab14-5d1a753eacdd,finished,6,2,cand_004,185.9196972846985,1778244988.717347,correct,,1778244988.7170022,,False,True,Pick up center cup.,6,,1,2,185.9196972846985,19,,,Pick up center cup.,scene_002::Pick up center cup.,pick up center cup,0,0,1,0,0,1,cup,scene_002|partial,19,13,0.3157894736842105,4
trial_20260508_215651_aff17e,top_cups_01,main,scene_002,cup_only,[],Pick up center orange cup.,partial,vlm_best_question,,,,1778245012.7639189,/home/haoandong/ask2act/services/a6000_web/artifacts/offline_experiments/top_cups_01/scenes/scene_002/observation.jpg,97e6348c-5eb0-41c7-bfb0-7e9304a66ae7,finished,1,0,cand_001,4.404627799987793,1778245017.1687436,correct,,1778245017.1684508,,False,True,Pick up center orange cup.,1,,1,0,4.404627799987793,26,,,Pick up center orange cup.,scene_002::Pick up center orange cup.,pick up center orange cup,0,1,1,0,0,1,cup,scene_002|partial,19,13,0.3157894736842105,1
trial_20260508_215710_f9f36b,top_cups_01,main,scene_002,cup_only,[],Pick up green cup.,clear,vlm_best_question,,,,1778245031.1820734,/home/haoandong/ask2act/services/a6000_web/artifacts/offline_experiments/top_cups_01/scenes/scene_002/observation.jpg,739efc7a-78d8-4f50-8b2e-d2a81a82576f,finished,1,0,cand_001,2.969459295272827,1778245034.1517236,correct,,1778245034.1514406,,False,True,Pick up green cup.,1,,1,0,2.969459295272827,18,,,Pick up green cup.,scene_002::Pick up green cup.,pick up green cup,0,1,0,0,0,1,cup,scene_002|clear,19,13,0.3157894736842105,3
trial_20260508_215722_31122c,top_cups_01,main,scene_002,cup_only,[],Pick up blue cup.,clear,vlm_best_question,,,,1778245043.4142919,/home/haoandong/ask2act/services/a6000_web/artifacts/offline_experiments/top_cups_01/scenes/scene_002/observation.jpg,a91a6414-165a-45d9-947e-37f6471b3823,finished,1,0,cand_001,2.682189464569092,1778245046.0966682,correct,,1778245046.0963924,,False,True,Pick up blue cup.,1,,1,0,2.682189464569092,17,,,Pick up blue cup.,scene_002::Pick up blue cup.,pick up blue cup,0,1,0,0,0,1,cup,scene_002|clear,19,13,0.3157894736842105,1
trial_20260508_215733_2bbf39,top_cups_01,main,scene_002,cup_only,[],Pick up metal cup.,clear,vlm_best_question,,,,1778245054.417792,/home/haoandong/ask2act/services/a6000_web/artifacts/offline_experiments/top_cups_01/scenes/scene_002/observation.jpg,d5ffa364-0bce-4367-879e-0b1f749ecaf3,finished,1,0,cand_001,3.274428606033325,1778245057.692409,correct,,1778245057.6921277,,False,True,Pick up metal cup.,1,,1,0,3.274428606033325,18,,,Pick up metal cup.,scene_002::Pick up metal cup.,pick up metal cup,0,0,0,0,0,0,cup,scene_002|clear,19,13,0.3157894736842105,3
trial_20260508_215809_9d7555,top_cups_01,main,scene_002,cup_only,[],Pick up my cup.,ambiguous,vlm_best_question,,,,1778245090.1314678,/home/haoandong/ask2act/services/a6000_web/artifacts/offline_experiments/top_cups_01/scenes/scene_002/observation.jpg,5ae6db67-d3da-49b1-abff-50f88c0e292a,finished,6,5,cand_004,289.5969150066376,1778245379.7285733,correct,,1778245379.72823,,False,True,Pick up my cup.,6,,1,5,289.5969150066376,15,,,Pick up my cup.,scene_002::Pick up my cup.,pick up my cup,1,0,0,0,0,1,cup,scene_002|ambiguous,21,1,0.9523809523809523,21
trial_20260508_220847_e5baad,top_cups_01,main,scene_002,cup_only,[],Pick up my cup.,ambiguous,vlm_best_question,,,,1778245727.9248173,/home/haoandong/ask2act/services/a6000_web/artifacts/offline_experiments/top_cups_01/scenes/scene_002/observation.jpg,319c3b31-0173-4b6f-a892-8f4944ef0ed0,finished,6,3,cand_006,188.78529739379883,1778245916.7103229,correct,,1778245916.7099626,,False,True,Pick up my cup.,6,,1,3,188.78529739379883,15,,,Pick up my cup.,scene_002::Pick up my cup.,pick up my cup,1,0,0,0,0,1,cup,scene_002|ambiguous,21,1,0.9523809523809523,21
trial_20260508_221646_f58089,top_cups_01,main,scene_002,cup_only,[],Pick up my cup.,ambiguous,vlm_best_question,,,,1778246206.9819732,/home/haoandong/ask2act/services/a6000_web/artifacts/offline_experiments/top_cups_01/scenes/scene_002/observation.jpg,e6af8936-42d7-410e-b250-04ca8f9a2759,finished,6,4,cand_004,191.76629281044006,1778246398.7484674,correct,,1778246398.748115,,False,True,Pick up my cup.,6,,1,4,191.76629281044006,15,,,Pick up my cup.,scene_002::Pick up my cup.,pick up my cup,1,0,0,0,0,1,cup,scene_002|ambiguous,21,1,0.9523809523809523,21
trial_20260508_222017_8b84cf,top_cups_01,main,scene_002,cup_only,[],Pick up green cup.,clear,proposed_efe,,,,1778246418.318718,/home/haoandong/ask2act/services/a6000_web/artifacts/offline_experiments/top_cups_01/scenes/scene_002/observation.jpg,419a816b-4c53-4ef6-8ae6-7f4f2d32a998,finished,1,0,cand_001,3.422074794769287,1778246421.7409527,correct,,1778246421.7407131,,False,True,Pick up green cup.,1,,1,0,3.422074794769287,18,,,Pick up green cup.,scene_002::Pick up green cup.,pick up green cup,0,1,0,0,0,1,cup,scene_002|clear,19,13,0.3157894736842105,3
trial_20260508_222058_debc44,top_cups_01,main,scene_002,cup_only,[],Pick up most metal cup.,clear,proposed_efe,,,,1778246459.707357,/home/haoandong/ask2act/services/a6000_web/artifacts/offline_experiments/top_cups_01/scenes/scene_002/observation.jpg,53df82b6-e749-41b8-a0c5-517da0c9f087,finished,1,0,cand_001,5.957790374755859,1778246465.6653376,correct,,1778246465.6650517,,False,True,Pick up most metal cup.,1,,1,0,5.957790374755859,23,,,Pick up most metal cup.,scene_002::Pick up most metal cup.,pick up most metal cup,0,0,0,0,0,0,cup,scene_002|clear,19,13,0.3157894736842105,1
trial_20260508_222117_b8a639,top_cups_01,main,scene_002,cup_only,[],Pick up most center cup.,partial,proposed_efe,,,,1778246478.303416,/home/haoandong/ask2act/services/a6000_web/artifacts/offline_experiments/top_cups_01/scenes/scene_002/observation.jpg,87231e05-0e26-4e4a-858d-2e72d4ecea41,finished,1,0,cand_001,27.045398950576782,1779202485.77912,wrong,,1778246505.3487198,,True,True,Pick up most center cup.,1,,0,0,27.045398950576782,24,,,Pick up most center cup.,scene_002::Pick up most center cup.,pick up most center cup,0,0,1,0,0,1,cup,scene_002|partial,19,13,0.3157894736842105,1
trial_20260508_222202_08cdcb,top_cups_01,main,scene_002,cup_only,[],Pick up center cup.,partial,proposed_efe,,,,1778246523.6343849,/home/haoandong/ask2act/services/a6000_web/artifacts/offline_experiments/top_cups_01/scenes/scene_002/observation.jpg,4da16263-5046-41dd-9961-66c07146a7b4,finished,6,2,cand_004,157.2825870513916,1778246680.917174,correct,,1778246680.9168282,,False,True,Pick up center cup.,6,,1,2,157.2825870513916,19,,,Pick up center cup.,scene_002::Pick up center cup.,pick up center cup,0,0,1,0,0,1,cup,scene_002|partial,19,13,0.3157894736842105,4
trial_20260508_222713_cbd8e6,top_cups_01,main,scene_002,cup_only,[],Pick up my cup.,ambiguous,proposed_efe,,,,1778246834.278659,/home/haoandong/ask2act/services/a6000_web/artifacts/offline_experiments/top_cups_01/scenes/scene_002/observation.jpg,2aff9d31-5d08-48ab-8fad-02b43cf6600e,finished,6,2,cand_004,113.72074007987976,1778246947.9995992,correct,,1778246947.99926,,False,True,Pick up my cup.,6,,1,2,113.72074007987976,15,,,Pick up my cup.,scene_002::Pick up my cup.,pick up my cup,1,0,0,0,0,1,cup,scene_002|ambiguous,21,1,0.9523809523809523,21
trial_20260508_222918_5f2775,top_cups_01,main,scene_002,cup_only,[],Pick up my cup.,ambiguous,proposed_efe,,,,1778246959.6467142,/home/haoandong/ask2act/services/a6000_web/artifacts/offline_experiments/top_cups_01/scenes/scene_002/observation.jpg,2cd5433e-c13c-48d8-9fed-450dd0ca5a22,finished,6,2,cand_003,107.26317167282104,1778247066.910083,correct,,1778247066.9097428,,False,True,Pick up my cup.,6,,1,2,107.26317167282104,15,,,Pick up my cup.,scene_002::Pick up my cup.,pick up my cup,1,0,0,0,0,1,cup,scene_002|ambiguous,21,1,0.9523809523809523,21
trial_20260508_223127_f7f7d7,top_cups_01,main,scene_002,cup_only,[],Pick up my cup.,ambiguous,proposed_efe,,,,1778247087.9285924,/home/haoandong/ask2act/services/a6000_web/artifacts/offline_experiments/top_cups_01/scenes/scene_002/observation.jpg,8b1f6869-f0c7-4c5b-9e5b-b6d399f53d74,finished,6,4,cand_006,164.24932432174683,1778247252.1781216,correct,,1778247252.1777673,,False,True,Pick up my cup.,6,,1,4,164.24932432174683,15,,,Pick up my cup.,scene_002::Pick up my cup.,pick up my cup,1,0,0,0,0,1,cup,scene_002|ambiguous,21,1,0.9523809523809523,21
trial_20260510_170814_dc7d21,top_cups_01,main,scene_003,cup_only,[],Pick up the green cup.,clear,top_score,,,,1778400495.9982371,/home/haoandong/ask2act/services/a6000_web/artifacts/offline_experiments/top_cups_01/scenes/scene_003/observation.jpg,0fc771f0-4804-4931-9088-050b0b637895,finished,1,0,cand_001,6.425703048706055,1778400502.4241438,correct,,1778400502.4238417,,False,True,Pick up the green cup.,1,,1,0,6.425703048706055,22,,,Pick up the green cup.,scene_003::Pick up the green cup.,pick up the green cup,0,1,0,0,0,1,cup,scene_003|clear,17,10,0.4117647058823529,1
trial_20260510_170903_a99574,top_cups_01,main,scene_003,cup_only,[],Pick up the orange cup.,clear,top_score,,,,1778400545.1716409,/home/haoandong/ask2act/services/a6000_web/artifacts/offline_experiments/top_cups_01/scenes/scene_003/observation.jpg,96b8d2dd-84e4-4669-9dd1-89d20f692728,finished,1,0,cand_001,3.3978328704833984,1778400548.5696647,correct,,1778400548.5693717,,False,True,Pick up the orange cup.,1,,1,0,3.3978328704833984,23,,,Pick up the orange cup.,scene_003::Pick up the orange cup.,pick up the orange cup,0,1,0,0,0,1,cup,scene_003|clear,17,10,0.4117647058823529,1
trial_20260510_170921_4b72ac,top_cups_01,main,scene_003,cup_only,[],Pick up the metal cup.,clear,top_score,,,,1778400562.5076547,/home/haoandong/ask2act/services/a6000_web/artifacts/offline_experiments/top_cups_01/scenes/scene_003/observation.jpg,ed9b5fd1-b920-48f7-9d9e-6ff805017202,finished,1,0,cand_001,5.751497507095337,1778400568.2593482,correct,,1778400568.2590508,,False,True,Pick up the metal cup.,1,,1,0,5.751497507095337,22,,,Pick up the metal cup.,scene_003::Pick up the metal cup.,pick up the metal cup,0,0,0,0,0,0,cup,scene_003|clear,17,10,0.4117647058823529,1
trial_20260510_171035_9ed257,top_cups_01,main,scene_003,cup_only,[],Pick up the center cup.,partial,top_score,,,,1778400636.6301594,/home/haoandong/ask2act/services/a6000_web/artifacts/offline_experiments/top_cups_01/scenes/scene_003/observation.jpg,735e553e-72dd-4c11-9078-4d1a3e2f345a,finished,1,0,cand_001,5.4846155643463135,1778400642.1149812,correct,,1778400642.1146708,,False,True,Pick up the center cup.,1,,1,0,5.4846155643463135,23,,,Pick up the center cup.,scene_003::Pick up the center cup.,pick up the center cup,0,0,1,0,0,1,cup,scene_003|partial,17,13,0.23529411764705888,2
trial_20260510_171233_489816,top_cups_01,main,scene_003,cup_only,[],Pick up my cup.,ambiguous,top_score,,,,1778400754.7970736,/home/haoandong/ask2act/services/a6000_web/artifacts/offline_experiments/top_cups_01/scenes/scene_003/observation.jpg,bb898a39-0762-4b27-81ae-1f7a8572c4b0,finished,6,0,cand_001,3.5142428874969482,1779202530.450517,wrong,,1778400758.311188,ambiguity_not_solved,True,True,Pick up my cup.,6,,0,0,3.5142428874969482,15,,,Pick up my cup.,scene_003::Pick up my cup.,pick up my cup,1,0,0,0,0,1,cup,scene_003|ambiguous,19,1,0.9473684210526316,19
trial_20260510_171239_f46d33,top_cups_01,main,scene_003,cup_only,[],Pick up my cup.,ambiguous,top_score,,,,1778400760.7990298,/home/haoandong/ask2act/services/a6000_web/artifacts/offline_experiments/top_cups_01/scenes/scene_003/observation.jpg,0a92bf8d-ed2a-4151-a0af-1ff1ae07764c,finished,6,0,cand_001,2.8500938415527344,1779202539.7348204,wrong,,1778400763.6489935,,True,True,Pick up my cup.,6,,0,0,2.8500938415527344,15,,,Pick up my cup.,scene_003::Pick up my cup.,pick up my cup,1,0,0,0,0,1,cup,scene_003|ambiguous,19,1,0.9473684210526316,19
trial_20260510_171320_586a1c,top_cups_01,main,scene_003,cup_only,[],Pick up my cup.,ambiguous,random_candidate,,,,1778400800.974377,/home/haoandong/ask2act/services/a6000_web/artifacts/offline_experiments/top_cups_01/scenes/scene_003/observation.jpg,6fa98d0e-a5fd-4f2f-8a8c-175912e7d51e,finished,6,0,cand_001,7.752830982208252,1779202545.991996,wrong,,1778400808.7271056,,True,True,Pick up my cup.,6,,0,0,7.752830982208252,15,,,Pick up my cup.,scene_003::Pick up my cup.,pick up my cup,1,0,0,0,0,1,cup,scene_003|ambiguous,19,1,0.9473684210526316,19
trial_20260510_171329_cb093a,top_cups_01,main,scene_003,cup_only,[],Pick up my cup.,ambiguous,random_candidate,,,,1778400810.2047923,/home/haoandong/ask2act/services/a6000_web/artifacts/offline_experiments/top_cups_01/scenes/scene_003/observation.jpg,03029983-f87b-4b47-be10-368aa7c1d703,finished,6,0,cand_004,6.779366493225098,1779202563.8203967,wrong,,1778400816.9839988,ambiguity_not_solved,True,True,Pick up my cup.,6,,0,0,6.779366493225098,15,,,Pick up my cup.,scene_003::Pick up my cup.,pick up my cup,1,0,0,0,0,1,cup,scene_003|ambiguous,19,1,0.9473684210526316,19
trial_20260510_171338_050a67,top_cups_01,main,scene_003,cup_only,[],Pick up my cup.,ambiguous,random_candidate,,,,1778400818.9340823,/home/haoandong/ask2act/services/a6000_web/artifacts/offline_experiments/top_cups_01/scenes/scene_003/observation.jpg,f410f45b-cd3f-4482-abf2-4d55ccae8911,finished,6,0,cand_004,3.1627259254455566,1779202572.0090919,wrong,,1778400822.0967424,ambiguity_not_solved,True,True,Pick up my cup.,6,,0,0,3.1627259254455566,15,,,Pick up my cup.,scene_003::Pick up my cup.,pick up my cup,1,0,0,0,0,1,cup,scene_003|ambiguous,19,1,0.9473684210526316,19
trial_20260510_171356_10b254,top_cups_01,main,scene_003,cup_only,[],Pick up center cup.,partial,random_candidate,,,,1778400837.184887,/home/haoandong/ask2act/services/a6000_web/artifacts/offline_experiments/top_cups_01/scenes/scene_003/observation.jpg,691e925c-e3ca-41ce-a78d-1da0aead0be7,finished,1,0,cand_001,3.378711462020874,1778400840.5636513,correct,,1778400840.5635555,,False,True,Pick up center cup.,1,,1,0,3.378711462020874,19,,,Pick up center cup.,scene_003::Pick up center cup.,pick up center cup,0,0,1,0,0,1,cup,scene_003|partial,17,13,0.23529411764705888,2
trial_20260510_171410_715889,top_cups_01,main,scene_003,cup_only,[],Pick up plastic cup.,partial,random_candidate,,,,1778400851.8179514,/home/haoandong/ask2act/services/a6000_web/artifacts/offline_experiments/top_cups_01/scenes/scene_003/observation.jpg,4d440d0a-2f7e-44bb-90ef-2fcc4ba01ddc,finished,1,0,cand_001,8.4365816116333,1779202622.9052007,wrong,,1778400860.2544343,gd_missing_target_candidate,True,True,Pick up plastic cup.,1,,0,0,8.4365816116333,20,,,Pick up plastic cup.,scene_003::Pick up plastic cup.,pick up plastic cup,0,0,0,0,0,0,cup,scene_003|partial,17,13,0.23529411764705888,2
trial_20260510_171514_b10ec3,top_cups_01,main,scene_003,cup_only,[],Pick up metal cup.,clear,random_candidate,,,,1778400916.1497767,/home/haoandong/ask2act/services/a6000_web/artifacts/offline_experiments/top_cups_01/scenes/scene_003/observation.jpg,f256fa4a-f0c8-46ef-916e-637c6e63b843,finished,1,0,cand_001,3.876124620437622,1779202635.5327244,correct,,1778400920.025807,,True,True,Pick up metal cup.,1,,1,0,3.876124620437622,18,,,Pick up metal cup.,scene_003::Pick up metal cup.,pick up metal cup,0,0,0,0,0,0,cup,scene_003|clear,17,10,0.4117647058823529,4
trial_20260510_171529_d65ae4,top_cups_01,main,scene_003,cup_only,[],Pick up orange cup.,partial,random_candidate,,,,1778400930.2668645,/home/haoandong/ask2act/services/a6000_web/artifacts/offline_experiments/top_cups_01/scenes/scene_003/observation.jpg,7dc52582-cf13-4581-94cd-fac4efbeb8f9,finished,1,0,cand_001,4.634007930755615,1778400934.9010727,correct,,1778400934.9007673,,False,True,Pick up orange cup.,1,,1,0,4.634007930755615,19,,,Pick up orange cup.,scene_003::Pick up orange cup.,pick up orange cup,0,1,0,0,0,1,cup,scene_003|partial,17,13,0.23529411764705888,1
trial_20260510_171633_5a108e,top_cups_01,main,scene_003,cup_only,[],Pick up most right cup.,clear,vlm_direct,,,,1778400994.365117,/home/haoandong/ask2act/services/a6000_web/artifacts/offline_experiments/top_cups_01/scenes/scene_003/observation.jpg,a2145982-1e95-4fd2-83ee-8f8ede5bd1ed,finished,1,0,cand_001,3.312626361846924,1778400997.6779425,correct,,1778400997.6776407,,False,True,Pick up most right cup.,1,,1,0,3.312626361846924,23,,,Pick up most right cup.,scene_003::Pick up most right cup.,pick up most right cup,0,0,1,0,0,1,cup,scene_003|clear,17,10,0.4117647058823529,1
trial_20260510_171646_9498c4,top_cups_01,main,scene_003,cup_only,[],Pick up green cup.,clear,vlm_direct,,,,1778401007.4983172,/home/haoandong/ask2act/services/a6000_web/artifacts/offline_experiments/top_cups_01/scenes/scene_003/observation.jpg,53558234-cd7a-40ca-b132-e920a016878e,finished,1,0,cand_001,3.230816602706909,1778401010.7293265,correct,,1778401010.7290323,,False,True,Pick up green cup.,1,,1,0,3.230816602706909,18,,,Pick up green cup.,scene_003::Pick up green cup.,pick up green cup,0,1,0,0,0,1,cup,scene_003|clear,17,10,0.4117647058823529,3
trial_20260510_171743_d9f983,top_cups_01,main,scene_003,cup_only,[],Pick up metal cup.,clear,vlm_direct,,,,1778401065.0645466,/home/haoandong/ask2act/services/a6000_web/artifacts/offline_experiments/top_cups_01/scenes/scene_003/observation.jpg,f894ce36-1fec-41b6-8518-a5a73894bdbd,finished,1,0,cand_001,5.612353563308716,1778401070.6770713,correct,,1778401070.6768043,,False,True,Pick up metal cup.,1,,1,0,5.612353563308716,18,,,Pick up metal cup.,scene_003::Pick up metal cup.,pick up metal cup,0,0,0,0,0,0,cup,scene_003|clear,17,10,0.4117647058823529,4
trial_20260510_171801_7a1c20,top_cups_01,main,scene_003,cup_only,[],Pick up the red cup.,clear,vlm_direct,,,,1778401082.4463356,/home/haoandong/ask2act/services/a6000_web/artifacts/offline_experiments/top_cups_01/scenes/scene_003/observation.jpg,70deea91-f292-47fc-8c83-4380616a51e0,finished,1,0,cand_001,13.626211404800415,1778401096.0727417,wrong,,1778401096.072446,,False,True,Pick up the red cup.,1,,0,0,13.626211404800415,20,,,Pick up the red cup.,scene_003::Pick up the red cup.,pick up the red cup,0,1,0,0,0,1,cup,scene_003|clear,17,10,0.4117647058823529,1
trial_20260510_171827_ab99d6,top_cups_01,main,scene_003,cup_only,[],Pick up the center cup.,clear,vlm_direct,,,,1778401108.266086,/home/haoandong/ask2act/services/a6000_web/artifacts/offline_experiments/top_cups_01/scenes/scene_003/observation.jpg,030de613-72d8-4183-b985-e4cb26163b00,finished,1,0,cand_001,3.1410984992980957,1778401111.4073803,correct,,1778401111.4070804,,False,True,Pick up the center cup.,1,,1,0,3.1410984992980957,23,,,Pick up the center cup.,scene_003::Pick up the center cup.,pick up the center cup,0,0,1,0,0,1,cup,scene_003|clear,17,10,0.4117647058823529,1
trial_20260510_171838_007ea2,top_cups_01,main,scene_003,cup_only,[],Pick up small red cup.,clear,vlm_direct,,,,1778401120.0839267,/home/haoandong/ask2act/services/a6000_web/artifacts/offline_experiments/top_cups_01/scenes/scene_003/observation.jpg,b3b9d67c-90c9-487f-b5f6-19014a7100f8,finished,1,0,cand_001,6.983309984207153,1778401127.0674384,correct,,1778401127.0671353,,False,True,Pick up small red cup.,1,,1,0,6.983309984207153,22,,,Pick up small red cup.,scene_003::Pick up small red cup.,pick up small red cup,0,1,0,0,1,1,cup,scene_003|clear,17,10,0.4117647058823529,3
trial_20260510_171901_7d02fc,top_cups_01,main,scene_003,cup_only,[],Pick up my cup.,ambiguous,vlm_direct,,,,1778401142.6728926,/home/haoandong/ask2act/services/a6000_web/artifacts/offline_experiments/top_cups_01/scenes/scene_003/observation.jpg,47584716-8739-4d13-b547-c561144925f9,finished,6,0,cand_001,63.03934144973755,1779202674.7709038,wrong,,1778401205.712101,ambiguity_not_solved,True,True,Pick up my cup.,6,,0,0,63.03934144973755,15,,,Pick up my cup.,scene_003::Pick up my cup.,pick up my cup,1,0,0,0,0,1,cup,scene_003|ambiguous,19,1,0.9473684210526316,19
trial_20260510_172009_fe98f9,top_cups_01,main,scene_003,cup_only,[],Pick up my cup.,ambiguous,vlm_direct,,,,1778401210.048801,/home/haoandong/ask2act/services/a6000_web/artifacts/offline_experiments/top_cups_01/scenes/scene_003/observation.jpg,fefb94f1-df09-489d-ad85-168cc5c6f151,finished,6,0,cand_001,76.24085092544556,1779202681.389042,wrong,,1778401286.2895172,ambiguity_not_solved,True,True,Pick up my cup.,6,,0,0,76.24085092544556,15,,,Pick up my cup.,scene_003::Pick up my cup.,pick up my cup,1,0,0,0,0,1,cup,scene_003|ambiguous,19,1,0.9473684210526316,19
trial_20260510_172500_a36304,top_cups_01,main,scene_003,cup_only,[],Pick up small red cup.,clear,first_question,,,,1778401501.272729,/home/haoandong/ask2act/services/a6000_web/artifacts/offline_experiments/top_cups_01/scenes/scene_003/observation.jpg,ba21d37f-ad4c-4973-866e-1500ee521007,finished,1,0,cand_001,4.672300815582275,1778401505.9450922,correct,,1778401505.9449806,,False,True,Pick up small red cup.,1,,1,0,4.672300815582275,22,,,Pick up small red cup.,scene_003::Pick up small red cup.,pick up small red cup,0,1,0,0,1,1,cup,scene_003|clear,17,10,0.4117647058823529,3
trial_20260510_172514_1903b0,top_cups_01,main,scene_003,cup_only,[],Pick up metal cup.,clear,first_question,,,,1778401516.0720427,/home/haoandong/ask2act/services/a6000_web/artifacts/offline_experiments/top_cups_01/scenes/scene_003/observation.jpg,c7fec6c3-853d-4606-8e8b-2f3568c2dde1,finished,1,0,cand_001,3.2840542793273926,1778401519.3562922,correct,,1778401519.3559916,,False,True,Pick up metal cup.,1,,1,0,3.2840542793273926,18,,,Pick up metal cup.,scene_003::Pick up metal cup.,pick up metal cup,0,0,0,0,0,0,cup,scene_003|clear,17,10,0.4117647058823529,4
trial_20260510_173524_cf602a,top_cups_01,main,scene_003,cup_only,[],Pick up the left cup.,partial,first_question,,,,1778402130.4330487,/home/haoandong/ask2act/services/a6000_web/artifacts/offline_experiments/top_cups_01/scenes/scene_003/observation.jpg,bd3e050f-a4fc-4964-8b58-8d77e50247d7,finished,6,2,cand_005,97.57102394104004,1778402228.004271,correct,,1778402228.0039225,,False,True,Pick up the left cup.,6,,1,2,97.57102394104004,21,,,Pick up the left cup.,scene_003::Pick up the left cup.,pick up the left cup,0,0,1,0,0,1,cup,scene_003|partial,17,13,0.23529411764705888,2
trial_20260510_173716_a697f9,top_cups_01,main,scene_003,cup_only,[],Pick up the red cup.,partial,first_question,,,,1778402238.220319,/home/haoandong/ask2act/services/a6000_web/artifacts/offline_experiments/top_cups_01/scenes/scene_003/observation.jpg,323977a0-c5ab-48a0-bb4b-9b8632a66b97,finished,1,0,cand_001,5.32758903503418,1778402243.5479898,correct,,1778402243.5478492,,False,True,Pick up the red cup.,1,,1,0,5.32758903503418,20,,,Pick up the red cup.,scene_003::Pick up the red cup.,pick up the red cup,0,1,0,0,0,1,cup,scene_003|partial,17,13,0.23529411764705888,1
trial_20260510_173733_db0b66,top_cups_01,main,scene_003,cup_only,[],Pick up the plastic cup.,partial,first_question,,,,1778402255.097748,/home/haoandong/ask2act/services/a6000_web/artifacts/offline_experiments/top_cups_01/scenes/scene_003/observation.jpg,5cf23b59-6ebb-4ede-990c-e6e8b8c5d296,finished,1,0,cand_001,9.596575260162354,1779202747.7885864,unresolved,,1778402264.694211,gd_missing_target_candidate,True,True,Pick up the plastic cup.,1,,0,0,9.596575260162354,24,,,Pick up the plastic cup.,scene_003::Pick up the plastic cup.,pick up the plastic cup,0,0,0,0,0,0,cup,scene_003|partial,17,13,0.23529411764705888,1
trial_20260510_173752_bf5d3d,top_cups_01,main,scene_003,cup_only,[],Pick up my cup.,ambiguous,first_question,,,,1778402274.0311427,/home/haoandong/ask2act/services/a6000_web/artifacts/offline_experiments/top_cups_01/scenes/scene_003/observation.jpg,9434958f-fb8f-467e-88ae-d9b84d73eef2,finished,6,4,cand_003,247.13914680480957,1778402521.1704895,correct,,1778402521.1701326,,False,True,Pick up my cup.,6,,1,4,247.13914680480957,15,,,Pick up my cup.,scene_003::Pick up my cup.,pick up my cup,1,0,0,0,0,1,cup,scene_003|ambiguous,19,1,0.9473684210526316,19
trial_20260510_174213_d2ea8b,top_cups_01,main,scene_003,cup_only,[],Pick up my cup.,ambiguous,first_question,,,,1778402533.905476,/home/haoandong/ask2act/services/a6000_web/artifacts/offline_experiments/top_cups_01/scenes/scene_003/observation.jpg,56d1c5f4-1d0b-41eb-8af0-c48398406e56,finished,6,1,cand_006,82.75553750991821,1778402616.6612132,correct,,1778402616.6608694,,False,True,Pick up my cup.,6,,1,1,82.75553750991821,15,,,Pick up my cup.,scene_003::Pick up my cup.,pick up my cup,1,0,0,0,0,1,cup,scene_003|ambiguous,19,1,0.9473684210526316,19
trial_20260510_174341_351b11,top_cups_01,main,scene_003,cup_only,[],Pick up my cup.,ambiguous,first_question,,,,1778402622.4334373,/home/haoandong/ask2act/services/a6000_web/artifacts/offline_experiments/top_cups_01/scenes/scene_003/observation.jpg,001ab8c0-47c8-4cb6-9214-c541f26b1236,finished,6,3,cand_001,237.10530257225037,1778402859.5389583,correct,,1778402859.5385633,,False,True,Pick up my cup.,6,,1,3,237.10530257225037,15,,,Pick up my cup.,scene_003::Pick up my cup.,pick up my cup,1,0,0,0,0,1,cup,scene_003|ambiguous,19,1,0.9473684210526316,19
trial_20260510_175343_d59761,top_cups_01,main,scene_003,cup_only,[],Pick up green cup.,clear,random_question,,,,1778403224.2637413,/home/haoandong/ask2act/services/a6000_web/artifacts/offline_experiments/top_cups_01/scenes/scene_003/observation.jpg,390d4dcc-fa9b-4852-a7b0-0145cdd9ec54,finished,1,0,cand_001,2.827022075653076,1778403227.0908453,correct,,1778403227.0907068,,False,True,Pick up green cup.,1,,1,0,2.827022075653076,18,,,Pick up green cup.,scene_003::Pick up green cup.,pick up green cup,0,1,0,0,0,1,cup,scene_003|clear,17,10,0.4117647058823529,3
trial_20260510_175359_a0236c,top_cups_01,main,scene_003,cup_only,[],Pick up metal cup.,clear,random_question,,,,1778403240.3995583,/home/haoandong/ask2act/services/a6000_web/artifacts/offline_experiments/top_cups_01/scenes/scene_003/observation.jpg,f5a952d8-2ca7-4386-9056-b109fcb35004,finished,1,0,cand_001,2.9568753242492676,1778403243.3566308,correct,,1778403243.3563318,,False,True,Pick up metal cup.,1,,1,0,2.9568753242492676,18,,,Pick up metal cup.,scene_003::Pick up metal cup.,pick up metal cup,0,0,0,0,0,0,cup,scene_003|clear,17,10,0.4117647058823529,4
trial_20260510_175426_dbff78,top_cups_01,main,scene_003,cup_only,[],Pick up red cup.,clear,random_question,,,,1778403267.883423,/home/haoandong/ask2act/services/a6000_web/artifacts/offline_experiments/top_cups_01/scenes/scene_003/observation.jpg,f8d4c4be-5c55-499a-aa25-4e6e53141003,finished,1,0,cand_001,5.77235746383667,1778403273.655974,correct,,1778403273.6556752,,False,True,Pick up red cup.,1,,1,0,5.77235746383667,16,,,Pick up red cup.,scene_003::Pick up red cup.,pick up red cup,0,1,0,0,0,1,cup,scene_003|clear,17,10,0.4117647058823529,1
trial_20260510_175502_e27a6a,top_cups_01,main,scene_003,cup_only,[],Pick up right cup.,partial,random_question,,,,1778403303.9688191,/home/haoandong/ask2act/services/a6000_web/artifacts/offline_experiments/top_cups_01/scenes/scene_003/observation.jpg,9f0d4ecb-6d5f-47cf-bf2b-45b8e13d171d,finished,6,3,cand_004,199.43682503700256,1778403503.405847,correct,,1778403503.405476,,False,True,Pick up right cup.,6,,1,3,199.43682503700256,18,,,Pick up right cup.,scene_003::Pick up right cup.,pick up right cup,0,0,1,0,0,1,cup,scene_003|partial,17,13,0.23529411764705888,1
trial_20260510_175829_99f5c6,top_cups_01,main,scene_003,cup_only,[],Pick up plastic cup.,partial,random_question,,,,1778403510.5630434,/home/haoandong/ask2act/services/a6000_web/artifacts/offline_experiments/top_cups_01/scenes/scene_003/observation.jpg,6d042729-68c0-4c4e-99cb-fbb15fe2614d,finished,1,0,cand_001,61.25482535362244,1778403571.8180685,correct,,1778403571.8177729,,False,True,Pick up plastic cup.,1,,1,0,61.25482535362244,20,,,Pick up plastic cup.,scene_003::Pick up plastic cup.,pick up plastic cup,0,0,0,0,0,0,cup,scene_003|partial,17,13,0.23529411764705888,2
trial_20260510_212755_1bdce6,top_cups_01,main,scene_003,cup_only,[],Pick up my cup.,ambiguous,random_question,,,,1778416076.5994544,/home/haoandong/ask2act/services/a6000_web/artifacts/offline_experiments/top_cups_01/scenes/scene_003/observation.jpg,935e807b-a71e-46a7-835c-01b220d6f7f9,finished,6,4,cand_001,358.3162627220154,1778416434.9159176,correct,,1778416434.9155607,,False,True,Pick up my cup.,6,,1,4,358.3162627220154,15,,,Pick up my cup.,scene_003::Pick up my cup.,pick up my cup,1,0,0,0,0,1,cup,scene_003|ambiguous,19,1,0.9473684210526316,19
trial_20260510_213410_87193b,top_cups_01,main,scene_003,cup_only,[],Pick up my cup.,ambiguous,random_question,,,,1778416451.4821413,/home/haoandong/ask2act/services/a6000_web/artifacts/offline_experiments/top_cups_01/scenes/scene_003/observation.jpg,bd73c479-96c1-4e26-b8e3-b0161a5afaf4,finished,6,3,cand_006,155.22728490829468,1778416606.7096334,correct,,1778416606.709269,,False,True,Pick up my cup.,6,,1,3,155.22728490829468,15,,,Pick up my cup.,scene_003::Pick up my cup.,pick up my cup,1,0,0,0,0,1,cup,scene_003|ambiguous,19,1,0.9473684210526316,19
trial_20260510_213703_20eb9f,top_cups_01,main,scene_003,cup_only,[],Pick up my cup.,ambiguous,random_question,,,,1778416623.9749992,/home/haoandong/ask2act/services/a6000_web/artifacts/offline_experiments/top_cups_01/scenes/scene_003/observation.jpg,d1e3dcb2-c635-4b5f-b064-2bdfd4789a12,finished,6,4,cand_006,301.07892870903015,1778416925.054116,correct,,1778416925.053783,,False,True,Pick up my cup.,6,,1,4,301.07892870903015,15,,,Pick up my cup.,scene_003::Pick up my cup.,pick up my cup,1,0,0,0,0,1,cup,scene_003|ambiguous,19,1,0.9473684210526316,19
trial_20260510_214219_21d718,top_cups_01,main,scene_003,cup_only,[],Pick up my cup.,ambiguous,vlm_best_question,,,,1778416939.9250731,/home/haoandong/ask2act/services/a6000_web/artifacts/offline_experiments/top_cups_01/scenes/scene_003/observation.jpg,f2051897-20fe-416c-974d-a002745595a6,finished,6,3,cand_003,191.99702334403992,1778417131.9223068,correct,,1778417131.9219446,,False,True,Pick up my cup.,6,,1,3,191.99702334403992,15,,,Pick up my cup.,scene_003::Pick up my cup.,pick up my cup,1,0,0,0,0,1,cup,scene_003|ambiguous,19,1,0.9473684210526316,19
trial_20260510_214541_4a15d5,top_cups_01,main,scene_003,cup_only,[],Pick up my cup.,ambiguous,vlm_best_question,,,,1778417142.5196998,/home/haoandong/ask2act/services/a6000_web/artifacts/offline_experiments/top_cups_01/scenes/scene_003/observation.jpg,fed595a6-8e7f-4f45-9d4b-5779b606b324,finished,6,3,cand_001,180.34760284423828,1778417322.8675132,correct,,1778417322.8671315,,False,True,Pick up my cup.,6,,1,3,180.34760284423828,15,,,Pick up my cup.,scene_003::Pick up my cup.,pick up my cup,1,0,0,0,0,1,cup,scene_003|ambiguous,19,1,0.9473684210526316,19
trial_20260510_214849_7fee96,top_cups_01,main,scene_003,cup_only,[],Pick up my cup.,ambiguous,vlm_best_question,,,,1778417330.491037,/home/haoandong/ask2act/services/a6000_web/artifacts/offline_experiments/top_cups_01/scenes/scene_003/observation.jpg,84d5e890-ff3d-4480-a54e-bf9a2c9999d1,finished,6,1,cand_006,69.3995635509491,1778417399.890831,correct,,1778417399.8904495,,False,True,Pick up my cup.,6,,1,1,69.3995635509491,15,,,Pick up my cup.,scene_003::Pick up my cup.,pick up my cup,1,0,0,0,0,1,cup,scene_003|ambiguous,19,1,0.9473684210526316,19
trial_20260510_215001_7cfec2,top_cups_01,main,scene_003,cup_only,[],Pick up green cup.,clear,vlm_best_question,,,,1778417402.7220976,/home/haoandong/ask2act/services/a6000_web/artifacts/offline_experiments/top_cups_01/scenes/scene_003/observation.jpg,4184d2d6-e0d6-4e55-8bf0-0ed47cc8eb41,finished,1,0,cand_001,3.251171588897705,1778417405.9734607,correct,,1778417405.973164,,False,True,Pick up green cup.,1,,1,0,3.251171588897705,18,,,Pick up green cup.,scene_003::Pick up green cup.,pick up green cup,0,1,0,0,0,1,cup,scene_003|clear,17,10,0.4117647058823529,3
trial_20260510_215032_c493a6,top_cups_01,main,scene_003,cup_only,[],Pick up small red cup.,clear,vlm_best_question,,,,1778417433.3312302,/home/haoandong/ask2act/services/a6000_web/artifacts/offline_experiments/top_cups_01/scenes/scene_003/observation.jpg,232badab-8cd5-48c6-af94-22cd6bd47076,finished,1,0,cand_001,3.794306755065918,1778417437.125614,correct,,1778417437.1254835,,False,True,Pick up small red cup.,1,,1,0,3.794306755065918,22,,,Pick up small red cup.,scene_003::Pick up small red cup.,pick up small red cup,0,1,0,0,1,1,cup,scene_003|clear,17,10,0.4117647058823529,3
trial_20260510_215056_2defcc,top_cups_01,main,scene_003,cup_only,[],Pick up center cup.,partial,vlm_best_question,,,,1778417457.9668453,/home/haoandong/ask2act/services/a6000_web/artifacts/offline_experiments/top_cups_01/scenes/scene_003/observation.jpg,3bd809bd-c175-49d9-9c6d-13f4153f9e71,finished,1,0,cand_001,2.848644733428955,1778417460.8156843,correct,,1778417460.8153853,,False,True,Pick up center cup.,1,,1,0,2.848644733428955,19,,,Pick up center cup.,scene_003::Pick up center cup.,pick up center cup,0,0,1,0,0,1,cup,scene_003|partial,17,13,0.23529411764705888,2
trial_20260510_215325_293c97,top_cups_01,main,scene_003,cup_only,[],Pick up left cup.,partial,vlm_best_question,,,,1778417606.5884843,/home/haoandong/ask2act/services/a6000_web/artifacts/offline_experiments/top_cups_01/scenes/scene_003/observation.jpg,86def135-56f2-4b6e-84aa-02ba347697ff,finished,6,0,,154.08859300613403,1779202795.8207018,correct,,1778417760.6769476,,True,True,Pick up left cup.,6,,1,0,154.08859300613403,17,,,Pick up left cup.,scene_003::Pick up left cup.,pick up left cup,0,0,1,0,0,1,cup,scene_003|partial,17,13,0.23529411764705888,1
trial_20260510_215633_e58bf7,top_cups_01,main,scene_003,cup_only,[],Pick up the left cup.,partial,proposed_efe,,,,1778417794.3952966,/home/haoandong/ask2act/services/a6000_web/artifacts/offline_experiments/top_cups_01/scenes/scene_003/observation.jpg,69509347-ec90-4840-897e-087a15cbe2c5,finished,6,2,cand_002,166.22466468811035,1778417960.6202242,correct,,1778417960.619712,,False,True,Pick up the left cup.,6,,1,2,166.22466468811035,21,,,Pick up the left cup.,scene_003::Pick up the left cup.,pick up the left cup,0,0,1,0,0,1,cup,scene_003|partial,17,13,0.23529411764705888,2
trial_20260510_215935_221871,top_cups_01,main,scene_003,cup_only,[],Pick up the right cup.,partial,proposed_efe,,,,1778417976.0898767,/home/haoandong/ask2act/services/a6000_web/artifacts/offline_experiments/top_cups_01/scenes/scene_003/observation.jpg,22e51325-f37f-4c7d-b439-d2bdd2fa2ec0,finished,6,3,cand_006,295.80771946907043,1778418271.8977997,correct,,1778418271.8974354,,False,True,Pick up the right cup.,6,,1,3,295.80771946907043,22,,,Pick up the right cup.,scene_003::Pick up the right cup.,pick up the right cup,0,0,1,0,0,1,cup,scene_003|partial,17,13,0.23529411764705888,1
trial_20260510_220451_06a3f8,top_cups_01,main,scene_003,cup_only,[],Pick up the center cup.,partial,proposed_efe,,,,1778418292.271531,/home/haoandong/ask2act/services/a6000_web/artifacts/offline_experiments/top_cups_01/scenes/scene_003/observation.jpg,16191c9f-b827-46e2-a40b-f19cd01894b6,finished,1,0,cand_001,2.6434226036071777,1778418294.9151468,correct,,1778418294.914849,,False,True,Pick up the center cup.,1,,1,0,2.6434226036071777,23,,,Pick up the center cup.,scene_003::Pick up the center cup.,pick up the center cup,0,0,1,0,0,1,cup,scene_003|partial,17,13,0.23529411764705888,2
trial_20260510_220504_443823,top_cups_01,main,scene_003,cup_only,[],Pick up the orange cup.,partial,proposed_efe,,,,1778418306.186125,/home/haoandong/ask2act/services/a6000_web/artifacts/offline_experiments/top_cups_01/scenes/scene_003/observation.jpg,0c129b95-c06f-4b6e-8dfb-3b7c4f9ecd7d,finished,1,0,cand_001,3.6601338386535645,1778418309.846462,correct,,1778418309.8461552,,False,True,Pick up the orange cup.,1,,1,0,3.6601338386535645,23,,,Pick up the orange cup.,scene_003::Pick up the orange cup.,pick up the orange cup,0,1,0,0,0,1,cup,scene_003|partial,17,13,0.23529411764705888,1
trial_20260510_220523_071f89,top_cups_01,main,scene_003,cup_only,[],Pick up the metal cup.,partial,proposed_efe,,,,1778418324.8793838,/home/haoandong/ask2act/services/a6000_web/artifacts/offline_experiments/top_cups_01/scenes/scene_003/observation.jpg,12c3301f-c36e-4481-a4c0-0dbdf3dea4d7,finished,1,0,cand_001,5.727168560028076,1778418330.6067662,correct,,1778418330.606451,,False,True,Pick up the metal cup.,1,,1,0,5.727168560028076,22,,,Pick up the metal cup.,scene_003::Pick up the metal cup.,pick up the metal cup,0,0,0,0,0,0,cup,scene_003|partial,17,13,0.23529411764705888,1
trial_20260510_220552_542be3,top_cups_01,main,scene_003,cup_only,[],Pick up the small red cup.,partial,proposed_efe,,,,1778418353.8871746,/home/haoandong/ask2act/services/a6000_web/artifacts/offline_experiments/top_cups_01/scenes/scene_003/observation.jpg,63fdca0e-cc9e-43d4-a874-ac59fa1a1a0c,finished,1,0,cand_001,8.84469223022461,1778418362.7320576,correct,,1778418362.7317677,,False,True,Pick up the small red cup.,1,,1,0,8.84469223022461,26,,,Pick up the small red cup.,scene_003::Pick up the small red cup.,pick up the small red cup,0,1,0,0,1,1,cup,scene_003|partial,17,13,0.23529411764705888,1
trial_20260510_220908_d49e16,top_cups_01,main,scene_003,cup_only,[],Pick up my cup.,ambiguous,proposed_efe,,,,1778418549.028977,/home/haoandong/ask2act/services/a6000_web/artifacts/offline_experiments/top_cups_01/scenes/scene_003/observation.jpg,05f5c62d-3328-43f5-bc0f-6a802c230622,finished,6,2,cand_001,173.98052406311035,1778418723.0095713,correct,,1778418723.0094306,,False,True,Pick up my cup.,6,,1,2,173.98052406311035,15,,,Pick up my cup.,scene_003::Pick up my cup.,pick up my cup,1,0,0,0,0,1,cup,scene_003|ambiguous,19,1,0.9473684210526316,19
trial_20260510_221207_457986,top_cups_01,main,scene_003,cup_only,[],Pick up my cup.,ambiguous,proposed_efe,,,,1778418728.3414402,/home/haoandong/ask2act/services/a6000_web/artifacts/offline_experiments/top_cups_01/scenes/scene_003/observation.jpg,c49de13d-533c-4159-bcab-ecf5a8841bcc,finished,6,2,cand_003,166.52150511741638,1778418894.8632162,correct,,1778418894.8627954,,False,True,Pick up my cup.,6,,1,2,166.52150511741638,15,,,Pick up my cup.,scene_003::Pick up my cup.,pick up my cup,1,0,0,0,0,1,cup,scene_003|ambiguous,19,1,0.9473684210526316,19
trial_20260510_221507_1b54d5,top_cups_01,main,scene_003,cup_only,[],Pick up my cup.,ambiguous,proposed_efe,,,,1778418908.1412852,/home/haoandong/ask2act/services/a6000_web/artifacts/offline_experiments/top_cups_01/scenes/scene_003/observation.jpg,32a27ca4-4a38-4b91-8476-49f0b5e03ba3,finished,6,2,cand_006,212.88755869865417,1778419121.0290594,correct,,1778419121.0286815,,False,True,Pick up my cup.,6,,1,2,212.88755869865417,15,,,Pick up my cup.,scene_003::Pick up my cup.,pick up my cup,1,0,0,0,0,1,cup,scene_003|ambiguous,19,1,0.9473684210526316,19
trial_20260510_221925_fa25ea,top_cups_01,main,scene_004,cup_only,[],Pick up the yellow cup.,clear,top_score,,,,1778419166.4164824,/home/haoandong/ask2act/services/a6000_web/artifacts/offline_experiments/top_cups_01/scenes/scene_004/observation.jpg,1497cfec-6f23-463d-ba67-597d72c41096,finished,1,0,cand_001,23.0436909198761,1778419189.4603803,correct,,1778419189.460068,,False,True,Pick up the yellow cup.,1,,1,0,23.0436909198761,23,,,Pick up the yellow cup.,scene_004::Pick up the yellow cup.,pick up the yellow cup,0,1,0,0,0,1,cup,scene_004|clear,17,10,0.4117647058823529,1
trial_20260510_222103_f69ede,top_cups_01,main,scene_004,cup_only,[],Pick up the left most cup.,clear,top_score,,,,1778419264.6768763,/home/haoandong/ask2act/services/a6000_web/artifacts/offline_experiments/top_cups_01/scenes/scene_004/observation.jpg,704d1eac-1f38-4a63-9252-72d69aebfec0,finished,6,0,cand_001,4.690237760543823,1779202856.272738,unresolved,,1778419269.3669817,gd_label_error,True,True,Pick up the left most cup.,6,,0,0,4.690237760543823,26,,,Pick up the left most cup.,scene_004::Pick up the left most cup.,pick up the left most cup,0,0,1,0,0,1,cup,scene_004|clear,17,10,0.4117647058823529,1
trial_20260510_222130_4c6af4,top_cups_01,main,scene_004,cup_only,[],Pick up the orange cup.,clear,top_score,,,,1778419292.0881758,/home/haoandong/ask2act/services/a6000_web/artifacts/offline_experiments/top_cups_01/scenes/scene_004/observation.jpg,bdd7d74a-e11e-44a9-bbce-f878f51d959c,finished,1,0,cand_001,5.622057914733887,1778419297.7103348,correct,,1778419297.7101722,,False,True,Pick up the orange cup.,1,,1,0,5.622057914733887,23,,,Pick up the orange cup.,scene_004::Pick up the orange cup.,pick up the orange cup,0,1,0,0,0,1,cup,scene_004|clear,17,10,0.4117647058823529,1
trial_20260510_222157_01bf51,top_cups_01,main,scene_004,cup_only,[],Pick up the blue cup.,partial,top_score,,,,1778419318.98308,/home/haoandong/ask2act/services/a6000_web/artifacts/offline_experiments/top_cups_01/scenes/scene_004/observation.jpg,49913369-0668-4a7a-b771-a4e0e5c1f8cc,finished,1,0,cand_001,6.838115692138672,1779202923.7130716,wrong,,1778419325.8210948,gd_missing_target_candidate,True,True,Pick up the blue cup.,1,,0,0,6.838115692138672,21,,,Pick up the blue cup.,scene_004::Pick up the blue cup.,pick up the blue cup,0,1,0,0,0,1,cup,scene_004|partial,21,14,0.33333333333333337,2
trial_20260510_222217_fc9cdb,top_cups_01,main,scene_004,cup_only,[],Pick up the center cup.,partial,top_score,,,,1778419338.5590332,/home/haoandong/ask2act/services/a6000_web/artifacts/offline_experiments/top_cups_01/scenes/scene_004/observation.jpg,cbbc688a-b038-4aa8-b8a6-962ac24ce94d,finished,1,0,cand_001,7.784765720367432,1778419346.343998,correct,,1778419346.3436923,,False,True,Pick up the center cup.,1,,1,0,7.784765720367432,23,,,Pick up the center cup.,scene_004::Pick up the center cup.,pick up the center cup,0,0,1,0,0,1,cup,scene_004|partial,21,14,0.33333333333333337,4
trial_20260510_222248_66f5e8,top_cups_01,main,scene_004,cup_only,[],Pick up the left cup.,partial,top_score,,,,1778419369.5071692,/home/haoandong/ask2act/services/a6000_web/artifacts/offline_experiments/top_cups_01/scenes/scene_004/observation.jpg,9203b18f-7939-40bb-a254-cd58316ab272,finished,6,0,cand_001,9.005699634552002,1779202956.8903284,unresolved,,1778419378.5127347,ambiguity_not_solved,True,True,Pick up the left cup.,6,,0,0,9.005699634552002,21,,,Pick up the left cup.,scene_004::Pick up the left cup.,pick up the left cup,0,0,1,0,0,1,cup,scene_004|partial,21,14,0.33333333333333337,1
trial_20260510_222304_22d89d,top_cups_01,main,scene_004,cup_only,[],Pick up my cup.,ambiguous,top_score,,,,1778419385.274856,/home/haoandong/ask2act/services/a6000_web/artifacts/offline_experiments/top_cups_01/scenes/scene_004/observation.jpg,f4fd7fec-d08c-4c1a-8309-42b88a90e67d,finished,6,0,cand_001,5.16916036605835,1779202970.8772588,wrong,,1778419390.4438882,ambiguity_not_solved,True,True,Pick up my cup.,6,,0,0,5.16916036605835,15,,,Pick up my cup.,scene_004::Pick up my cup.,pick up my cup,1,0,0,0,0,1,cup,scene_004|ambiguous,20,1,0.95,20
trial_20260510_222313_8a950c,top_cups_01,main,scene_004,cup_only,[],Pick up my cup.,ambiguous,top_score,,,,1778419394.5440354,/home/haoandong/ask2act/services/a6000_web/artifacts/offline_experiments/top_cups_01/scenes/scene_004/observation.jpg,a3f8da34-b432-4445-bc79-b86a566dba5f,finished,6,0,cand_001,3.40710711479187,1779202977.807156,wrong,,1778419397.9510155,ambiguity_not_solved,True,True,Pick up my cup.,6,,0,0,3.40710711479187,15,,,Pick up my cup.,scene_004::Pick up my cup.,pick up my cup,1,0,0,0,0,1,cup,scene_004|ambiguous,20,1,0.95,20
trial_20260510_222319_e220ec,top_cups_01,main,scene_004,cup_only,[],Pick up my cup.,ambiguous,top_score,,,,1778419400.0650074,/home/haoandong/ask2act/services/a6000_web/artifacts/offline_experiments/top_cups_01/scenes/scene_004/observation.jpg,0c060cca-a6ef-4ad7-8bd1-2885a4874bc5,finished,6,0,cand_001,1.8939943313598633,1779202991.9033756,wrong,,1778419401.9588723,ambiguity_not_solved,True,True,Pick up my cup.,6,,0,0,1.8939943313598633,15,,,Pick up my cup.,scene_004::Pick up my cup.,pick up my cup,1,0,0,0,0,1,cup,scene_004|ambiguous,20,1,0.95,20
trial_20260510_222446_becbe5,top_cups_01,main,scene_004,cup_only,[],Pick up my cup.,ambiguous,random_candidate,,,,1778419487.1395316,/home/haoandong/ask2act/services/a6000_web/artifacts/offline_experiments/top_cups_01/scenes/scene_004/observation.jpg,5165b67c-5c10-46fb-95fc-84b4690172a7,finished,6,0,cand_005,5.7402002811431885,1778419492.8799348,correct,,1778419492.8796055,,False,True,Pick up my cup.,6,,1,0,5.7402002811431885,15,,,Pick up my cup.,scene_004::Pick up my cup.,pick up my cup,1,0,0,0,0,1,cup,scene_004|ambiguous,20,1,0.95,20
trial_20260510_222500_12dd57,top_cups_01,main,scene_004,cup_only,[],Pick up my cup.,ambiguous,random_candidate,,,,1778419501.4190075,/home/haoandong/ask2act/services/a6000_web/artifacts/offline_experiments/top_cups_01/scenes/scene_004/observation.jpg,3c7f37d2-6054-4c9e-b598-5b19078c0121,finished,6,0,cand_005,7.984801769256592,1779203013.1586072,wrong,,1778419509.4036705,ambiguity_not_solved,True,True,Pick up my cup.,6,,0,0,7.984801769256592,15,,,Pick up my cup.,scene_004::Pick up my cup.,pick up my cup,1,0,0,0,0,1,cup,scene_004|ambiguous,20,1,0.95,20
trial_20260510_222511_4c3c41,top_cups_01,main,scene_004,cup_only,[],Pick up my cup.,ambiguous,random_candidate,,,,1778419512.0880818,/home/haoandong/ask2act/services/a6000_web/artifacts/offline_experiments/top_cups_01/scenes/scene_004/observation.jpg,2ea57f5d-d271-46ad-9fcd-7651401f762a,finished,6,0,cand_005,5.205658435821533,1779203019.3527708,wrong,,1778419517.2936077,ambiguity_not_solved,True,True,Pick up my cup.,6,,0,0,5.205658435821533,15,,,Pick up my cup.,scene_004::Pick up my cup.,pick up my cup,1,0,0,0,0,1,cup,scene_004|ambiguous,20,1,0.95,20
trial_20260510_222530_f5468b,top_cups_01,main,scene_004,cup_only,[],Pick up the green cup.,clear,random_candidate,,,,1778419531.85015,/home/haoandong/ask2act/services/a6000_web/artifacts/offline_experiments/top_cups_01/scenes/scene_004/observation.jpg,2bee9105-7b9b-4d65-abff-864285c6b441,finished,1,0,cand_001,2.814368724822998,1778419534.66471,correct,,1778419534.664421,,False,True,Pick up the green cup.,1,,1,0,2.814368724822998,22,,,Pick up the green cup.,scene_004::Pick up the green cup.,pick up the green cup,0,1,0,0,0,1,cup,scene_004|clear,17,10,0.4117647058823529,2
trial_20260510_222603_88a394,top_cups_01,main,scene_004,cup_only,[],Pick up the red cup.,clear,random_candidate,,,,1778419564.2097886,/home/haoandong/ask2act/services/a6000_web/artifacts/offline_experiments/top_cups_01/scenes/scene_004/observation.jpg,2676c3b8-b8ae-44f5-9b3f-78df78e1ddd0,finished,1,0,cand_001,2.966230869293213,1778419567.176216,correct,,1778419567.1759155,,False,True,Pick up the red cup.,1,,1,0,2.966230869293213,20,,,Pick up the red cup.,scene_004::Pick up the red cup.,pick up the red cup,0,1,0,0,0,1,cup,scene_004|clear,17,10,0.4117647058823529,2
trial_20260510_222622_8a494a,top_cups_01,main,scene_004,cup_only,[],Pick up the left blue cup.,clear,random_candidate,,,,1778419583.148455,/home/haoandong/ask2act/services/a6000_web/artifacts/offline_experiments/top_cups_01/scenes/scene_004/observation.jpg,6921ace7-42d1-4ba3-aa74-be0747279078,finished,6,0,cand_003,7.346906661987305,1779203042.309852,correct,,1778419590.4952278,,True,True,Pick up the left blue cup.,6,,1,0,7.346906661987305,26,,,Pick up the left blue cup.,scene_004::Pick up the left blue cup.,pick up the left blue cup,0,1,1,0,0,1,cup,scene_004|clear,17,10,0.4117647058823529,5
trial_20260510_224317_45f365,top_cups_01,main,scene_004,cup_only,[],Pick up the left blue cup.,clear,proposed_efe,,,,1778420603.091053,/home/haoandong/ask2act/services/a6000_web/artifacts/offline_experiments/top_cups_01/scenes/scene_004/observation.jpg,7d91d9f8-42d3-4258-9b98-0046bf5c56e6,finished,1,0,cand_001,4.0174400806427,1778420607.1085896,correct,,1778420607.1084306,,False,True,Pick up the left blue cup.,1,,1,0,4.0174400806427,26,,,Pick up the left blue cup.,scene_004::Pick up the left blue cup.,pick up the left blue cup,0,1,1,0,0,1,cup,scene_004|clear,17,10,0.4117647058823529,5
trial_20260510_224343_e612df,top_cups_01,main,scene_004,cup_only,[],Pick up the left blue cup.,clear,random_candidate,,,,1778420625.1395168,/home/haoandong/ask2act/services/a6000_web/artifacts/offline_experiments/top_cups_01/scenes/scene_004/observation.jpg,a8045913-feb9-4642-b7c7-16680da87fa9,finished,1,0,cand_001,2.7880287170410156,1778420627.9277377,correct,,1778420627.9274435,,False,True,Pick up the left blue cup.,1,,1,0,2.7880287170410156,26,,,Pick up the left blue cup.,scene_004::Pick up the left blue cup.,pick up the left blue cup,0,1,1,0,0,1,cup,scene_004|clear,17,10,0.4117647058823529,5
trial_20260510_224402_e83830,top_cups_01,main,scene_004,cup_only,[],Pick up the left blue cup.,clear,vlm_direct,,,,1778420643.8362033,/home/haoandong/ask2act/services/a6000_web/artifacts/offline_experiments/top_cups_01/scenes/scene_004/observation.jpg,d0a53548-eeee-44f8-8c81-96b456e00d32,finished,1,0,cand_001,3.0639572143554688,1778420646.900368,correct,,1778420646.9000514,,False,True,Pick up the left blue cup.,1,,1,0,3.0639572143554688,26,,,Pick up the left blue cup.,scene_004::Pick up the left blue cup.,pick up the left blue cup,0,1,1,0,0,1,cup,scene_004|clear,17,10,0.4117647058823529,5
trial_20260510_224417_123b87,top_cups_01,main,scene_004,cup_only,[],Pick up the green cup.,clear,vlm_direct,,,,1778420658.9471178,/home/haoandong/ask2act/services/a6000_web/artifacts/offline_experiments/top_cups_01/scenes/scene_004/observation.jpg,f46cba74-a12a-41bc-9c2c-5d22edf4c59b,finished,1,0,cand_001,4.259047508239746,1778420663.2063031,correct,,1778420663.206086,,False,True,Pick up the green cup.,1,,1,0,4.259047508239746,22,,,Pick up the green cup.,scene_004::Pick up the green cup.,pick up the green cup,0,1,0,0,0,1,cup,scene_004|clear,17,10,0.4117647058823529,2
trial_20260510_224502_981808,top_cups_01,main,scene_004,cup_only,[],Pick up the center cup.,partial,vlm_direct,,,,1778420704.1346736,/home/haoandong/ask2act/services/a6000_web/artifacts/offline_experiments/top_cups_01/scenes/scene_004/observation.jpg,cac0156f-728d-46b9-a6ae-82c6b7d6742d,finished,1,0,cand_001,4.068680047988892,1778420708.2035544,correct,,1778420708.2032473,,False,True,Pick up the center cup.,1,,1,0,4.068680047988892,23,,,Pick up the center cup.,scene_004::Pick up the center cup.,pick up the center cup,0,0,1,0,0,1,cup,scene_004|partial,21,14,0.33333333333333337,4
trial_20260510_224519_54a615,top_cups_01,main,scene_004,cup_only,[],Pick up the blue cup.,partial,vlm_direct,,,,1778420720.451671,/home/haoandong/ask2act/services/a6000_web/artifacts/offline_experiments/top_cups_01/scenes/scene_004/observation.jpg,d42b8ec1-9cc1-4f17-95ac-eb2379bd365e,finished,1,0,cand_001,3.4298555850982666,1779203104.3297205,unresolved,,1778420723.881426,gd_missing_target_candidate,True,True,Pick up the blue cup.,1,,0,0,3.4298555850982666,21,,,Pick up the blue cup.,scene_004::Pick up the blue cup.,pick up the blue cup,0,1,0,0,0,1,cup,scene_004|partial,21,14,0.33333333333333337,2
trial_20260510_224535_2637c7,top_cups_01,main,scene_004,cup_only,[],Pick up the right cup.,partial,vlm_direct,,,,1778420737.0088453,/home/haoandong/ask2act/services/a6000_web/artifacts/offline_experiments/top_cups_01/scenes/scene_004/observation.jpg,98885a63-97b6-4092-80ff-1f91649d6bc2,finished,1,0,cand_001,6.878873825073242,1779203129.7237053,unresolved,,1778420743.887614,gd_missing_target_candidate,True,True,Pick up the right cup.,1,,0,0,6.878873825073242,22,,,Pick up the right cup.,scene_004::Pick up the right cup.,pick up the right cup,0,0,1,0,0,1,cup,scene_004|partial,21,14,0.33333333333333337,2
trial_20260510_224558_b1c462,top_cups_01,main,scene_004,cup_only,[],Pick up my cup.,ambiguous,vlm_direct,,,,1778420759.7767699,/home/haoandong/ask2act/services/a6000_web/artifacts/offline_experiments/top_cups_01/scenes/scene_004/observation.jpg,fc353feb-f5d9-4b83-a59c-0846c3a37de5,finished,6,0,cand_002,47.130669593811035,1779203157.4412768,wrong,,1778420806.907366,ambiguity_not_solved,True,True,Pick up my cup.,6,,0,0,47.130669593811035,15,,,Pick up my cup.,scene_004::Pick up my cup.,pick up my cup,1,0,0,0,0,1,cup,scene_004|ambiguous,20,1,0.95,20
trial_20260510_224656_a9cb35,top_cups_01,main,scene_004,cup_only,[],Pick up my cup.,ambiguous,vlm_direct,,,,1778420816.9935603,/home/haoandong/ask2act/services/a6000_web/artifacts/offline_experiments/top_cups_01/scenes/scene_004/observation.jpg,23fc4662-e7c9-4914-8d01-ab84d4322bd7,finished,6,0,cand_001,66.38385105133057,1778420883.3776085,correct,,1778420883.3772802,,False,True,Pick up my cup.,6,,1,0,66.38385105133057,15,,,Pick up my cup.,scene_004::Pick up my cup.,pick up my cup,1,0,0,0,0,1,cup,scene_004|ambiguous,20,1,0.95,20
trial_20260510_224807_2e20e8,top_cups_01,main,scene_004,cup_only,[],Pick up my cup.,ambiguous,vlm_direct,,,,1778420887.8846555,/home/haoandong/ask2act/services/a6000_web/artifacts/offline_experiments/top_cups_01/scenes/scene_004/observation.jpg,f82fc682-6ea6-4cab-9c80-efc2b083f367,finished,6,0,cand_001,56.64429068565369,1779203184.1552074,wrong,,1778420944.5288126,ambiguity_not_solved,True,True,Pick up my cup.,6,,0,0,56.64429068565369,15,,,Pick up my cup.,scene_004::Pick up my cup.,pick up my cup,1,0,0,0,0,1,cup,scene_004|ambiguous,20,1,0.95,20
trial_20260510_224919_cede4b,top_cups_01,main,scene_004,cup_only,[],Pick up my cup.,ambiguous,first_question,,,,1778420960.2362964,/home/haoandong/ask2act/services/a6000_web/artifacts/offline_experiments/top_cups_01/scenes/scene_004/observation.jpg,cbd7992f-e3aa-4bcb-b278-878fec741032,finished,6,4,cand_004,291.89187955856323,1778421252.1284306,correct,,1778421252.1279602,,False,True,Pick up my cup.,6,,1,4,291.89187955856323,15,,,Pick up my cup.,scene_004::Pick up my cup.,pick up my cup,1,0,0,0,0,1,cup,scene_004|ambiguous,20,1,0.95,20
trial_20260510_225415_697dfa,top_cups_01,main,scene_004,cup_only,[],Pick up my cup.,ambiguous,first_question,,,,1778421256.1337953,/home/haoandong/ask2act/services/a6000_web/artifacts/offline_experiments/top_cups_01/scenes/scene_004/observation.jpg,72ad9635-52b8-46fd-bb9c-28d3443477b3,finished,6,4,cand_003,179.69028997421265,1778421435.8243015,correct,,1778421435.8239224,,False,True,Pick up my cup.,6,,1,4,179.69028997421265,15,,,Pick up my cup.,scene_004::Pick up my cup.,pick up my cup,1,0,0,0,0,1,cup,scene_004|ambiguous,20,1,0.95,20
trial_20260510_225739_909f63,top_cups_01,main,scene_004,cup_only,[],Pick up green cup.,clear,first_question,,,,1778421460.8816137,/home/haoandong/ask2act/services/a6000_web/artifacts/offline_experiments/top_cups_01/scenes/scene_004/observation.jpg,7ef2478a-6a7e-4261-8c6a-4f8c99428d05,finished,1,0,cand_001,2.048776626586914,1778421462.9305968,correct,,1778421462.9302847,,False,True,Pick up green cup.,1,,1,0,2.048776626586914,18,,,Pick up green cup.,scene_004::Pick up green cup.,pick up green cup,0,1,0,0,0,1,cup,scene_004|clear,17,10,0.4117647058823529,1
trial_20260510_225753_3a505a,top_cups_01,main,scene_004,cup_only,[],Pick up left blue cup.,clear,first_question,,,,1778421474.795552,/home/haoandong/ask2act/services/a6000_web/artifacts/offline_experiments/top_cups_01/scenes/scene_004/observation.jpg,11e2e605-ac46-46f6-8eae-a1817259eff7,finished,1,0,cand_001,7.9468138217926025,1778421482.7425752,correct,,1778421482.7422612,,False,True,Pick up left blue cup.,1,,1,0,7.9468138217926025,22,,,Pick up left blue cup.,scene_004::Pick up left blue cup.,pick up left blue cup,0,1,1,0,0,1,cup,scene_004|clear,17,10,0.4117647058823529,1
trial_20260510_225813_90f2e9,top_cups_01,main,scene_004,cup_only,[],Pick up left most cup.,clear,first_question,,,,1778421494.511455,/home/haoandong/ask2act/services/a6000_web/artifacts/offline_experiments/top_cups_01/scenes/scene_004/observation.jpg,7c24ffa4-b793-4d33-a278-550736672473,finished,1,0,cand_001,3.503546953201294,1778421498.0150595,correct,,1778421498.014958,,False,True,Pick up left most cup.,1,,1,0,3.503546953201294,22,,,Pick up left most cup.,scene_004::Pick up left most cup.,pick up left most cup,0,0,1,0,0,1,cup,scene_004|clear,17,10,0.4117647058823529,2
trial_20260510_225931_df6352,top_cups_01,main,scene_004,cup_only,[],Pick up right most cup.,partial,first_question,,,,1778421572.876014,/home/haoandong/ask2act/services/a6000_web/artifacts/offline_experiments/top_cups_01/scenes/scene_004/observation.jpg,b5a2afa4-4f33-4f0e-b342-000b128ce5d3,finished,1,0,cand_001,7.571804046630859,1778421580.4478734,correct,,1778421580.447774,,False,True,Pick up right most cup.,1,,1,0,7.571804046630859,23,,,Pick up right most cup.,scene_004::Pick up right most cup.,pick up right most cup,0,0,1,0,0,1,cup,scene_004|partial,21,14,0.33333333333333337,2
trial_20260510_225945_e26ee3,top_cups_01,main,scene_004,cup_only,[],Pick up right most blue cup.,partial,first_question,,,,1778421586.3602796,/home/haoandong/ask2act/services/a6000_web/artifacts/offline_experiments/top_cups_01/scenes/scene_004/observation.jpg,88735e95-9dd1-44f2-ba60-e6f9ad09bae9,finished,1,0,cand_001,5.4262073040008545,1778421591.7867594,correct,,1778421591.7863834,,False,True,Pick up right most blue cup.,1,,1,0,5.4262073040008545,28,,,Pick up right most blue cup.,scene_004::Pick up right most blue cup.,pick up right most blue cup,0,1,1,0,0,1,cup,scene_004|partial,21,14,0.33333333333333337,1
trial_20260510_230029_8df7ec,top_cups_01,main,scene_004,cup_only,[],Pick up second right cup.,partial,first_question,,,,1778421630.5890393,/home/haoandong/ask2act/services/a6000_web/artifacts/offline_experiments/top_cups_01/scenes/scene_004/observation.jpg,85a66657-e30b-4787-b96b-2cd36cca73c8,finished,1,0,cand_001,12.207249641418457,1779203224.0398011,correct,,1778421642.7961798,,True,True,Pick up second right cup.,1,,1,0,12.207249641418457,25,,,Pick up second right cup.,scene_004::Pick up second right cup.,pick up second right cup,0,0,1,0,0,1,cup,scene_004|partial,21,14,0.33333333333333337,1
trial_20260510_230123_27c655,top_cups_01,main,scene_004,cup_only,[],Pick up the center cup.,partial,first_question,,,,1778421684.3643887,/home/haoandong/ask2act/services/a6000_web/artifacts/offline_experiments/top_cups_01/scenes/scene_004/observation.jpg,1d2cdfeb-ad9a-4bbc-94a7-bac444dca50f,finished,1,0,cand_001,2.759342908859253,1778421687.1239297,correct,,1778421687.1236286,,False,True,Pick up the center cup.,1,,1,0,2.759342908859253,23,,,Pick up the center cup.,scene_004::Pick up the center cup.,pick up the center cup,0,0,1,0,0,1,cup,scene_004|partial,21,14,0.33333333333333337,4
trial_20260510_230134_8b5085,top_cups_01,main,scene_004,cup_only,[],Pick up the center cup.,partial,random_question,,,,1778421695.7563195,/home/haoandong/ask2act/services/a6000_web/artifacts/offline_experiments/top_cups_01/scenes/scene_004/observation.jpg,5ec47195-6de7-40e5-afb3-83bab33fd759,finished,1,0,cand_001,2.0894126892089844,1778421697.8459246,correct,,1778421697.8456297,,False,True,Pick up the center cup.,1,,1,0,2.0894126892089844,23,,,Pick up the center cup.,scene_004::Pick up the center cup.,pick up the center cup,0,0,1,0,0,1,cup,scene_004|partial,21,14,0.33333333333333337,4
trial_20260510_230214_c65675,top_cups_01,main,scene_004,cup_only,[],Pick up the right cup.,partial,random_question,,,,1778421735.5684881,/home/haoandong/ask2act/services/a6000_web/artifacts/offline_experiments/top_cups_01/scenes/scene_004/observation.jpg,03cfd8b6-e72c-4283-aa2d-eb4d78c24e72,finished,1,0,cand_001,2.552319288253784,1778421738.1210024,correct,,1778421738.1207051,,False,True,Pick up the right cup.,1,,1,0,2.552319288253784,22,,,Pick up the right cup.,scene_004::Pick up the right cup.,pick up the right cup,0,0,1,0,0,1,cup,scene_004|partial,21,14,0.33333333333333337,2
trial_20260510_230223_4dc701,top_cups_01,main,scene_004,cup_only,[],Pick up the most right cup.,partial,random_question,,,,1778421744.4397798,/home/haoandong/ask2act/services/a6000_web/artifacts/offline_experiments/top_cups_01/scenes/scene_004/observation.jpg,cba2fb13-cadb-48a5-a382-a758ff859ea6,finished,1,0,cand_001,3.603158712387085,1778421748.0432086,correct,,1778421748.0428288,,False,True,Pick up the most right cup.,1,,1,0,3.603158712387085,27,,,Pick up the most right cup.,scene_004::Pick up the most right cup.,pick up the most right cup,0,0,1,0,0,1,cup,scene_004|partial,21,14,0.33333333333333337,1
trial_20260510_230259_9c9f47,top_cups_01,main,scene_004,cup_only,[],Pick up the left blue cup.,clear,random_question,,,,1778421781.0310102,/home/haoandong/ask2act/services/a6000_web/artifacts/offline_experiments/top_cups_01/scenes/scene_004/observation.jpg,21d1255c-33e1-4c32-a889-02e856263f15,finished,1,0,cand_001,2.8213067054748535,1778421783.8525145,correct,,1778421783.8522139,,False,True,Pick up the left blue cup.,1,,1,0,2.8213067054748535,26,,,Pick up the left blue cup.,scene_004::Pick up the left blue cup.,pick up the left blue cup,0,1,1,0,0,1,cup,scene_004|clear,17,10,0.4117647058823529,5
trial_20260510_230308_19fd3c,top_cups_01,main,scene_004,cup_only,[],Pick up the red cup.,clear,random_question,,,,1778421789.7716303,/home/haoandong/ask2act/services/a6000_web/artifacts/offline_experiments/top_cups_01/scenes/scene_004/observation.jpg,4de8ecb8-334a-4025-bc2d-b1cb8be315c4,finished,1,0,cand_001,2.768350839614868,1778421792.5401719,correct,,1778421792.5398788,,False,True,Pick up the red cup.,1,,1,0,2.768350839614868,20,,,Pick up the red cup.,scene_004::Pick up the red cup.,pick up the red cup,0,1,0,0,0,1,cup,scene_004|clear,17,10,0.4117647058823529,2
trial_20260510_230345_b3cd71,top_cups_01,main,scene_004,cup_only,[],Pick up my cup.,ambiguous,random_question,,,,1778421825.8341494,/home/haoandong/ask2act/services/a6000_web/artifacts/offline_experiments/top_cups_01/scenes/scene_004/observation.jpg,059566df-f706-46df-a67c-989c283009d2,finished,6,1,cand_006,64.53690242767334,1778421890.3712387,correct,,1778421890.37091,,False,True,Pick up my cup.,6,,1,1,64.53690242767334,15,,,Pick up my cup.,scene_004::Pick up my cup.,pick up my cup,1,0,0,0,0,1,cup,scene_004|ambiguous,20,1,0.95,20
trial_20260510_230453_acad31,top_cups_01,main,scene_004,cup_only,[],Pick up my cup.,ambiguous,random_question,,,,1778421894.5515149,/home/haoandong/ask2act/services/a6000_web/artifacts/offline_experiments/top_cups_01/scenes/scene_004/observation.jpg,3521ee0d-282b-4052-97a7-b3be65e84dd6,finished,6,3,cand_003,149.49742722511292,1778422044.049152,correct,,1778422044.0487885,,False,True,Pick up my cup.,6,,1,3,149.49742722511292,15,,,Pick up my cup.,scene_004::Pick up my cup.,pick up my cup,1,0,0,0,0,1,cup,scene_004|ambiguous,20,1,0.95,20
trial_20260510_230730_a0fcd3,top_cups_01,main,scene_004,cup_only,[],Pick up my cup.,ambiguous,random_question,,,,1778422051.1914,/home/haoandong/ask2act/services/a6000_web/artifacts/offline_experiments/top_cups_01/scenes/scene_004/observation.jpg,8ee3bfdb-46dc-4880-a3c4-fd3f391b9da7,finished,6,4,cand_005,278.78814220428467,1778422329.97975,correct,,1778422329.9793901,,False,True,Pick up my cup.,6,,1,4,278.78814220428467,15,,,Pick up my cup.,scene_004::Pick up my cup.,pick up my cup,1,0,0,0,0,1,cup,scene_004|ambiguous,20,1,0.95,20
trial_20260510_231259_a616ed,top_cups_01,main,scene_004,cup_only,[],Pick up my cup.,ambiguous,vlm_best_question,,,,1778422380.7570367,/home/haoandong/ask2act/services/a6000_web/artifacts/offline_experiments/top_cups_01/scenes/scene_004/observation.jpg,f25403c5-57b9-402a-af25-cbf366c2d58c,finished,6,4,cand_004,254.98765397071838,1778422635.7449098,correct,,1778422635.7445226,,False,True,Pick up my cup.,6,,1,4,254.98765397071838,15,,,Pick up my cup.,scene_004::Pick up my cup.,pick up my cup,1,0,0,0,0,1,cup,scene_004|ambiguous,20,1,0.95,20
trial_20260510_231720_31765f,top_cups_01,main,scene_004,cup_only,[],Pick up my cup.,ambiguous,vlm_best_question,,,,1778422641.5908854,/home/haoandong/ask2act/services/a6000_web/artifacts/offline_experiments/top_cups_01/scenes/scene_004/observation.jpg,3ff6f9ee-1720-499c-838d-8f8d9338041f,finished,6,4,cand_003,211.58952164649963,1778422853.1806252,correct,,1778422853.1802437,,False,True,Pick up my cup.,6,,1,4,211.58952164649963,15,,,Pick up my cup.,scene_004::Pick up my cup.,pick up my cup,1,0,0,0,0,1,cup,scene_004|ambiguous,20,1,0.95,20
trial_20260510_232841_2589f3,top_cups_01,main,scene_004,cup_only,[],Pick up my cup.,ambiguous,vlm_best_question,,,,1778423322.1500416,/home/haoandong/ask2act/services/a6000_web/artifacts/offline_experiments/top_cups_01/scenes/scene_004/observation.jpg,84d38225-9824-403f-a04d-e6f444b1e32c,finished,6,3,cand_006,172.94054126739502,1778423495.090815,correct,,1778423495.0904202,,False,True,Pick up my cup.,6,,1,3,172.94054126739502,15,,,Pick up my cup.,scene_004::Pick up my cup.,pick up my cup,1,0,0,0,0,1,cup,scene_004|ambiguous,20,1,0.95,20
trial_20260510_233154_489886,top_cups_01,main,scene_004,cup_only,[],Pick up green cup.,partial,vlm_best_question,,,,1778423516.0298653,/home/haoandong/ask2act/services/a6000_web/artifacts/offline_experiments/top_cups_01/scenes/scene_004/observation.jpg,25033ca5-120f-479a-97b1-9de6f546560e,finished,1,0,cand_001,2.734168291091919,1778423518.7642214,correct,,1778423518.7639318,,False,True,Pick up green cup.,1,,1,0,2.734168291091919,18,,,Pick up green cup.,scene_004::Pick up green cup.,pick up green cup,0,1,0,0,0,1,cup,scene_004|partial,21,14,0.33333333333333337,1
trial_20260510_233206_712e0c,top_cups_01,main,scene_004,cup_only,[],Pick up left blue cup.,partial,vlm_best_question,,,,1778423527.9171503,/home/haoandong/ask2act/services/a6000_web/artifacts/offline_experiments/top_cups_01/scenes/scene_004/observation.jpg,75ee0a72-211b-4617-9b37-f75273b7ae74,finished,1,0,cand_001,2.250685214996338,1778423530.1680264,correct,,1778423530.167731,,False,True,Pick up left blue cup.,1,,1,0,2.250685214996338,22,,,Pick up left blue cup.,scene_004::Pick up left blue cup.,pick up left blue cup,0,1,1,0,0,1,cup,scene_004|partial,21,14,0.33333333333333337,1
trial_20260510_233216_c1edd3,top_cups_01,main,scene_004,cup_only,[],Pick up left most cup.,partial,vlm_best_question,,,,1778423537.2056942,/home/haoandong/ask2act/services/a6000_web/artifacts/offline_experiments/top_cups_01/scenes/scene_004/observation.jpg,2642952c-991c-4e34-a195-0f73880327d2,finished,1,0,cand_001,31.253783464431763,1778423568.4596741,correct,,1778423568.4593737,,False,True,Pick up left most cup.,1,,1,0,31.253783464431763,22,,,Pick up left most cup.,scene_004::Pick up left most cup.,pick up left most cup,0,0,1,0,0,1,cup,scene_004|partial,21,14,0.33333333333333337,1
trial_20260510_233348_108089,top_cups_01,main,scene_004,cup_only,[],Pick up right most cup.,partial,vlm_best_question,,,,1778423629.8461826,/home/haoandong/ask2act/services/a6000_web/artifacts/offline_experiments/top_cups_01/scenes/scene_004/observation.jpg,c9822f30-fdde-4c6a-b8b4-c0241c1b9449,finished,1,0,cand_001,10.572845697402954,1778423640.419215,correct,,1778423640.418928,,False,True,Pick up right most cup.,1,,1,0,10.572845697402954,23,,,Pick up right most cup.,scene_004::Pick up right most cup.,pick up right most cup,0,0,1,0,0,1,cup,scene_004|partial,21,14,0.33333333333333337,2
trial_20260510_233459_f2ddea,top_cups_01,main,scene_004,cup_only,[],Pick up left cup.,partial,vlm_best_question,,,,1778423700.518369,/home/haoandong/ask2act/services/a6000_web/artifacts/offline_experiments/top_cups_01/scenes/scene_004/observation.jpg,ded46bad-5363-4b51-bf3c-fdbc04b23e3b,finished,1,0,cand_001,2.3794102668762207,1778423702.897868,correct,,1778423702.8977215,,False,True,Pick up left cup.,1,,1,0,2.3794102668762207,17,,,Pick up left cup.,scene_004::Pick up left cup.,pick up left cup,0,0,1,0,0,1,cup,scene_004|partial,21,14,0.33333333333333337,2
trial_20260510_233519_9db79d,top_cups_01,main,scene_004,cup_only,[],Pick up left cup.,partial,proposed_efe,,,,1778423720.7340527,/home/haoandong/ask2act/services/a6000_web/artifacts/offline_experiments/top_cups_01/scenes/scene_004/observation.jpg,66787346-0a98-41b8-bad8-3c508040e158,finished,1,0,cand_001,1.6645162105560303,1778423722.3988147,correct,,1778423722.3984647,,False,True,Pick up left cup.,1,,1,0,1.6645162105560303,17,,,Pick up left cup.,scene_004::Pick up left cup.,pick up left cup,0,0,1,0,0,1,cup,scene_004|partial,21,14,0.33333333333333337,2
trial_20260510_233535_534816,top_cups_01,main,scene_004,cup_only,[],Pick up most right cup.,partial,proposed_efe,,,,1778423736.8596416,/home/haoandong/ask2act/services/a6000_web/artifacts/offline_experiments/top_cups_01/scenes/scene_004/observation.jpg,c11cb13b-7557-43d9-97b5-d45db8efd519,finished,1,0,cand_001,4.009392261505127,1778423740.8692374,correct,,1778423740.8689306,,False,True,Pick up most right cup.,1,,1,0,4.009392261505127,23,,,Pick up most right cup.,scene_004::Pick up most right cup.,pick up most right cup,0,0,1,0,0,1,cup,scene_004|partial,21,14,0.33333333333333337,1
trial_20260510_233555_6f4d3a,top_cups_01,main,scene_004,cup_only,[],Pick up right cup.,partial,proposed_efe,,,,1778423756.6221638,/home/haoandong/ask2act/services/a6000_web/artifacts/offline_experiments/top_cups_01/scenes/scene_004/observation.jpg,5fe904af-7ce0-4e8c-af51-d0a060b7a918,finished,1,0,cand_001,3.7973995208740234,1778423760.4197574,correct,,1778423760.41946,,False,True,Pick up right cup.,1,,1,0,3.7973995208740234,18,,,Pick up right cup.,scene_004::Pick up right cup.,pick up right cup,0,0,1,0,0,1,cup,scene_004|partial,21,14,0.33333333333333337,1
trial_20260510_233608_507a2f,top_cups_01,main,scene_004,cup_only,[],Pick up yellow cup.,clear,proposed_efe,,,,1778423769.5716019,/home/haoandong/ask2act/services/a6000_web/artifacts/offline_experiments/top_cups_01/scenes/scene_004/observation.jpg,2eb86d20-1608-4ae7-a456-cc62a6673db3,finished,1,0,cand_001,6.281415700912476,1778423775.8530772,correct,,1778423775.852968,,False,True,Pick up yellow cup.,1,,1,0,6.281415700912476,19,,,Pick up yellow cup.,scene_004::Pick up yellow cup.,pick up yellow cup,0,1,0,0,0,1,cup,scene_004|clear,17,10,0.4117647058823529,1
trial_20260510_233629_3777bd,top_cups_01,main,scene_004,cup_only,[],Pick up left most cup.,clear,proposed_efe,,,,1778423790.762667,/home/haoandong/ask2act/services/a6000_web/artifacts/offline_experiments/top_cups_01/scenes/scene_004/observation.jpg,7e45b750-d229-4ac8-88f9-c68c7f10c81e,finished,1,0,cand_001,2.597816228866577,1778423793.360679,correct,,1778423793.3603795,,False,True,Pick up left most cup.,1,,1,0,2.597816228866577,22,,,Pick up left most cup.,scene_004::Pick up left most cup.,pick up left most cup,0,0,1,0,0,1,cup,scene_004|clear,17,10,0.4117647058823529,2
trial_20260510_233703_dd9ac4,top_cups_01,main,scene_004,cup_only,[],Pick up my cup.,ambiguous,proposed_efe,,,,1778423824.7652795,/home/haoandong/ask2act/services/a6000_web/artifacts/offline_experiments/top_cups_01/scenes/scene_004/observation.jpg,19697a43-cbc9-473c-9cf6-9a6c0716fb7a,finished,6,2,cand_004,182.138286113739,1778424006.9036186,correct,,1778424006.903496,,False,True,Pick up my cup.,6,,1,2,182.138286113739,15,,,Pick up my cup.,scene_004::Pick up my cup.,pick up my cup,1,0,0,0,0,1,cup,scene_004|ambiguous,20,1,0.95,20
trial_20260510_234007_b0149d,top_cups_01,main,scene_004,cup_only,[],Pick up my cup.,ambiguous,proposed_efe,,,,1778424008.8652098,/home/haoandong/ask2act/services/a6000_web/artifacts/offline_experiments/top_cups_01/scenes/scene_004/observation.jpg,c0945870-897b-4f19-8b82-23789bcb5bbe,finished,6,2,cand_003,130.7110254764557,1778424139.5763586,correct,,1778424139.5761395,,False,True,Pick up my cup.,6,,1,2,130.7110254764557,15,,,Pick up my cup.,scene_004::Pick up my cup.,pick up my cup,1,0,0,0,0,1,cup,scene_004|ambiguous,20,1,0.95,20
trial_20260510_234221_085174,top_cups_01,main,scene_004,cup_only,[],Pick up my cup.,ambiguous,proposed_efe,,,,1778424142.4351969,/home/haoandong/ask2act/services/a6000_web/artifacts/offline_experiments/top_cups_01/scenes/scene_004/observation.jpg,c5810109-a7d2-4654-97a3-1894ec70e77b,finished,6,4,cand_006,497.51477456092834,1778424639.9501832,correct,,1778424639.9498124,,False,True,Pick up my cup.,6,,1,4,497.51477456092834,15,,,Pick up my cup.,scene_004::Pick up my cup.,pick up my cup,1,0,0,0,0,1,cup,scene_004|ambiguous,20,1,0.95,20
trial_20260510_235105_b4a3b1,top_cups_01,main,scene_005,cup_only,[],Pick up my cup.,ambiguous,proposed_efe,,,,1778424666.5665054,/home/haoandong/ask2act/services/a6000_web/artifacts/offline_experiments/top_cups_01/scenes/scene_005/observation.jpg,de235a6c-57ca-41bd-93e2-3ee6902792c0,finished,6,3,cand_004,163.57840538024902,1778424830.1449635,correct,,1778424830.1448412,,False,True,Pick up my cup.,6,,1,3,163.57840538024902,15,,,Pick up my cup.,scene_005::Pick up my cup.,pick up my cup,1,0,0,0,0,1,cup,scene_005|ambiguous,21,1,0.9523809523809523,21
trial_20260510_235404_6c3b8b,top_cups_01,main,scene_005,cup_only,[],Pick up my cup.,ambiguous,top_score,,,,1778424845.5889704,/home/haoandong/ask2act/services/a6000_web/artifacts/offline_experiments/top_cups_01/scenes/scene_005/observation.jpg,2d33b12e-4511-4680-8802-c8c3ed76a950,finished,6,0,cand_001,2.778282403945923,1779203277.1330907,wrong,,1778424848.3671203,ambiguity_not_solved,True,True,Pick up my cup.,6,,0,0,2.778282403945923,15,,,Pick up my cup.,scene_005::Pick up my cup.,pick up my cup,1,0,0,0,0,1,cup,scene_005|ambiguous,21,1,0.9523809523809523,21
trial_20260510_235410_d92792,top_cups_01,main,scene_005,cup_only,[],Pick up my cup.,ambiguous,top_score,,,,1778424851.3228903,/home/haoandong/ask2act/services/a6000_web/artifacts/offline_experiments/top_cups_01/scenes/scene_005/observation.jpg,76f9640d-7c4b-47ec-9598-e3bc0f777ca8,finished,6,0,cand_001,2.634957790374756,1779203283.2150187,wrong,,1778424853.9577167,ambiguity_not_solved,True,True,Pick up my cup.,6,,0,0,2.634957790374756,15,,,Pick up my cup.,scene_005::Pick up my cup.,pick up my cup,1,0,0,0,0,1,cup,scene_005|ambiguous,21,1,0.9523809523809523,21
trial_20260510_235415_32d819,top_cups_01,main,scene_005,cup_only,[],Pick up my cup.,ambiguous,top_score,,,,1778424856.777636,/home/haoandong/ask2act/services/a6000_web/artifacts/offline_experiments/top_cups_01/scenes/scene_005/observation.jpg,06f5c24e-258e-4f5c-acc0-d253fdad48f6,finished,6,0,cand_001,3.0108094215393066,1779203288.5265877,wrong,,1778424859.7883806,ambiguity_not_solved,True,True,Pick up my cup.,6,,0,0,3.0108094215393066,15,,,Pick up my cup.,scene_005::Pick up my cup.,pick up my cup,1,0,0,0,0,1,cup,scene_005|ambiguous,21,1,0.9523809523809523,21
trial_20260510_235447_a70add,top_cups_01,main,scene_005,cup_only,[],Pick up left most cup.,partial,top_score,,,,1778424888.5893376,/home/haoandong/ask2act/services/a6000_web/artifacts/offline_experiments/top_cups_01/scenes/scene_005/observation.jpg,4b3d031c-7424-4be4-8601-2a4d635518cb,finished,1,0,cand_001,4.832101345062256,1778424893.4215446,correct,,1778424893.4213698,,False,True,Pick up left most cup.,1,,1,0,4.832101345062256,22,,,Pick up left most cup.,scene_005::Pick up left most cup.,pick up left most cup,0,0,1,0,0,1,cup,scene_005|partial,22,15,0.31818181818181823,1
trial_20260510_235521_fb57d2,top_cups_01,main,scene_005,cup_only,[],Pick up the bottom cup.,partial,top_score,,,,1778424922.66171,/home/haoandong/ask2act/services/a6000_web/artifacts/offline_experiments/top_cups_01/scenes/scene_005/observation.jpg,493c8039-f8f6-4dc5-b460-4e43574d02a5,finished,1,0,cand_001,3.5635218620300293,1778424926.2252867,correct,,1778424926.2251856,,False,True,Pick up the bottom cup.,1,,1,0,3.5635218620300293,23,,,Pick up the bottom cup.,scene_005::Pick up the bottom cup.,pick up the bottom cup,0,0,1,0,0,1,cup,scene_005|partial,22,15,0.31818181818181823,1
trial_20260510_235538_5533d0,top_cups_01,main,scene_005,cup_only,[],Pick up the yellow cup.,partial,top_score,,,,1778424939.4149978,/home/haoandong/ask2act/services/a6000_web/artifacts/offline_experiments/top_cups_01/scenes/scene_005/observation.jpg,d50b1104-4195-45f6-8750-062abe161e7e,finished,1,0,cand_001,9.612827777862549,1779203311.3464942,correct,,1778424949.0277207,,True,True,Pick up the yellow cup.,1,,1,0,9.612827777862549,23,,,Pick up the yellow cup.,scene_005::Pick up the yellow cup.,pick up the yellow cup,0,1,0,0,0,1,cup,scene_005|partial,22,15,0.31818181818181823,1
trial_20260510_235638_545832,top_cups_01,main,scene_005,cup_only,[],Pick up the left most cup.,partial,top_score,,,,1778424999.9975698,/home/haoandong/ask2act/services/a6000_web/artifacts/offline_experiments/top_cups_01/scenes/scene_005/observation.jpg,7e2b2aa9-8912-417b-a4b9-4182a2a12767,finished,1,0,cand_001,2.7190566062927246,1778425002.7166817,correct,,1778425002.7165787,,False,True,Pick up the left most cup.,1,,1,0,2.7190566062927246,26,,,Pick up the left most cup.,scene_005::Pick up the left most cup.,pick up the left most cup,0,0,1,0,0,1,cup,scene_005|partial,22,15,0.31818181818181823,2
trial_20260510_235803_a463b7,top_cups_01,main,scene_005,cup_only,[],Pick up the left most cup.,partial,random_candidate,,,,1778425085.1113598,/home/haoandong/ask2act/services/a6000_web/artifacts/offline_experiments/top_cups_01/scenes/scene_005/observation.jpg,2b52adbb-4569-4d6c-984c-27632e7eb15e,finished,1,0,cand_001,9.764896631240845,1778425094.8763094,correct,,1778425094.8762043,,False,True,Pick up the left most cup.,1,,1,0,9.764896631240845,26,,,Pick up the left most cup.,scene_005::Pick up the left most cup.,pick up the left most cup,0,0,1,0,0,1,cup,scene_005|partial,22,15,0.31818181818181823,2
trial_20260510_235828_760a10,top_cups_01,main,scene_005,cup_only,[],Pick up the second left cup.,clear,random_candidate,,,,1778425109.9049804,/home/haoandong/ask2act/services/a6000_web/artifacts/offline_experiments/top_cups_01/scenes/scene_005/observation.jpg,ca3b273e-0a44-44bd-8429-ebe330ae3592,finished,1,0,cand_001,3.3583385944366455,1778425113.2633762,correct,,1778425113.263273,,False,True,Pick up the second left cup.,1,,1,0,3.3583385944366455,28,,,Pick up the second left cup.,scene_005::Pick up the second left cup.,pick up the second left cup,0,0,1,0,0,1,cup,scene_005|clear,16,13,0.1875,2
trial_20260510_235846_4a6fd6,top_cups_01,main,scene_005,cup_only,[],Pick up the green cup.,clear,random_candidate,,,,1778425127.111875,/home/haoandong/ask2act/services/a6000_web/artifacts/offline_experiments/top_cups_01/scenes/scene_005/observation.jpg,7ba7fb45-be8d-432a-a828-24119814f471,finished,2,0,cand_001,22.924997568130493,1779203326.7474878,correct,,1778425150.0368168,,True,True,Pick up the green cup.,2,,1,0,22.924997568130493,22,,,Pick up the green cup.,scene_005::Pick up the green cup.,pick up the green cup,0,1,0,0,0,1,cup,scene_005|clear,16,13,0.1875,1
trial_20260510_235937_2712aa,top_cups_01,main,scene_005,cup_only,[],Pick up center cup.,clear,random_candidate,,,,1778425178.3699615,/home/haoandong/ask2act/services/a6000_web/artifacts/offline_experiments/top_cups_01/scenes/scene_005/observation.jpg,bc83cd9b-908c-4611-8cc4-cd21953e1c8e,finished,1,0,cand_001,3.5641796588897705,1778425181.9343526,correct,,1778425181.9340286,,False,True,Pick up center cup.,1,,1,0,3.5641796588897705,19,,,Pick up center cup.,scene_005::Pick up center cup.,pick up center cup,0,0,1,0,0,1,cup,scene_005|clear,16,13,0.1875,1
trial_20260510_235950_946ea7,top_cups_01,main,scene_005,cup_only,[],Pick up right cup.,partial,random_candidate,,,,1778425191.7809565,/home/haoandong/ask2act/services/a6000_web/artifacts/offline_experiments/top_cups_01/scenes/scene_005/observation.jpg,808aaa32-b751-478a-9525-de7f0f4d218d,finished,6,0,cand_003,8.257492303848267,1779203406.1943398,wrong,,1778425200.0383089,gd_missing_target_candidate,True,True,Pick up right cup.,6,,0,0,8.257492303848267,18,,,Pick up right cup.,scene_005::Pick up right cup.,pick up right cup,0,0,1,0,0,1,cup,scene_005|partial,22,15,0.31818181818181823,1
trial_20260511_000008_6acb45,top_cups_01,main,scene_005,cup_only,[],Pick up green cup.,partial,random_candidate,,,,1778425209.3206258,/home/haoandong/ask2act/services/a6000_web/artifacts/offline_experiments/top_cups_01/scenes/scene_005/observation.jpg,ab9288a8-8f2a-416b-ac43-159f39b0b196,finished,2,0,cand_002,7.782282114028931,1778425217.1029618,correct,,1778425217.102857,,False,True,Pick up green cup.,2,,1,0,7.782282114028931,18,,,Pick up green cup.,scene_005::Pick up green cup.,pick up green cup,0,1,0,0,0,1,cup,scene_005|partial,22,15,0.31818181818181823,2
trial_20260511_000036_e8b2f0,top_cups_01,main,scene_005,cup_only,[],Pick up my cup.,ambiguous,random_candidate,,,,1778425237.2398205,/home/haoandong/ask2act/services/a6000_web/artifacts/offline_experiments/top_cups_01/scenes/scene_005/observation.jpg,130e45bb-bc9b-452d-b89b-bad683ee64a1,finished,6,0,cand_003,5.776908874511719,1779203429.0932198,wrong,,1778425243.0165932,ambiguity_not_solved,True,True,Pick up my cup.,6,,0,0,5.776908874511719,15,,,Pick up my cup.,scene_005::Pick up my cup.,pick up my cup,1,0,0,0,0,1,cup,scene_005|ambiguous,21,1,0.9523809523809523,21
trial_20260511_000044_945aef,top_cups_01,main,scene_005,cup_only,[],Pick up my cup.,ambiguous,random_candidate,,,,1778425245.041746,/home/haoandong/ask2act/services/a6000_web/artifacts/offline_experiments/top_cups_01/scenes/scene_005/observation.jpg,1d7d8309-7a4e-4dcb-a39d-c3eea00fb1b5,finished,6,0,cand_001,5.051869869232178,1779203434.0228117,wrong,,1778425250.0935636,,True,True,Pick up my cup.,6,,0,0,5.051869869232178,15,,,Pick up my cup.,scene_005::Pick up my cup.,pick up my cup,1,0,0,0,0,1,cup,scene_005|ambiguous,21,1,0.9523809523809523,21
trial_20260511_000051_acde57,top_cups_01,main,scene_005,cup_only,[],Pick up my cup.,ambiguous,random_candidate,,,,1778425252.2467966,/home/haoandong/ask2act/services/a6000_web/artifacts/offline_experiments/top_cups_01/scenes/scene_005/observation.jpg,903e4399-060b-43dd-b0d1-d3b54baf3d53,finished,6,0,cand_005,3.3741648197174072,1778425255.6210248,correct,,1778425255.6208982,,False,True,Pick up my cup.,6,,1,0,3.3741648197174072,15,,,Pick up my cup.,scene_005::Pick up my cup.,pick up my cup,1,0,0,0,0,1,cup,scene_005|ambiguous,21,1,0.9523809523809523,21
trial_20260511_000113_d7785a,top_cups_01,main,scene_005,cup_only,[],Pick up my cup.,ambiguous,vlm_direct,,,,1778425274.1761115,/home/haoandong/ask2act/services/a6000_web/artifacts/offline_experiments/top_cups_01/scenes/scene_005/observation.jpg,dbbfc8ee-059f-4941-b2d1-71c904db65fd,finished,6,0,cand_001,48.32272171974182,1779203445.2483447,wrong,,1778425322.4987664,ambiguity_not_solved,True,True,Pick up my cup.,6,,0,0,48.32272171974182,15,,,Pick up my cup.,scene_005::Pick up my cup.,pick up my cup,1,0,0,0,0,1,cup,scene_005|ambiguous,21,1,0.9523809523809523,21
trial_20260511_000356_75b4bc,top_cups_01,main,scene_005,cup_only,[],Pick up my cup.,ambiguous,vlm_direct,,,,1778425437.0334766,/home/haoandong/ask2act/services/a6000_web/artifacts/offline_experiments/top_cups_01/scenes/scene_005/observation.jpg,b7e6fcf9-4c56-4842-9398-9e14e77f1ccd,finished,6,0,cand_001,47.412277698516846,1779203454.7417867,wrong,,1778425484.4456198,ambiguity_not_solved,True,True,Pick up my cup.,6,,0,0,47.412277698516846,15,,,Pick up my cup.,scene_005::Pick up my cup.,pick up my cup,1,0,0,0,0,1,cup,scene_005|ambiguous,21,1,0.9523809523809523,21
trial_20260511_000748_3de706,top_cups_01,main,scene_005,cup_only,[],Pick up left cup.,partial,vlm_direct,,,,1778425669.6146867,/home/haoandong/ask2act/services/a6000_web/artifacts/offline_experiments/top_cups_01/scenes/scene_005/observation.jpg,135cbd90-585f-4d53-843b-9c6365e06f2e,finished,1,0,cand_001,2.7222893238067627,1779203518.090754,wrong,,1778425672.336929,gd_missing_target_candidate,True,True,Pick up left cup.,1,,0,0,2.7222893238067627,17,,,Pick up left cup.,scene_005::Pick up left cup.,pick up left cup,0,0,1,0,0,1,cup,scene_005|partial,22,15,0.31818181818181823,1
trial_20260511_000804_231fd3,top_cups_01,main,scene_005,cup_only,[],Pick up green cup.,partial,vlm_direct,,,,1778425685.8284557,/home/haoandong/ask2act/services/a6000_web/artifacts/offline_experiments/top_cups_01/scenes/scene_005/observation.jpg,76779635-4ee3-47b7-bd23-3162a7471eae,finished,2,0,cand_001,50.770216941833496,1779203557.7685392,wrong,,1778425736.5986195,ambiguity_not_solved,True,True,Pick up green cup.,2,,0,0,50.770216941833496,18,,,Pick up green cup.,scene_005::Pick up green cup.,pick up green cup,0,1,0,0,0,1,cup,scene_005|partial,22,15,0.31818181818181823,2
trial_20260511_001025_dafd73,top_cups_01,main,scene_005,cup_only,[],Pick up metal cup.,partial,vlm_direct,,,,1778425827.1669989,/home/haoandong/ask2act/services/a6000_web/artifacts/offline_experiments/top_cups_01/scenes/scene_005/observation.jpg,c77ce3e5-e8fe-409c-a3db-a5bfc61f63c8,finished,1,0,cand_001,3.4453353881835938,1779203594.8138692,wrong,,1778425830.6122854,wrong_object_selected,True,True,Pick up metal cup.,1,,0,0,3.4453353881835938,18,,,Pick up metal cup.,scene_005::Pick up metal cup.,pick up metal cup,0,0,0,0,0,0,cup,scene_005|partial,22,15,0.31818181818181823,1
trial_20260511_001110_a7968b,top_cups_01,main,scene_005,cup_only,[],Pick up brown cup.,clear,vlm_direct,,,,1778425871.7053027,/home/haoandong/ask2act/services/a6000_web/artifacts/offline_experiments/top_cups_01/scenes/scene_005/observation.jpg,ec206b45-e9e1-4771-babb-0249ec8d6d52,finished,1,0,cand_001,2.8503527641296387,1778425874.5558474,correct,,1778425874.555545,,False,True,Pick up brown cup.,1,,1,0,2.8503527641296387,18,,,Pick up brown cup.,scene_005::Pick up brown cup.,pick up brown cup,0,0,0,0,0,0,cup,scene_005|clear,16,13,0.1875,1
trial_20260511_001123_c1793e,top_cups_01,main,scene_005,cup_only,[],Pick up blue cup.,clear,vlm_direct,,,,1778425885.2137692,/home/haoandong/ask2act/services/a6000_web/artifacts/offline_experiments/top_cups_01/scenes/scene_005/observation.jpg,3f8cf401-2832-485d-a198-97e9f7297f39,finished,1,0,cand_001,2.740354061126709,1778425887.9542112,correct,,1778425887.9540622,,False,True,Pick up blue cup.,1,,1,0,2.740354061126709,17,,,Pick up blue cup.,scene_005::Pick up blue cup.,pick up blue cup,0,1,0,0,0,1,cup,scene_005|clear,16,13,0.1875,1
trial_20260511_001153_215498,top_cups_01,main,scene_005,cup_only,[],Pick up bottom cup.,clear,vlm_direct,,,,1778425914.9547176,/home/haoandong/ask2act/services/a6000_web/artifacts/offline_experiments/top_cups_01/scenes/scene_005/observation.jpg,d49523d2-ceda-4c95-b9d8-67386d0dbc76,finished,1,0,cand_001,2.9724245071411133,1778425917.9273267,correct,,1778425917.9270415,,False,True,Pick up bottom cup.,1,,1,0,2.9724245071411133,19,,,Pick up bottom cup.,scene_005::Pick up bottom cup.,pick up bottom cup,0,0,1,0,0,1,cup,scene_005|clear,16,13,0.1875,2
trial_20260511_001215_d5461c,top_cups_01,main,scene_005,cup_only,[],Pick up bottom cup.,clear,first_question,,,,1778425937.038636,/home/haoandong/ask2act/services/a6000_web/artifacts/offline_experiments/top_cups_01/scenes/scene_005/observation.jpg,d4cf617b-ee02-4317-bf34-57944b58d47a,finished,1,0,cand_001,1.9904232025146484,1778425939.0292556,correct,,1778425939.0289557,,False,True,Pick up bottom cup.,1,,1,0,1.9904232025146484,19,,,Pick up bottom cup.,scene_005::Pick up bottom cup.,pick up bottom cup,0,0,1,0,0,1,cup,scene_005|clear,16,13,0.1875,2
trial_20260511_001259_18590e,top_cups_01,main,scene_005,cup_only,[],Pick up left most cup.,clear,first_question,,,,1778425980.840662,/home/haoandong/ask2act/services/a6000_web/artifacts/offline_experiments/top_cups_01/scenes/scene_005/observation.jpg,ffe975c9-a15f-4f99-898f-a8000ea5ac67,finished,1,0,cand_001,28.999735593795776,1778426009.840451,correct,,1778426009.8403473,,False,True,Pick up left most cup.,1,,1,0,28.999735593795776,22,,,Pick up left most cup.,scene_005::Pick up left most cup.,pick up left most cup,0,0,1,0,0,1,cup,scene_005|clear,16,13,0.1875,1
trial_20260511_001350_efc877,top_cups_01,main,scene_005,cup_only,[],Pick up the center cup.,clear,first_question,,,,1778426031.3301737,/home/haoandong/ask2act/services/a6000_web/artifacts/offline_experiments/top_cups_01/scenes/scene_005/observation.jpg,9bd8a407-be84-4629-86c1-58fa106ed33d,finished,1,0,cand_001,3.42435622215271,1778426034.7545826,correct,,1778426034.7544832,,False,True,Pick up the center cup.,1,,1,0,3.42435622215271,23,,,Pick up the center cup.,scene_005::Pick up the center cup.,pick up the center cup,0,0,1,0,0,1,cup,scene_005|clear,16,13,0.1875,1
trial_20260511_001410_917087,top_cups_01,main,scene_005,cup_only,[],Pick up the green cup.,partial,first_question,,,,1778426051.1215885,/home/haoandong/ask2act/services/a6000_web/artifacts/offline_experiments/top_cups_01/scenes/scene_005/observation.jpg,e67ecb79-6881-419d-af51-9a777401804d,finished,2,1,cand_002,134.90897965431213,1778426186.0306296,correct,,1778426186.0305088,,False,True,Pick up the green cup.,2,,1,1,134.90897965431213,22,,,Pick up the green cup.,scene_005::Pick up the green cup.,pick up the green cup,0,1,0,0,0,1,cup,scene_005|partial,22,15,0.31818181818181823,4
trial_20260511_001643_4c5e53,top_cups_01,main,scene_005,cup_only,[],Pick up the top cup.,partial,first_question,,,,1778426204.504719,/home/haoandong/ask2act/services/a6000_web/artifacts/offline_experiments/top_cups_01/scenes/scene_005/observation.jpg,c0bc283a-402e-4ced-9ba3-9490e970b702,finished,6,1,cand_003,49.2640962600708,1778426253.7688708,correct,,1778426253.7687507,,False,True,Pick up the top cup.,6,,1,1,49.2640962600708,20,,,Pick up the top cup.,scene_005::Pick up the top cup.,pick up the top cup,0,0,1,0,0,1,cup,scene_005|partial,22,15,0.31818181818181823,1
trial_20260511_001749_c2da03,top_cups_01,main,scene_005,cup_only,[],Pick up my cup.,ambiguous,first_question,,,,1778426269.8947053,/home/haoandong/ask2act/services/a6000_web/artifacts/offline_experiments/top_cups_01/scenes/scene_005/observation.jpg,e042899a-a4de-4838-b135-eec6df9ec9ae,finished,6,4,cand_003,186.89465498924255,1778426456.789441,correct,,1778426456.7892694,,False,True,Pick up my cup.,6,,1,4,186.89465498924255,15,,,Pick up my cup.,scene_005::Pick up my cup.,pick up my cup,1,0,0,0,0,1,cup,scene_005|ambiguous,21,1,0.9523809523809523,21
trial_20260511_002106_e630ec,top_cups_01,main,scene_005,cup_only,[],Pick up my cup.,ambiguous,first_question,,,,1778426467.15073,/home/haoandong/ask2act/services/a6000_web/artifacts/offline_experiments/top_cups_01/scenes/scene_005/observation.jpg,15e87a9c-d9e9-47fb-98ed-039d0c649c5b,finished,6,4,cand_001,225.45251893997192,1778426692.603315,correct,,1778426692.6031682,,False,True,Pick up my cup.,6,,1,4,225.45251893997192,15,,,Pick up my cup.,scene_005::Pick up my cup.,pick up my cup,1,0,0,0,0,1,cup,scene_005|ambiguous,21,1,0.9523809523809523,21
trial_20260511_002511_4c0aa2,top_cups_01,main,scene_005,cup_only,[],Pick up my cup.,ambiguous,first_question,,,,1778426712.5380604,/home/haoandong/ask2act/services/a6000_web/artifacts/offline_experiments/top_cups_01/scenes/scene_005/observation.jpg,704580b2-1448-4532-b9a2-0df987ae78f0,finished,6,3,cand_004,235.02654147148132,1778426947.5648015,correct,,1778426947.5644505,,False,True,Pick up my cup.,6,,1,3,235.02654147148132,15,,,Pick up my cup.,scene_005::Pick up my cup.,pick up my cup,1,0,0,0,0,1,cup,scene_005|ambiguous,21,1,0.9523809523809523,21
trial_20260511_002919_72d0b0,top_cups_01,main,scene_005,cup_only,[],Pick up my cup.,ambiguous,random_question,,,,1778426960.4154613,/home/haoandong/ask2act/services/a6000_web/artifacts/offline_experiments/top_cups_01/scenes/scene_005/observation.jpg,fca61ed8-6a6a-49e0-a4ff-6a81e7884c9f,finished,6,5,cand_003,347.49910736083984,1778427307.9146245,correct,,1778427307.914493,,False,True,Pick up my cup.,6,,1,5,347.49910736083984,15,,,Pick up my cup.,scene_005::Pick up my cup.,pick up my cup,1,0,0,0,0,1,cup,scene_005|ambiguous,21,1,0.9523809523809523,21
trial_20260511_003513_0c2be0,top_cups_01,main,scene_005,cup_only,[],Pick up my cup.,ambiguous,random_question,,,,1778427314.7000847,/home/haoandong/ask2act/services/a6000_web/artifacts/offline_experiments/top_cups_01/scenes/scene_005/observation.jpg,86d6033a-38a5-4586-b8b1-bf7816ff7743,finished,6,2,cand_001,89.44473314285278,1778427404.144876,correct,,1778427404.1447499,,False,True,Pick up my cup.,6,,1,2,89.44473314285278,15,,,Pick up my cup.,scene_005::Pick up my cup.,pick up my cup,1,0,0,0,0,1,cup,scene_005|ambiguous,21,1,0.9523809523809523,21
trial_20260511_003648_2e2a53,top_cups_01,main,scene_005,cup_only,[],Pick up my cup.,ambiguous,random_question,,,,1778427409.057934,/home/haoandong/ask2act/services/a6000_web/artifacts/offline_experiments/top_cups_01/scenes/scene_005/observation.jpg,395ca0ea-db39-49e1-9af7-4fd19327d546,finished,6,2,cand_005,100.18293380737305,1778427509.2410705,correct,,1778427509.2407184,,False,True,Pick up my cup.,6,,1,2,100.18293380737305,15,,,Pick up my cup.,scene_005::Pick up my cup.,pick up my cup,1,0,0,0,0,1,cup,scene_005|ambiguous,21,1,0.9523809523809523,21
trial_20260511_003848_134d16,top_cups_01,main,scene_005,cup_only,[],Pick up the center cup.,partial,random_question,,,,1778427529.6685343,/home/haoandong/ask2act/services/a6000_web/artifacts/offline_experiments/top_cups_01/scenes/scene_005/observation.jpg,3e850b9a-6dd5-4f23-9b79-8c98cc64180e,finished,1,0,cand_001,3.8730390071868896,1778427533.5416286,correct,,1778427533.5415244,,False,True,Pick up the center cup.,1,,1,0,3.8730390071868896,23,,,Pick up the center cup.,scene_005::Pick up the center cup.,pick up the center cup,0,0,1,0,0,1,cup,scene_005|partial,22,15,0.31818181818181823,3
trial_20260511_003901_fc315b,top_cups_01,main,scene_005,cup_only,[],Pick up the left cup.,partial,random_question,,,,1778427542.552282,/home/haoandong/ask2act/services/a6000_web/artifacts/offline_experiments/top_cups_01/scenes/scene_005/observation.jpg,aa7ecb0a-b689-460e-8cfd-b750539d3f3c,finished,1,0,cand_001,4.030750751495361,1778427546.583088,correct,,1778427546.582984,,False,True,Pick up the left cup.,1,,1,0,4.030750751495361,21,,,Pick up the left cup.,scene_005::Pick up the left cup.,pick up the left cup,0,0,1,0,0,1,cup,scene_005|partial,22,15,0.31818181818181823,1
trial_20260511_003916_fab9a1,top_cups_01,main,scene_005,cup_only,[],Pick up the green cup.,partial,random_question,,,,1778427557.1424856,/home/haoandong/ask2act/services/a6000_web/artifacts/offline_experiments/top_cups_01/scenes/scene_005/observation.jpg,597f1177-20a3-46ee-8b25-88f7fbd7bcdf,finished,2,1,cand_002,113.55972528457642,1778427670.7023194,correct,,1778427670.7021463,,False,True,Pick up the green cup.,2,,1,1,113.55972528457642,22,,,Pick up the green cup.,scene_005::Pick up the green cup.,pick up the green cup,0,1,0,0,0,1,cup,scene_005|partial,22,15,0.31818181818181823,4
trial_20260511_004125_47b92c,top_cups_01,main,scene_005,cup_only,[],Pick up the orange cup.,partial,random_question,,,,1778427686.6737187,/home/haoandong/ask2act/services/a6000_web/artifacts/offline_experiments/top_cups_01/scenes/scene_005/observation.jpg,0dc44f8d-1cc0-42a4-bcbe-d6a29386c3ed,finished,1,0,cand_001,2.4816222190856934,1778427689.1555374,correct,,1778427689.1552348,,False,True,Pick up the orange cup.,1,,1,0,2.4816222190856934,23,,,Pick up the orange cup.,scene_005::Pick up the orange cup.,pick up the orange cup,0,1,0,0,0,1,cup,scene_005|partial,22,15,0.31818181818181823,1
trial_20260511_004141_0f8ba6,top_cups_01,main,scene_005,cup_only,[],Pick up the brown cup.,partial,random_question,,,,1778427703.1435156,/home/haoandong/ask2act/services/a6000_web/artifacts/offline_experiments/top_cups_01/scenes/scene_005/observation.jpg,c16aff59-ca95-4909-80c3-ee86299de23e,finished,1,0,cand_001,3.6934638023376465,1778427706.8371665,correct,,1778427706.836881,,False,True,Pick up the brown cup.,1,,1,0,3.6934638023376465,22,,,Pick up the brown cup.,scene_005::Pick up the brown cup.,pick up the brown cup,0,0,0,0,0,0,cup,scene_005|partial,22,15,0.31818181818181823,1
trial_20260511_004159_fc20ca,top_cups_01,main,scene_005,cup_only,[],Pick up the left most cup.,clear,random_question,,,,1778427720.8966916,/home/haoandong/ask2act/services/a6000_web/artifacts/offline_experiments/top_cups_01/scenes/scene_005/observation.jpg,62961a31-e188-4799-a50e-9c9beb78301d,finished,1,0,cand_001,3.467459201812744,1778427724.3642032,correct,,1778427724.3641024,,False,True,Pick up the left most cup.,1,,1,0,3.467459201812744,26,,,Pick up the left most cup.,scene_005::Pick up the left most cup.,pick up the left most cup,0,0,1,0,0,1,cup,scene_005|clear,16,13,0.1875,2
trial_20260511_004209_3cf81d,top_cups_01,main,scene_005,cup_only,[],Pick up the left most cup.,clear,vlm_best_question,,,,1778427730.5358691,/home/haoandong/ask2act/services/a6000_web/artifacts/offline_experiments/top_cups_01/scenes/scene_005/observation.jpg,721d5972-72c6-43f0-917f-17da5eb8a506,finished,1,0,cand_001,2.6466612815856934,1778427733.1827288,correct,,1778427733.1824303,,False,True,Pick up the left most cup.,1,,1,0,2.6466612815856934,26,,,Pick up the left most cup.,scene_005::Pick up the left most cup.,pick up the left most cup,0,0,1,0,0,1,cup,scene_005|clear,16,13,0.1875,2
trial_20260511_004222_bb42d0,top_cups_01,main,scene_005,cup_only,[],Pick up the blue cup.,clear,vlm_best_question,,,,1778427744.1626282,/home/haoandong/ask2act/services/a6000_web/artifacts/offline_experiments/top_cups_01/scenes/scene_005/observation.jpg,6897761b-6b15-49c8-a1f5-7e4fb2f498e3,finished,1,0,cand_001,11.441522121429443,1778427755.6042075,correct,,1778427755.6041036,,False,True,Pick up the blue cup.,1,,1,0,11.441522121429443,21,,,Pick up the blue cup.,scene_005::Pick up the blue cup.,pick up the blue cup,0,1,0,0,0,1,cup,scene_005|clear,16,13,0.1875,1
trial_20260511_004258_5e2016,top_cups_01,main,scene_005,cup_only,[],Pick up the white cup.,clear,vlm_best_question,,,,1778427779.7211974,/home/haoandong/ask2act/services/a6000_web/artifacts/offline_experiments/top_cups_01/scenes/scene_005/observation.jpg,d11b35ff-a975-44ec-9d6a-7aeb3a3060c8,finished,1,0,cand_001,3.8994505405426025,1778427783.6207037,correct,,1778427783.6205988,,False,True,Pick up the white cup.,1,,1,0,3.8994505405426025,22,,,Pick up the white cup.,scene_005::Pick up the white cup.,pick up the white cup,0,1,0,0,0,1,cup,scene_005|clear,16,13,0.1875,1
trial_20260511_004321_09cb5c,top_cups_01,main,scene_005,cup_only,[],Pick up the center cup.,partial,vlm_best_question,,,,1778427803.1965306,/home/haoandong/ask2act/services/a6000_web/artifacts/offline_experiments/top_cups_01/scenes/scene_005/observation.jpg,1939114e-6a68-465b-9967-f408c2a03b10,finished,1,0,cand_001,2.3244667053222656,1778427805.5210507,correct,,1778427805.5209494,,False,True,Pick up the center cup.,1,,1,0,2.3244667053222656,23,,,Pick up the center cup.,scene_005::Pick up the center cup.,pick up the center cup,0,0,1,0,0,1,cup,scene_005|partial,22,15,0.31818181818181823,3
trial_20260511_004930_7fa41f,top_cups_01,main,scene_005,cup_only,[],Pick up the green cup.,partial,vlm_best_question,,,,1778428171.425461,/home/haoandong/ask2act/services/a6000_web/artifacts/offline_experiments/top_cups_01/scenes/scene_005/observation.jpg,b4d14d27-8122-432a-a952-2c5714c562be,finished,2,1,cand_002,61.006277561187744,1778428232.431796,correct,,1778428232.4316788,,False,True,Pick up the green cup.,2,,1,1,61.006277561187744,22,,,Pick up the green cup.,scene_005::Pick up the green cup.,pick up the green cup,0,1,0,0,0,1,cup,scene_005|partial,22,15,0.31818181818181823,4
trial_20260511_005040_b9418d,top_cups_01,main,scene_005,cup_only,[],Pick up my cup.,ambiguous,vlm_best_question,,,,1778428241.6442583,/home/haoandong/ask2act/services/a6000_web/artifacts/offline_experiments/top_cups_01/scenes/scene_005/observation.jpg,8eb5292b-72f2-4ab7-be2a-d92830ad8775,finished,6,5,cand_003,255.38953804969788,1778428497.0338528,correct,,1778428497.0337334,,False,True,Pick up my cup.,6,,1,5,255.38953804969788,15,,,Pick up my cup.,scene_005::Pick up my cup.,pick up my cup,1,0,0,0,0,1,cup,scene_005|ambiguous,21,1,0.9523809523809523,21
trial_20260511_005511_ad44d3,top_cups_01,main,scene_005,cup_only,[],Pick up my cup.,ambiguous,vlm_best_question,,,,1778428512.3111596,/home/haoandong/ask2act/services/a6000_web/artifacts/offline_experiments/top_cups_01/scenes/scene_005/observation.jpg,56141361-4e86-4e9b-93a4-65640f54f9ba,finished,6,4,cand_001,196.07706570625305,1778428708.3884284,correct,,1778428708.3880656,,False,True,Pick up my cup.,6,,1,4,196.07706570625305,15,,,Pick up my cup.,scene_005::Pick up my cup.,pick up my cup,1,0,0,0,0,1,cup,scene_005|ambiguous,21,1,0.9523809523809523,21
trial_20260511_005835_f47a65,top_cups_01,main,scene_005,cup_only,[],Pick up my cup.,ambiguous,vlm_best_question,,,,1778428716.494063,/home/haoandong/ask2act/services/a6000_web/artifacts/offline_experiments/top_cups_01/scenes/scene_005/observation.jpg,21304b73-9693-4df7-9001-231a07915177,finished,6,5,cand_005,317.3985013961792,1778429033.892775,correct,,1778429033.892403,,False,True,Pick up my cup.,6,,1,5,317.3985013961792,15,,,Pick up my cup.,scene_005::Pick up my cup.,pick up my cup,1,0,0,0,0,1,cup,scene_005|ambiguous,21,1,0.9523809523809523,21
trial_20260511_010408_b7c385,top_cups_01,main,scene_005,cup_only,[],Pick up the orange cup.,clear,proposed_efe,,,,1778429049.421812,/home/haoandong/ask2act/services/a6000_web/artifacts/offline_experiments/top_cups_01/scenes/scene_005/observation.jpg,0325ae34-00f2-42d6-81ef-5ac0180661cb,finished,1,0,cand_001,11.549727201461792,1778429060.9715922,correct,,1778429060.9714918,,False,True,Pick up the orange cup.,1,,1,0,11.549727201461792,23,,,Pick up the orange cup.,scene_005::Pick up the orange cup.,pick up the orange cup,0,1,0,0,0,1,cup,scene_005|clear,16,13,0.1875,1
trial_20260511_010433_e12b57,top_cups_01,main,scene_005,cup_only,[],Pick up the second left cup.,clear,proposed_efe,,,,1778429074.9164588,/home/haoandong/ask2act/services/a6000_web/artifacts/offline_experiments/top_cups_01/scenes/scene_005/observation.jpg,542273c9-89bf-4073-9312-8f410d1f94f9,finished,1,0,cand_001,4.0173258781433105,1778429078.9338553,correct,,1778429078.9337308,,False,True,Pick up the second left cup.,1,,1,0,4.0173258781433105,28,,,Pick up the second left cup.,scene_005::Pick up the second left cup.,pick up the second left cup,0,0,1,0,0,1,cup,scene_005|clear,16,13,0.1875,2
trial_20260511_010458_f08a3f,top_cups_01,main,scene_005,cup_only,[],Pick up the bottom cup.,clear,proposed_efe,,,,1778429099.775781,/home/haoandong/ask2act/services/a6000_web/artifacts/offline_experiments/top_cups_01/scenes/scene_005/observation.jpg,025030fc-5af8-482a-85bf-57fd2fd3dbd8,finished,1,0,cand_001,2.917069911956787,1778429102.6929057,correct,,1778429102.6928031,,False,True,Pick up the bottom cup.,1,,1,0,2.917069911956787,23,,,Pick up the bottom cup.,scene_005::Pick up the bottom cup.,pick up the bottom cup,0,0,1,0,0,1,cup,scene_005|clear,16,13,0.1875,1
trial_20260511_010519_5b4d4a,top_cups_01,main,scene_005,cup_only,[],Pick up the center cup.,partial,proposed_efe,,,,1778429121.1534302,/home/haoandong/ask2act/services/a6000_web/artifacts/offline_experiments/top_cups_01/scenes/scene_005/observation.jpg,3f7118ec-875b-4640-ac14-d2344feeaf09,finished,1,0,cand_001,3.0943520069122314,1778429124.2478416,correct,,1778429124.247735,,False,True,Pick up the center cup.,1,,1,0,3.0943520069122314,23,,,Pick up the center cup.,scene_005::Pick up the center cup.,pick up the center cup,0,0,1,0,0,1,cup,scene_005|partial,22,15,0.31818181818181823,3
trial_20260511_010531_3d5d51,top_cups_01,main,scene_005,cup_only,[],Pick up the green cup.,partial,proposed_efe,,,,1778429132.8501253,/home/haoandong/ask2act/services/a6000_web/artifacts/offline_experiments/top_cups_01/scenes/scene_005/observation.jpg,47074262-ae9d-48ec-b01f-1649d5cb39b0,finished,2,1,cand_002,75.25892043113708,1778429208.1091084,correct,,1778429208.1089854,,False,True,Pick up the green cup.,2,,1,1,75.25892043113708,22,,,Pick up the green cup.,scene_005::Pick up the green cup.,pick up the green cup,0,1,0,0,0,1,cup,scene_005|partial,22,15,0.31818181818181823,4
trial_20260511_011007_bf4f29,top_cups_01,main,scene_005,cup_only,[],Pick up the right cup.,partial,proposed_efe,,,,1778429408.941575,/home/haoandong/ask2act/services/a6000_web/artifacts/offline_experiments/top_cups_01/scenes/scene_005/observation.jpg,6d38e620-c8bd-488a-9e6c-f38139087650,finished,6,2,cand_004,165.39338541030884,1778429574.335018,correct,,1778429574.334894,,False,True,Pick up the right cup.,6,,1,2,165.39338541030884,22,,,Pick up the right cup.,scene_005::Pick up the right cup.,pick up the right cup,0,0,1,0,0,1,cup,scene_005|partial,22,15,0.31818181818181823,1
trial_20260511_011316_c86a37,top_cups_01,main,scene_005,cup_only,[],Pick up my cup.,ambiguous,proposed_efe,,,,1778429597.2031105,/home/haoandong/ask2act/services/a6000_web/artifacts/offline_experiments/top_cups_01/scenes/scene_005/observation.jpg,e8059d3f-0c57-4575-b5e6-8800980c23bb,finished,6,5,cand_003,200.83832907676697,1778429798.0414932,correct,,1778429798.0413773,,False,True,Pick up my cup.,6,,1,5,200.83832907676697,15,,,Pick up my cup.,scene_005::Pick up my cup.,pick up my cup,1,0,0,0,0,1,cup,scene_005|ambiguous,21,1,0.9523809523809523,21
trial_20260511_011707_cd06d7,top_cups_01,main,scene_005,cup_only,[],Pick up my cup.,ambiguous,proposed_efe,,,,1778429828.5718474,/home/haoandong/ask2act/services/a6000_web/artifacts/offline_experiments/top_cups_01/scenes/scene_005/observation.jpg,3efe8143-fe9f-4f76-b3f3-05ab13b64ebf,finished,6,5,cand_005,225.02323150634766,1778430053.595133,correct,,1778430053.5950024,,False,True,Pick up my cup.,6,,1,5,225.02323150634766,15,,,Pick up my cup.,scene_005::Pick up my cup.,pick up my cup,1,0,0,0,0,1,cup,scene_005|ambiguous,21,1,0.9523809523809523,21
trial_20260511_012056_dac93d,top_cups_01,main,scene_005,cup_only,[],Pick up my cup.,ambiguous,proposed_efe,,,,1778430057.6457193,/home/haoandong/ask2act/services/a6000_web/artifacts/offline_experiments/top_cups_01/scenes/scene_005/observation.jpg,4c1cf183-57c3-42b3-9bf6-13b84cf7d932,finished,6,1,cand_006,48.784865379333496,1778430106.4308887,correct,,1778430106.430395,,False,True,Pick up my cup.,6,,1,1,48.784865379333496,15,,,Pick up my cup.,scene_005::Pick up my cup.,pick up my cup,1,0,0,0,0,1,cup,scene_005|ambiguous,21,1,0.9523809523809523,21
trial_20260511_012227_0f3e9e,top_cups_01,main,scene_006,cup_only,[],Pick up my cup.,ambiguous,top_score,,,,1778430148.3339748,/home/haoandong/ask2act/services/a6000_web/artifacts/offline_experiments/top_cups_01/scenes/scene_006/observation.jpg,84e647ba-df1b-4eff-8f1e-9c10c6d00b17,finished,7,0,cand_001,4.919039011001587,1779203625.9154882,wrong,,1778430153.2528772,ambiguity_not_solved,True,True,Pick up my cup.,7,,0,0,4.919039011001587,15,,,Pick up my cup.,scene_006::Pick up my cup.,pick up my cup,1,0,0,0,0,1,cup,scene_006|ambiguous,20,1,0.95,20
trial_20260511_012235_22d1de,top_cups_01,main,scene_006,cup_only,[],Pick up my cup.,ambiguous,top_score,,,,1778430156.8703022,/home/haoandong/ask2act/services/a6000_web/artifacts/offline_experiments/top_cups_01/scenes/scene_006/observation.jpg,721a3ded-b43c-4367-9e72-971af5fd9895,finished,7,0,cand_001,8.186158657073975,1779203631.78493,wrong,,1778430165.0563958,ambiguity_not_solved,True,True,Pick up my cup.,7,,0,0,8.186158657073975,15,,,Pick up my cup.,scene_006::Pick up my cup.,pick up my cup,1,0,0,0,0,1,cup,scene_006|ambiguous,20,1,0.95,20
trial_20260511_012247_8ec276,top_cups_01,main,scene_006,cup_only,[],Pick up my cup.,ambiguous,top_score,,,,1778430168.4067326,/home/haoandong/ask2act/services/a6000_web/artifacts/offline_experiments/top_cups_01/scenes/scene_006/observation.jpg,def67a1f-5ec4-4102-9de8-39acc7ab6805,finished,7,0,cand_001,2.129136323928833,1779203636.3259468,wrong,,1778430170.5357645,,True,True,Pick up my cup.,7,,0,0,2.129136323928833,15,,,Pick up my cup.,scene_006::Pick up my cup.,pick up my cup,1,0,0,0,0,1,cup,scene_006|ambiguous,20,1,0.95,20
trial_20260511_012334_264fed,top_cups_01,main,scene_006,cup_only,[],Pick up the red cup.,partial,top_score,,,,1778430215.8274527,/home/haoandong/ask2act/services/a6000_web/artifacts/offline_experiments/top_cups_01/scenes/scene_006/observation.jpg,dda01ef0-8b8e-431b-a005-a64e7b7d2fe2,finished,1,0,cand_001,20.675514698028564,1778430236.5032284,correct,,1778430236.5028644,,False,True,Pick up the red cup.,1,,1,0,20.675514698028564,20,,,Pick up the red cup.,scene_006::Pick up the red cup.,pick up the red cup,0,1,0,0,0,1,cup,scene_006|partial,19,7,0.631578947368421,4
trial_20260511_012422_fd20e7,top_cups_01,main,scene_006,cup_only,[],Pick up the center cup.,partial,top_score,,,,1778430263.1099656,/home/haoandong/ask2act/services/a6000_web/artifacts/offline_experiments/top_cups_01/scenes/scene_006/observation.jpg,39e31b13-f097-4e10-a00b-1b109abbe549,finished,2,0,cand_001,6.404781341552734,1778430269.5149412,correct,,1778430269.5146244,,False,True,Pick up the center cup.,2,,1,0,6.404781341552734,23,,,Pick up the center cup.,scene_006::Pick up the center cup.,pick up the center cup,0,0,1,0,0,1,cup,scene_006|partial,19,7,0.631578947368421,6
trial_20260511_012526_424880,top_cups_01,main,scene_006,cup_only,[],Pick up the pink cup.,clear,top_score,,,,1778430327.2672443,/home/haoandong/ask2act/services/a6000_web/artifacts/offline_experiments/top_cups_01/scenes/scene_006/observation.jpg,063ec7d8-88f2-4d05-bb2c-1eba0141bb8e,finished,1,0,cand_001,6.061884880065918,1779203666.2673259,wrong,,1778430333.329026,wrong_object_selected,True,True,Pick up the pink cup.,1,,0,0,6.061884880065918,21,,,Pick up the pink cup.,scene_006::Pick up the pink cup.,pick up the pink cup,0,1,0,0,0,1,cup,scene_006|clear,17,9,0.47058823529411764,1
trial_20260511_012546_3d19fa,top_cups_01,main,scene_006,cup_only,[],Pick up the green cup.,clear,top_score,,,,1778430347.6865463,/home/haoandong/ask2act/services/a6000_web/artifacts/offline_experiments/top_cups_01/scenes/scene_006/observation.jpg,4a9f8f32-f410-43c8-b47b-cbab11b285da,finished,2,0,cand_001,4.93651819229126,1778430352.623205,correct,,1778430352.6229782,,False,True,Pick up the green cup.,2,,1,0,4.93651819229126,22,,,Pick up the green cup.,scene_006::Pick up the green cup.,pick up the green cup,0,1,0,0,0,1,cup,scene_006|clear,17,9,0.47058823529411764,1
trial_20260511_012646_f06fac,top_cups_01,main,scene_006,cup_only,[],Pick up the green cup.,partial,random_candidate,,,,1778430406.9670017,/home/haoandong/ask2act/services/a6000_web/artifacts/offline_experiments/top_cups_01/scenes/scene_006/observation.jpg,f4b1aeca-23bb-429f-aef8-b9fac704de42,finished,2,0,cand_002,6.831697225570679,1779203677.4372866,wrong,,1778430413.7986314,,True,True,Pick up the green cup.,2,,0,0,6.831697225570679,22,,,Pick up the green cup.,scene_006::Pick up the green cup.,pick up the green cup,0,1,0,0,0,1,cup,scene_006|partial,19,7,0.631578947368421,5
trial_20260511_012709_ed3e72,top_cups_01,main,scene_006,cup_only,[],Pick up the brown cup.,clear,random_candidate,,,,1778430430.6863427,/home/haoandong/ask2act/services/a6000_web/artifacts/offline_experiments/top_cups_01/scenes/scene_006/observation.jpg,4a6177a7-712b-4cac-a2b7-a77aeec874f5,finished,1,0,cand_001,2.322605848312378,1778430433.009005,correct,,1778430433.0089006,,False,True,Pick up the brown cup.,1,,1,0,2.322605848312378,22,,,Pick up the brown cup.,scene_006::Pick up the brown cup.,pick up the brown cup,0,0,0,0,0,0,cup,scene_006|clear,17,9,0.47058823529411764,2
trial_20260511_012738_93f7eb,top_cups_01,main,scene_006,cup_only,[],Pick up the cup with pattern.,clear,random_candidate,,,,1778430459.7277846,/home/haoandong/ask2act/services/a6000_web/artifacts/offline_experiments/top_cups_01/scenes/scene_006/observation.jpg,c112f298-c3a1-48bf-9374-e518ea137666,finished,1,0,cand_001,5.450754880905151,1778430465.1785953,correct,,1778430465.1784916,,False,True,Pick up the cup with pattern.,1,,1,0,5.450754880905151,29,,,Pick up the cup with pattern.,scene_006::Pick up the cup with pattern.,pick up the cup with pattern,0,0,0,0,0,0,cup,scene_006|clear,17,9,0.47058823529411764,1
trial_20260511_012827_2d9671,top_cups_01,main,scene_006,cup_only,[],Pick up the blue cup.,partial,random_candidate,,,,1778430508.970513,/home/haoandong/ask2act/services/a6000_web/artifacts/offline_experiments/top_cups_01/scenes/scene_006/observation.jpg,604fd5d5-0884-4ab6-b305-32714fe71e95,finished,1,0,cand_001,4.089429140090942,1778430513.0601516,correct,,1778430513.0598392,,False,True,Pick up the blue cup.,1,,1,0,4.089429140090942,21,,,Pick up the blue cup.,scene_006::Pick up the blue cup.,pick up the blue cup,0,1,0,0,0,1,cup,scene_006|partial,19,7,0.631578947368421,1
trial_20260511_012840_c6e2e9,top_cups_01,main,scene_006,cup_only,[],Pick up the center cup.,partial,random_candidate,,,,1778430521.0849357,/home/haoandong/ask2act/services/a6000_web/artifacts/offline_experiments/top_cups_01/scenes/scene_006/observation.jpg,d7dc09b9-ffa1-423f-9e08-15c1babd8439,finished,2,0,cand_002,4.571325302124023,1779203727.109305,wrong,,1778430525.6562142,ambiguity_not_solved,True,True,Pick up the center cup.,2,,0,0,4.571325302124023,23,,,Pick up the center cup.,scene_006::Pick up the center cup.,pick up the center cup,0,0,1,0,0,1,cup,scene_006|partial,19,7,0.631578947368421,6
trial_20260511_012911_5cc43d,top_cups_01,main,scene_006,cup_only,[],Pick up the cup with cover.,partial,random_candidate,,,,1778430553.1518705,/home/haoandong/ask2act/services/a6000_web/artifacts/offline_experiments/top_cups_01/scenes/scene_006/observation.jpg,aafcb062-6384-453a-874a-638595bbcd86,finished,1,0,cand_001,4.176939487457275,1779203767.3673413,wrong,,1778430557.328707,gd_missing_target_candidate,True,True,Pick up the cup with cover.,1,,0,0,4.176939487457275,27,,,Pick up the cup with cover.,scene_006::Pick up the cup with cover.,pick up the cup with cover,0,0,0,0,0,0,cup,scene_006|partial,19,7,0.631578947368421,1
trial_20260511_012935_a1e13e,top_cups_01,main,scene_006,cup_only,[],Pick up my cup.,ambiguous,random_candidate,,,,1778430576.6666687,/home/haoandong/ask2act/services/a6000_web/artifacts/offline_experiments/top_cups_01/scenes/scene_006/observation.jpg,9836869d-0380-42bc-843f-1bbda000a592,finished,7,0,cand_002,9.972145795822144,1779203776.1603134,wrong,,1778430586.6386626,ambiguity_not_solved,True,True,Pick up my cup.,7,,0,0,9.972145795822144,15,,,Pick up my cup.,scene_006::Pick up my cup.,pick up my cup,1,0,0,0,0,1,cup,scene_006|ambiguous,20,1,0.95,20
trial_20260511_013020_445c58,top_cups_01,main,scene_006,cup_only,[],Pick up my cup.,ambiguous,random_candidate,,,,1778430621.8983288,/home/haoandong/ask2act/services/a6000_web/artifacts/offline_experiments/top_cups_01/scenes/scene_006/observation.jpg,d3fb3e82-9fad-4bea-a58b-d588012ea5c7,finished,7,0,cand_006,6.22187352180481,1779203780.410887,wrong,,1778430628.1201339,,True,True,Pick up my cup.,7,,0,0,6.22187352180481,15,,,Pick up my cup.,scene_006::Pick up my cup.,pick up my cup,1,0,0,0,0,1,cup,scene_006|ambiguous,20,1,0.95,20
trial_20260511_013030_8831cf,top_cups_01,main,scene_006,cup_only,[],Pick up my cup.,ambiguous,random_candidate,,,,1778430630.9470856,/home/haoandong/ask2act/services/a6000_web/artifacts/offline_experiments/top_cups_01/scenes/scene_006/observation.jpg,3696dda7-8d6a-468a-88f7-9d2239c8d94e,finished,7,0,cand_001,3.853794813156128,1779203791.6524181,wrong,,1778430634.8007402,ambiguity_not_solved,True,True,Pick up my cup.,7,,0,0,3.853794813156128,15,,,Pick up my cup.,scene_006::Pick up my cup.,pick up my cup,1,0,0,0,0,1,cup,scene_006|ambiguous,20,1,0.95,20
trial_20260511_013046_54f6a3,top_cups_01,main,scene_006,cup_only,[],Pick up my cup.,ambiguous,vlm_direct,,,,1778430647.0714545,/home/haoandong/ask2act/services/a6000_web/artifacts/offline_experiments/top_cups_01/scenes/scene_006/observation.jpg,ed604d20-015b-40ce-a38b-da7c05951b8a,finished,7,0,cand_001,89.31257557868958,1779203806.4238937,wrong,,1778430736.3839583,ambiguity_not_solved,True,True,Pick up my cup.,7,,0,0,89.31257557868958,15,,,Pick up my cup.,scene_006::Pick up my cup.,pick up my cup,1,0,0,0,0,1,cup,scene_006|ambiguous,20,1,0.95,20
trial_20260511_013218_0a14ee,top_cups_01,main,scene_006,cup_only,[],Pick up my cup.,ambiguous,vlm_direct,,,,1778430739.5450635,/home/haoandong/ask2act/services/a6000_web/artifacts/offline_experiments/top_cups_01/scenes/scene_006/observation.jpg,2f7adcba-d28c-417a-b2bb-c05efe756dd9,finished,7,0,cand_004,102.99685454368591,1779203818.3349621,wrong,,1778430842.5418396,ambiguity_not_solved,True,True,Pick up my cup.,7,,0,0,102.99685454368591,15,,,Pick up my cup.,scene_006::Pick up my cup.,pick up my cup,1,0,0,0,0,1,cup,scene_006|ambiguous,20,1,0.95,20
trial_20260511_013414_a95bee,top_cups_01,main,scene_006,cup_only,[],Pick up my cup.,ambiguous,vlm_direct,,,,1778430855.2471364,/home/haoandong/ask2act/services/a6000_web/artifacts/offline_experiments/top_cups_01/scenes/scene_006/observation.jpg,08cb669c-6b24-43ba-a814-b20a388024f1,finished,7,0,cand_004,95.02582240104675,1779203825.049131,wrong,,1778430950.2728333,ambiguity_not_solved,True,True,Pick up my cup.,7,,0,0,95.02582240104675,15,,,Pick up my cup.,scene_006::Pick up my cup.,pick up my cup,1,0,0,0,0,1,cup,scene_006|ambiguous,20,1,0.95,20
trial_20260511_013606_261dc9,top_cups_01,main,scene_006,cup_only,[],Pick up the center cup.,partial,vlm_direct,,,,1778430966.923945,/home/haoandong/ask2act/services/a6000_web/artifacts/offline_experiments/top_cups_01/scenes/scene_006/observation.jpg,81ccec6d-e72d-42de-83df-80e26700f362,finished,2,0,cand_001,68.15568280220032,1779203876.0685422,wrong,,1778431035.0795207,ambiguity_not_solved,True,True,Pick up the center cup.,2,,0,0,68.15568280220032,23,,,Pick up the center cup.,scene_006::Pick up the center cup.,pick up the center cup,0,0,1,0,0,1,cup,scene_006|partial,19,7,0.631578947368421,6
trial_20260511_014040_20d0b7,top_cups_01,main,scene_006,cup_only,[],Pick up the left cup.,partial,vlm_direct,,,,1778431242.0809028,/home/haoandong/ask2act/services/a6000_web/artifacts/offline_experiments/top_cups_01/scenes/scene_006/observation.jpg,2cb05d02-f2f1-4188-bbeb-fde919cb044e,finished,1,0,cand_001,4.97623085975647,1779203906.3585687,correct,,1778431247.057076,,True,True,Pick up the left cup.,1,,1,0,4.97623085975647,21,,,Pick up the left cup.,scene_006::Pick up the left cup.,pick up the left cup,0,0,1,0,0,1,cup,scene_006|partial,19,7,0.631578947368421,1
trial_20260511_014103_64d6c7,top_cups_01,main,scene_006,cup_only,[],Pick up the blue cup.,clear,vlm_direct,,,,1778431264.6487167,/home/haoandong/ask2act/services/a6000_web/artifacts/offline_experiments/top_cups_01/scenes/scene_006/observation.jpg,26699a96-ff48-4051-9cbc-71344f670dc8,finished,1,0,cand_001,5.653135538101196,1778431270.3020568,correct,,1778431270.3017414,,False,True,Pick up the blue cup.,1,,1,0,5.653135538101196,21,,,Pick up the blue cup.,scene_006::Pick up the blue cup.,pick up the blue cup,0,1,0,0,0,1,cup,scene_006|clear,17,9,0.47058823529411764,5
trial_20260511_014143_4e724c,top_cups_01,main,scene_006,cup_only,[],Pick up the red cup.,clear,vlm_direct,,,,1778431305.1855755,/home/haoandong/ask2act/services/a6000_web/artifacts/offline_experiments/top_cups_01/scenes/scene_006/observation.jpg,7f4c9dad-e437-4736-83dd-ab6cfe4969f7,finished,1,0,cand_001,5.292358875274658,1778431310.4779887,correct,,1778431310.4778833,,False,True,Pick up the red cup.,1,,1,0,5.292358875274658,20,,,Pick up the red cup.,scene_006::Pick up the red cup.,pick up the red cup,0,1,0,0,0,1,cup,scene_006|clear,17,9,0.47058823529411764,3
trial_20260511_014215_1b7065,top_cups_01,main,scene_006,cup_only,[],Pick up the red cup.,clear,first_question,,,,1778431336.4622183,/home/haoandong/ask2act/services/a6000_web/artifacts/offline_experiments/top_cups_01/scenes/scene_006/observation.jpg,71051257-903d-446f-aa06-d683eb906c37,finished,1,0,cand_001,2.155761957168579,1778431338.6181545,correct,,1778431338.6178854,,False,True,Pick up the red cup.,1,,1,0,2.155761957168579,20,,,Pick up the red cup.,scene_006::Pick up the red cup.,pick up the red cup,0,1,0,0,0,1,cup,scene_006|clear,17,9,0.47058823529411764,3
trial_20260511_014228_b96675,top_cups_01,main,scene_006,cup_only,[],Pick up the blue cup.,clear,first_question,,,,1778431349.8048134,/home/haoandong/ask2act/services/a6000_web/artifacts/offline_experiments/top_cups_01/scenes/scene_006/observation.jpg,8ad7e1ff-93e4-4c6e-9b2d-0a15c4c628f1,finished,1,0,cand_001,3.940128803253174,1778431353.745143,correct,,1778431353.744836,,False,True,Pick up the blue cup.,1,,1,0,3.940128803253174,21,,,Pick up the blue cup.,scene_006::Pick up the blue cup.,pick up the blue cup,0,1,0,0,0,1,cup,scene_006|clear,17,9,0.47058823529411764,5
trial_20260511_014241_6528b5,top_cups_01,main,scene_006,cup_only,[],Pick up the most left cup.,clear,first_question,,,,1778431362.0912519,/home/haoandong/ask2act/services/a6000_web/artifacts/offline_experiments/top_cups_01/scenes/scene_006/observation.jpg,49e08466-c260-47c5-867b-3bf33a516209,finished,2,1,cand_001,102.76075315475464,1778431464.852068,correct,,1778431464.8519433,,False,True,Pick up the most left cup.,2,,1,1,102.76075315475464,26,,,Pick up the most left cup.,scene_006::Pick up the most left cup.,pick up the most left cup,0,0,1,0,0,1,cup,scene_006|clear,17,9,0.47058823529411764,1
trial_20260511_014437_5b86c7,top_cups_01,main,scene_006,cup_only,[],Pick up the green cup.,partial,first_question,,,,1778431478.183725,/home/haoandong/ask2act/services/a6000_web/artifacts/offline_experiments/top_cups_01/scenes/scene_006/observation.jpg,bae9d6ff-0966-4348-a57d-b88449af103c,finished,2,1,cand_001,125.04957866668701,1778431603.2334235,correct,,1778431603.2332199,,False,True,Pick up the green cup.,2,,1,1,125.04957866668701,22,,,Pick up the green cup.,scene_006::Pick up the green cup.,pick up the green cup,0,1,0,0,0,1,cup,scene_006|partial,19,7,0.631578947368421,5
trial_20260511_014825_170c3d,top_cups_01,main,scene_006,cup_only,[],Pick up the red cup.,partial,first_question,,,,1778431706.7913995,/home/haoandong/ask2act/services/a6000_web/artifacts/offline_experiments/top_cups_01/scenes/scene_006/observation.jpg,652e9f64-5699-43ba-800f-d1c880e8b08f,finished,1,0,cand_001,2.9059810638427734,1778431709.6974385,correct,,1778431709.6973286,,False,True,Pick up the red cup.,1,,1,0,2.9059810638427734,20,,,Pick up the red cup.,scene_006::Pick up the red cup.,pick up the red cup,0,1,0,0,0,1,cup,scene_006|partial,19,7,0.631578947368421,4
trial_20260511_014835_ae65db,top_cups_01,main,scene_006,cup_only,[],Pick up my cup.,ambiguous,first_question,,,,1778431715.9571087,/home/haoandong/ask2act/services/a6000_web/artifacts/offline_experiments/top_cups_01/scenes/scene_006/observation.jpg,73a93c3d-5219-418c-bbd6-11272b7afade,finished,7,5,cand_004,330.28936219215393,1778432046.246704,correct,,1778432046.2463055,,False,True,Pick up my cup.,7,,1,5,330.28936219215393,15,,,Pick up my cup.,scene_006::Pick up my cup.,pick up my cup,1,0,0,0,0,1,cup,scene_006|ambiguous,20,1,0.95,20
trial_20260511_015416_162dbc,top_cups_01,main,scene_006,cup_only,[],Pick up my cup.,ambiguous,first_question,,,,1778432057.8403034,/home/haoandong/ask2act/services/a6000_web/artifacts/offline_experiments/top_cups_01/scenes/scene_006/observation.jpg,bca300a0-77b0-4f70-ac31-4af8b1683a5d,finished,7,6,cand_006,342.2396237850189,1778432400.080169,correct,,1778432400.0797102,,False,True,Pick up my cup.,7,,1,6,342.2396237850189,15,,,Pick up my cup.,scene_006::Pick up my cup.,pick up my cup,1,0,0,0,0,1,cup,scene_006|ambiguous,20,1,0.95,20
trial_20260511_020007_920961,top_cups_01,main,scene_006,cup_only,[],Pick up my cup.,ambiguous,first_question,,,,1778432408.3608837,/home/haoandong/ask2act/services/a6000_web/artifacts/offline_experiments/top_cups_01/scenes/scene_006/observation.jpg,ede13df3-6487-4c3c-895d-b851fac0ff75,finished,7,5,cand_003,254.70669746398926,1778432663.0677643,correct,,1778432663.0674076,,False,True,Pick up my cup.,7,,1,5,254.70669746398926,15,,,Pick up my cup.,scene_006::Pick up my cup.,pick up my cup,1,0,0,0,0,1,cup,scene_006|ambiguous,20,1,0.95,20
trial_20260511_020432_d593b4,top_cups_01,main,scene_006,cup_only,[],Pick up my cup.,ambiguous,random_question,,,,1778432673.128556,/home/haoandong/ask2act/services/a6000_web/artifacts/offline_experiments/top_cups_01/scenes/scene_006/observation.jpg,278b8596-df37-486c-8d35-0b7400821ba8,finished,7,4,cand_004,261.66553258895874,1778432934.7942905,correct,,1778432934.7939196,,False,True,Pick up my cup.,7,,1,4,261.66553258895874,15,,,Pick up my cup.,scene_006::Pick up my cup.,pick up my cup,1,0,0,0,0,1,cup,scene_006|ambiguous,20,1,0.95,20
trial_20260511_020859_124bd9,top_cups_01,main,scene_006,cup_only,[],Pick up my cup.,ambiguous,random_question,,,,1778432940.0595698,/home/haoandong/ask2act/services/a6000_web/artifacts/offline_experiments/top_cups_01/scenes/scene_006/observation.jpg,b3dbc921-3d8b-40c3-9fa1-a64f7006332b,finished,7,6,cand_005,350.61398792266846,1778433290.6736126,correct,,1778433290.673475,,False,True,Pick up my cup.,7,,1,6,350.61398792266846,15,,,Pick up my cup.,scene_006::Pick up my cup.,pick up my cup,1,0,0,0,0,1,cup,scene_006|ambiguous,20,1,0.95,20
trial_20260511_021505_5f1925,top_cups_01,main,scene_006,cup_only,[],Pick up my cup.,ambiguous,random_question,,,,1778433306.3181674,/home/haoandong/ask2act/services/a6000_web/artifacts/offline_experiments/top_cups_01/scenes/scene_006/observation.jpg,057a563d-442d-40f5-be87-33fbc05d0be0,finished,7,5,cand_003,233.4388473033905,1778433539.7572205,correct,,1778433539.7568464,,False,True,Pick up my cup.,7,,1,5,233.4388473033905,15,,,Pick up my cup.,scene_006::Pick up my cup.,pick up my cup,1,0,0,0,0,1,cup,scene_006|ambiguous,20,1,0.95,20
trial_20260511_021913_66ced8,top_cups_01,main,scene_006,cup_only,[],Pick up the center cup.,partial,random_question,,,,1778433554.407916,/home/haoandong/ask2act/services/a6000_web/artifacts/offline_experiments/top_cups_01/scenes/scene_006/observation.jpg,8a73c17f-54e5-4354-be66-3861cfec2b3f,finished,2,1,cand_002,67.3444390296936,1778433621.7525606,wrong,,1778433621.7522304,,False,True,Pick up the center cup.,2,,0,1,67.3444390296936,23,,,Pick up the center cup.,scene_006::Pick up the center cup.,pick up the center cup,0,0,1,0,0,1,cup,scene_006|partial,19,7,0.631578947368421,6
trial_20260511_022033_283025,top_cups_01,main,scene_006,cup_only,[],Pick up the green cup.,partial,random_question,,,,1778433634.6203673,/home/haoandong/ask2act/services/a6000_web/artifacts/offline_experiments/top_cups_01/scenes/scene_006/observation.jpg,5f7ca476-8419-4841-be1d-44683c1d3706,finished,2,1,cand_001,82.20200777053833,1778433716.8224332,correct,,1778433716.8223135,,False,True,Pick up the green cup.,2,,1,1,82.20200777053833,22,,,Pick up the green cup.,scene_006::Pick up the green cup.,pick up the green cup,0,1,0,0,0,1,cup,scene_006|partial,19,7,0.631578947368421,5
trial_20260511_022211_f46e9b,top_cups_01,main,scene_006,cup_only,[],Pick up the red cup.,partial,random_question,,,,1778433732.429831,/home/haoandong/ask2act/services/a6000_web/artifacts/offline_experiments/top_cups_01/scenes/scene_006/observation.jpg,ece57b3d-3322-4cc0-889c-ef147752eebb,finished,1,0,cand_001,2.6489508152008057,1778433735.0790024,correct,,1778433735.0786726,,False,True,Pick up the red cup.,1,,1,0,2.6489508152008057,20,,,Pick up the red cup.,scene_006::Pick up the red cup.,pick up the red cup,0,1,0,0,0,1,cup,scene_006|partial,19,7,0.631578947368421,4
trial_20260511_022333_8a51b0,top_cups_01,main,scene_006,cup_only,[],Pick up the blue cup.,clear,random_question,,,,1778433815.2792878,/home/haoandong/ask2act/services/a6000_web/artifacts/offline_experiments/top_cups_01/scenes/scene_006/observation.jpg,8845341c-47ae-4171-a769-ebb993ddfad0,finished,1,0,cand_001,3.2951700687408447,1778433818.5746398,correct,,1778433818.5743496,,False,True,Pick up the blue cup.,1,,1,0,3.2951700687408447,21,,,Pick up the blue cup.,scene_006::Pick up the blue cup.,pick up the blue cup,0,1,0,0,0,1,cup,scene_006|clear,17,9,0.47058823529411764,5
trial_20260511_022349_1e0dc6,top_cups_01,main,scene_006,cup_only,[],Pick up the brown cup.,clear,random_question,,,,1778433830.7787735,/home/haoandong/ask2act/services/a6000_web/artifacts/offline_experiments/top_cups_01/scenes/scene_006/observation.jpg,802d275a-64c8-4e9b-b19a-d21949a13d37,finished,1,0,cand_001,4.12855076789856,1778433834.9073875,correct,,1778433834.9072728,,False,True,Pick up the brown cup.,1,,1,0,4.12855076789856,22,,,Pick up the brown cup.,scene_006::Pick up the brown cup.,pick up the brown cup,0,0,0,0,0,0,cup,scene_006|clear,17,9,0.47058823529411764,2
trial_20260511_022410_21baa7,top_cups_01,main,scene_006,cup_only,[],Pick up the left most cup.,clear,random_question,,,,1778433851.8121803,/home/haoandong/ask2act/services/a6000_web/artifacts/offline_experiments/top_cups_01/scenes/scene_006/observation.jpg,7402aef4-722e-4c98-8e80-b3381d454d1f,finished,2,1,cand_001,75.53009247779846,1778433927.3423376,correct,,1778433927.3422139,,False,True,Pick up the left most cup.,2,,1,1,75.53009247779846,26,,,Pick up the left most cup.,scene_006::Pick up the left most cup.,pick up the left most cup,0,0,1,0,0,1,cup,scene_006|clear,17,9,0.47058823529411764,1
trial_20260511_022545_7b107f,top_cups_01,main,scene_006,cup_only,[],Pick up the blue cup.,clear,vlm_best_question,,,,1778433946.9956808,/home/haoandong/ask2act/services/a6000_web/artifacts/offline_experiments/top_cups_01/scenes/scene_006/observation.jpg,d79aa3f7-843f-4543-907c-ea08eaaaa021,finished,1,0,cand_001,3.8795154094696045,1778433950.8754041,correct,,1778433950.875089,,False,True,Pick up the blue cup.,1,,1,0,3.8795154094696045,21,,,Pick up the blue cup.,scene_006::Pick up the blue cup.,pick up the blue cup,0,1,0,0,0,1,cup,scene_006|clear,17,9,0.47058823529411764,5
trial_20260511_022617_d0fa65,top_cups_01,main,scene_006,cup_only,[],Pick up the bottom cup.,clear,vlm_best_question,,,,1778433978.6920927,/home/haoandong/ask2act/services/a6000_web/artifacts/offline_experiments/top_cups_01/scenes/scene_006/observation.jpg,fcd1b44f-babc-4d3a-b748-ef194709971b,finished,1,0,cand_001,24.413203239440918,1778434003.105483,correct,,1778434003.1052198,,False,True,Pick up the bottom cup.,1,,1,0,24.413203239440918,23,,,Pick up the bottom cup.,scene_006::Pick up the bottom cup.,pick up the bottom cup,0,0,1,0,0,1,cup,scene_006|clear,17,9,0.47058823529411764,2
trial_20260511_023022_12be8d,top_cups_01,main,scene_006,cup_only,[],Pick up the red cup.,partial,vlm_best_question,,,,1778434223.5580788,/home/haoandong/ask2act/services/a6000_web/artifacts/offline_experiments/top_cups_01/scenes/scene_006/observation.jpg,13a95fe6-51b0-444f-95d8-da4141d5701c,finished,1,0,cand_001,11.113527536392212,1778434234.6718,correct,,1778434234.6715045,,False,True,Pick up the red cup.,1,,1,0,11.113527536392212,20,,,Pick up the red cup.,scene_006::Pick up the red cup.,pick up the red cup,0,1,0,0,0,1,cup,scene_006|partial,19,7,0.631578947368421,4
trial_20260511_023041_668112,top_cups_01,main,scene_006,cup_only,[],Pick up the green cup.,partial,vlm_best_question,,,,1778434242.05812,/home/haoandong/ask2act/services/a6000_web/artifacts/offline_experiments/top_cups_01/scenes/scene_006/observation.jpg,b1ee0644-2e68-4fcd-bb9a-fa2e4a2c5010,finished,2,1,cand_001,97.57633233070374,1778434339.6345098,correct,,1778434339.6343956,,False,True,Pick up the green cup.,2,,1,1,97.57633233070374,22,,,Pick up the green cup.,scene_006::Pick up the green cup.,pick up the green cup,0,1,0,0,0,1,cup,scene_006|partial,19,7,0.631578947368421,5
trial_20260511_023251_93db1f,top_cups_01,main,scene_006,cup_only,[],Pick up the center cup.,partial,vlm_best_question,,,,1778434372.1135428,/home/haoandong/ask2act/services/a6000_web/artifacts/offline_experiments/top_cups_01/scenes/scene_006/observation.jpg,a146f294-2f04-45ce-be1b-71cd9147e6cd,finished,2,1,cand_001,105.5896863937378,1778434477.7032871,correct,,1778434477.7031698,,False,True,Pick up the center cup.,2,,1,1,105.5896863937378,23,,,Pick up the center cup.,scene_006::Pick up the center cup.,pick up the center cup,0,0,1,0,0,1,cup,scene_006|partial,19,7,0.631578947368421,6
trial_20260511_023508_207052,top_cups_01,main,scene_006,cup_only,[],Pick up my cup.,ambiguous,vlm_best_question,,,,1778434509.3492064,/home/haoandong/ask2act/services/a6000_web/artifacts/offline_experiments/top_cups_01/scenes/scene_006/observation.jpg,5ce3c6b4-0eeb-4ccc-96c5-4a0f885176a2,finished,7,4,cand_004,371.78987097740173,1778434881.1391695,correct,,1778434881.1389916,,False,True,Pick up my cup.,7,,1,4,371.78987097740173,15,,,Pick up my cup.,scene_006::Pick up my cup.,pick up my cup,1,0,0,0,0,1,cup,scene_006|ambiguous,20,1,0.95,20
trial_20260511_024134_ecee01,top_cups_01,main,scene_006,cup_only,[],Pick up my cup.,ambiguous,vlm_best_question,,,,1778434895.6920042,/home/haoandong/ask2act/services/a6000_web/artifacts/offline_experiments/top_cups_01/scenes/scene_006/observation.jpg,efc48aa8-5161-4a98-9c8c-fdac4687b4ae,finished,7,6,cand_006,457.4848096370697,1778435353.1768744,correct,,1778435353.1767323,,False,True,Pick up my cup.,7,,1,6,457.4848096370697,15,,,Pick up my cup.,scene_006::Pick up my cup.,pick up my cup,1,0,0,0,0,1,cup,scene_006|ambiguous,20,1,0.95,20
trial_20260511_024925_c62776,top_cups_01,main,scene_006,cup_only,[],Pick up my cup.,ambiguous,vlm_best_question,,,,1778435366.830859,/home/haoandong/ask2act/services/a6000_web/artifacts/offline_experiments/top_cups_01/scenes/scene_006/observation.jpg,85128676-6186-44b9-951b-a3f2b665b30c,finished,7,5,cand_001,435.8606402873993,1778435802.6915584,correct,,1778435802.6914175,,False,True,Pick up my cup.,7,,1,5,435.8606402873993,15,,,Pick up my cup.,scene_006::Pick up my cup.,pick up my cup,1,0,0,0,0,1,cup,scene_006|ambiguous,20,1,0.95,20
trial_20260511_025708_ea5701,top_cups_01,main,scene_006,cup_only,[],Pick up the blue cup.,clear,proposed_efe,,,,1778435829.6735752,/home/haoandong/ask2act/services/a6000_web/artifacts/offline_experiments/top_cups_01/scenes/scene_006/observation.jpg,573c7d7d-708a-4a0d-83cc-504401c3fc21,finished,1,0,cand_001,2.266331195831299,1778435831.9399602,correct,,1778435831.939857,,False,True,Pick up the blue cup.,1,,1,0,2.266331195831299,21,,,Pick up the blue cup.,scene_006::Pick up the blue cup.,pick up the blue cup,0,1,0,0,0,1,cup,scene_006|clear,17,9,0.47058823529411764,5
trial_20260511_025719_ffdfa5,top_cups_01,main,scene_006,cup_only,[],Pick up the red cup.,clear,proposed_efe,,,,1778435840.248914,/home/haoandong/ask2act/services/a6000_web/artifacts/offline_experiments/top_cups_01/scenes/scene_006/observation.jpg,438deba2-ad6a-472b-9bcd-965668ff56af,finished,1,0,cand_001,15.723063468933105,1778435855.9720325,correct,,1778435855.9719288,,False,True,Pick up the red cup.,1,,1,0,15.723063468933105,20,,,Pick up the red cup.,scene_006::Pick up the red cup.,pick up the red cup,0,1,0,0,0,1,cup,scene_006|clear,17,9,0.47058823529411764,3
trial_20260511_025747_1f8c9a,top_cups_01,main,scene_006,cup_only,[],Pick up the bottom cup.,clear,proposed_efe,,,,1778435868.8656964,/home/haoandong/ask2act/services/a6000_web/artifacts/offline_experiments/top_cups_01/scenes/scene_006/observation.jpg,51b7973d-eb30-4d71-9245-6158f8996260,finished,1,0,cand_001,15.40294337272644,1778435884.2688334,correct,,1778435884.268539,,False,True,Pick up the bottom cup.,1,,1,0,15.40294337272644,23,,,Pick up the bottom cup.,scene_006::Pick up the bottom cup.,pick up the bottom cup,0,0,1,0,0,1,cup,scene_006|clear,17,9,0.47058823529411764,2
trial_20260511_025822_1179cd,top_cups_01,main,scene_006,cup_only,[],Pick up the green cup.,partial,proposed_efe,,,,1778435903.7773077,/home/haoandong/ask2act/services/a6000_web/artifacts/offline_experiments/top_cups_01/scenes/scene_006/observation.jpg,516d48e1-927c-4c8b-9b3b-9e309037f3ce,finished,2,1,cand_001,68.78804588317871,1778435972.5655513,correct,,1778435972.565232,,False,True,Pick up the green cup.,2,,1,1,68.78804588317871,22,,,Pick up the green cup.,scene_006::Pick up the green cup.,pick up the green cup,0,1,0,0,0,1,cup,scene_006|partial,19,7,0.631578947368421,5
trial_20260511_025947_f1a907,top_cups_01,main,scene_006,cup_only,[],Pick up the center cup.,partial,proposed_efe,,,,1778435988.012667,/home/haoandong/ask2act/services/a6000_web/artifacts/offline_experiments/top_cups_01/scenes/scene_006/observation.jpg,eb3ed6c7-a8d9-4286-ba99-5ab0a7b8f9ad,finished,2,1,cand_001,61.015888929367065,1778436049.028754,correct,,1778436049.0284307,,False,True,Pick up the center cup.,2,,1,1,61.015888929367065,23,,,Pick up the center cup.,scene_006::Pick up the center cup.,pick up the center cup,0,0,1,0,0,1,cup,scene_006|partial,19,7,0.631578947368421,6
trial_20260511_030102_36a1c3,top_cups_01,main,scene_006,cup_only,[],Pick up the most left cup.,partial,proposed_efe,,,,1778436063.6892705,/home/haoandong/ask2act/services/a6000_web/artifacts/offline_experiments/top_cups_01/scenes/scene_006/observation.jpg,4834a81b-c4a6-4f04-93a3-e465aea8008d,finished,2,1,cand_001,86.3562638759613,1778436150.045725,correct,,1778436150.0454104,,False,True,Pick up the most left cup.,2,,1,1,86.3562638759613,26,,,Pick up the most left cup.,scene_006::Pick up the most left cup.,pick up the most left cup,0,0,1,0,0,1,cup,scene_006|partial,19,7,0.631578947368421,1
trial_20260511_030732_0052f0,top_cups_01,main,scene_006,cup_only,[],Pick up my cup.,ambiguous,proposed_efe,,,,1778436452.9251065,/home/haoandong/ask2act/services/a6000_web/artifacts/offline_experiments/top_cups_01/scenes/scene_006/observation.jpg,669d687d-3034-4683-a639-faf1531e651f,finished,7,4,cand_003,207.26340222358704,1778436660.1887188,correct,,1778436660.1883423,,False,True,Pick up my cup.,7,,1,4,207.26340222358704,15,,,Pick up my cup.,scene_006::Pick up my cup.,pick up my cup,1,0,0,0,0,1,cup,scene_006|ambiguous,20,1,0.95,20
trial_20260511_031103_ec541d,top_cups_01,main,scene_006,cup_only,[],Pick up my cup.,ambiguous,proposed_efe,,,,1778436664.5290184,/home/haoandong/ask2act/services/a6000_web/artifacts/offline_experiments/top_cups_01/scenes/scene_006/observation.jpg,43397636-a8a1-4c21-9d62-5880c769e2b2,finished,7,1,cand_002,67.07152724266052,1778436731.6007462,correct,,1778436731.600393,,False,True,Pick up my cup.,7,,1,1,67.07152724266052,15,,,Pick up my cup.,scene_006::Pick up my cup.,pick up my cup,1,0,0,0,0,1,cup,scene_006|ambiguous,20,1,0.95,20
trial_20260513_014525_bdbd84,top_cups_01,main,scene_007,cup_only,[],Picky up the green cup.,clear,top_score,,,,1778604334.6133995,/home/haoandong/ask2act/services/a6000_web/artifacts/offline_experiments/top_cups_01/scenes/scene_007/observation.jpg,5d65b8f5-acf1-47f9-8ec7-2ec69dbf97fb,finished,1,0,cand_001,4.91327166557312,1778604339.5267355,correct,,1778604339.5266151,,False,True,Picky up the green cup.,1,,1,0,4.91327166557312,23,,,Picky up the green cup.,scene_007::Picky up the green cup.,picky up the green cup,0,1,0,0,0,1,cup,scene_007|clear,13,6,0.5384615384615384,3
trial_20260513_014554_144d16,top_cups_01,main,scene_007,cup_only,[],Picky up the red cup.,clear,top_score,,,,1778604355.5969908,/home/haoandong/ask2act/services/a6000_web/artifacts/offline_experiments/top_cups_01/scenes/scene_007/observation.jpg,2d118b10-5487-4e56-8730-e5972bedd778,finished,1,0,cand_001,5.0729992389678955,1778604360.6701872,correct,,1778604360.669895,,False,True,Picky up the red cup.,1,,1,0,5.0729992389678955,21,,,Picky up the red cup.,scene_007::Picky up the red cup.,picky up the red cup,0,1,0,0,0,1,cup,scene_007|clear,13,6,0.5384615384615384,1
trial_20260513_014610_fab5e8,top_cups_01,main,scene_007,cup_only,[],Picky up the pink cup.,partial,top_score,,,,1778604371.4044924,/home/haoandong/ask2act/services/a6000_web/artifacts/offline_experiments/top_cups_01/scenes/scene_007/observation.jpg,b654199b-073f-4d55-afe4-c958bd073b6b,finished,1,0,cand_001,4.702231407165527,1779203950.3307588,wrong,,1778604376.1066759,wrong_object_selected,True,True,Picky up the pink cup.,1,,0,0,4.702231407165527,22,,,Picky up the pink cup.,scene_007::Picky up the pink cup.,picky up the pink cup,0,1,0,0,0,1,cup,scene_007|partial,16,6,0.625,1
trial_20260513_014625_a8dde3,top_cups_01,main,scene_007,cup_only,[],Picky up the center cup.,partial,top_score,,,,1778604387.2096436,/home/haoandong/ask2act/services/a6000_web/artifacts/offline_experiments/top_cups_01/scenes/scene_007/observation.jpg,9a87150f-d6fe-4524-a5b0-1726bd8daafa,finished,1,0,cand_001,5.205851078033447,1779203997.144417,wrong,,1778604392.4154444,wrong_object_selected,True,True,Picky up the center cup.,1,,0,0,5.205851078033447,24,,,Picky up the center cup.,scene_007::Picky up the center cup.,picky up the center cup,0,0,1,0,0,1,cup,scene_007|partial,16,6,0.625,2
trial_20260513_014644_dc35c6,top_cups_01,main,scene_007,cup_only,[],Picky up the right cup.,partial,top_score,,,,1778604405.4981627,/home/haoandong/ask2act/services/a6000_web/artifacts/offline_experiments/top_cups_01/scenes/scene_007/observation.jpg,47e9e9e1-ec3e-4d1f-8caf-c0540814cce6,finished,1,0,cand_001,5.210686206817627,1778604410.7089558,correct,,1778604410.7087884,,False,True,Picky up the right cup.,1,,1,0,5.210686206817627,23,,,Picky up the right cup.,scene_007::Picky up the right cup.,picky up the right cup,0,0,1,0,0,1,cup,scene_007|partial,16,6,0.625,2
trial_20260513_014700_af7b07,top_cups_01,main,scene_007,cup_only,[],Picky up my cup.,ambiguous,top_score,,,,1778604421.3887272,/home/haoandong/ask2act/services/a6000_web/artifacts/offline_experiments/top_cups_01/scenes/scene_007/observation.jpg,ad7af75f-454e-4d0c-93b3-5b614d6190e0,finished,7,0,cand_001,6.285934686660767,1779204006.3887172,wrong,,1778604427.6745849,ambiguity_not_solved,True,True,Picky up my cup.,7,,0,0,6.285934686660767,16,,,Picky up my cup.,scene_007::Picky up my cup.,picky up my cup,1,0,0,0,0,1,cup,scene_007|ambiguous,13,1,0.9230769230769231,13
trial_20260513_014714_289fa3,top_cups_01,main,scene_007,cup_only,[],Picky up my cup.,ambiguous,top_score,,,,1778604435.488286,/home/haoandong/ask2act/services/a6000_web/artifacts/offline_experiments/top_cups_01/scenes/scene_007/observation.jpg,b194bb47-7e68-45da-8463-f083cf501337,finished,7,0,cand_001,3.387148141860962,1779204013.234573,wrong,,1778604438.8752809,ambiguity_not_solved,True,True,Picky up my cup.,7,,0,0,3.387148141860962,16,,,Picky up my cup.,scene_007::Picky up my cup.,picky up my cup,1,0,0,0,0,1,cup,scene_007|ambiguous,13,1,0.9230769230769231,13
trial_20260513_014735_3e2b8c,top_cups_01,main,scene_007,cup_only,[],Picky up my cup.,ambiguous,random_candidate,,,,1778604456.7243335,/home/haoandong/ask2act/services/a6000_web/artifacts/offline_experiments/top_cups_01/scenes/scene_007/observation.jpg,94c0ac87-f8f6-4c98-a74e-62b6458f560f,finished,7,0,cand_002,4.684960126876831,1779204021.116234,wrong,,1778604461.4091558,ambiguity_not_solved,True,True,Picky up my cup.,7,,0,0,4.684960126876831,16,,,Picky up my cup.,scene_007::Picky up my cup.,picky up my cup,1,0,0,0,0,1,cup,scene_007|ambiguous,13,1,0.9230769230769231,13
trial_20260513_014743_524a83,top_cups_01,main,scene_007,cup_only,[],Picky up my cup.,ambiguous,random_candidate,,,,1778604464.279025,/home/haoandong/ask2act/services/a6000_web/artifacts/offline_experiments/top_cups_01/scenes/scene_007/observation.jpg,81f811a7-1375-4622-84b3-1c9c29d6d04a,finished,7,0,cand_006,7.308588266372681,1779204027.4360557,wrong,,1778604471.5875113,ambiguity_not_solved,True,True,Picky up my cup.,7,,0,0,7.308588266372681,16,,,Picky up my cup.,scene_007::Picky up my cup.,picky up my cup,1,0,0,0,0,1,cup,scene_007|ambiguous,13,1,0.9230769230769231,13
trial_20260513_014800_e7a0db,top_cups_01,main,scene_007,cup_only,[],Picky up the yellow cup.,clear,random_candidate,,,,1778604482.0890784,/home/haoandong/ask2act/services/a6000_web/artifacts/offline_experiments/top_cups_01/scenes/scene_007/observation.jpg,14a7d102-16f2-45a1-aabe-efdbbb791452,finished,1,0,cand_001,4.662235975265503,1778604486.7513692,correct,,1778604486.7512696,,False,True,Picky up the yellow cup.,1,,1,0,4.662235975265503,24,,,Picky up the yellow cup.,scene_007::Picky up the yellow cup.,picky up the yellow cup,0,1,0,0,0,1,cup,scene_007|clear,13,6,0.5384615384615384,3
trial_20260513_014820_8d4164,top_cups_01,main,scene_007,cup_only,[],Picky up the blue cup.,clear,random_candidate,,,,1778604501.3389227,/home/haoandong/ask2act/services/a6000_web/artifacts/offline_experiments/top_cups_01/scenes/scene_007/observation.jpg,1179d62f-c2d2-4f22-8f2b-93f5a190cfbe,finished,1,0,cand_001,3.844196319580078,1778604505.1832528,correct,,1778604505.183038,,False,True,Picky up the blue cup.,1,,1,0,3.844196319580078,22,,,Picky up the blue cup.,scene_007::Picky up the blue cup.,picky up the blue cup,0,1,0,0,0,1,cup,scene_007|clear,13,6,0.5384615384615384,4
trial_20260513_014845_87f91a,top_cups_01,main,scene_007,cup_only,[],Picky up the center cup.,partial,random_candidate,,,,1778604526.4313498,/home/haoandong/ask2act/services/a6000_web/artifacts/offline_experiments/top_cups_01/scenes/scene_007/observation.jpg,c3865bdc-773f-48d3-bf65-3506d572af84,finished,1,0,cand_001,5.426709175109863,1779204054.5604815,wrong,,1778604531.8580105,wrong_object_selected,True,True,Picky up the center cup.,1,,0,0,5.426709175109863,24,,,Picky up the center cup.,scene_007::Picky up the center cup.,picky up the center cup,0,0,1,0,0,1,cup,scene_007|partial,16,6,0.625,2
trial_20260513_014900_f5dcc9,top_cups_01,main,scene_007,cup_only,[],Picky up the left cup.,partial,random_candidate,,,,1778604541.5198593,/home/haoandong/ask2act/services/a6000_web/artifacts/offline_experiments/top_cups_01/scenes/scene_007/observation.jpg,69e94942-9e96-4256-af46-8395042e6e78,finished,2,0,cand_001,6.862415790557861,1779204068.6517293,wrong,,1778604548.3822234,wrong_object_selected,True,True,Picky up the left cup.,2,,0,0,6.862415790557861,22,,,Picky up the left cup.,scene_007::Picky up the left cup.,picky up the left cup,0,0,1,0,0,1,cup,scene_007|partial,16,6,0.625,6
trial_20260513_014919_3f290c,top_cups_01,main,scene_007,cup_only,[],Picky up the left cup.,partial,vlm_direct,,,,1778604560.8703194,/home/haoandong/ask2act/services/a6000_web/artifacts/offline_experiments/top_cups_01/scenes/scene_007/observation.jpg,5d6d92c8-c160-4deb-bcd5-0e4b5b34aefb,finished,2,0,cand_001,81.32144594192505,1779204094.8451173,wrong,,1778604642.1916592,ambiguity_not_solved,True,True,Picky up the left cup.,2,,0,0,81.32144594192505,22,,,Picky up the left cup.,scene_007::Picky up the left cup.,picky up the left cup,0,0,1,0,0,1,cup,scene_007|partial,16,6,0.625,6
trial_20260513_015051_02fc31,top_cups_01,main,scene_007,cup_only,[],Picky up the right cup.,partial,vlm_direct,,,,1778604652.656606,/home/haoandong/ask2act/services/a6000_web/artifacts/offline_experiments/top_cups_01/scenes/scene_007/observation.jpg,80813d1e-65df-4e4b-8772-b87ada32109b,finished,1,0,cand_001,6.067076683044434,1779204134.4618566,wrong,,1778604658.7236016,gd_missing_target_candidate,True,True,Picky up the right cup.,1,,0,0,6.067076683044434,23,,,Picky up the right cup.,scene_007::Picky up the right cup.,picky up the right cup,0,0,1,0,0,1,cup,scene_007|partial,16,6,0.625,2
trial_20260513_015143_b20d61,top_cups_01,main,scene_007,cup_only,[],Picky up the white cup.,clear,vlm_direct,,,,1778604704.3974955,/home/haoandong/ask2act/services/a6000_web/artifacts/offline_experiments/top_cups_01/scenes/scene_007/observation.jpg,32439048-ba6b-48f1-90f7-0a1a3a6d8e90,finished,8,0,cand_002,84.52562284469604,1778604788.9233127,correct,,1778604788.9229798,,False,True,Picky up the white cup.,8,,1,0,84.52562284469604,23,,,Picky up the white cup.,scene_007::Picky up the white cup.,picky up the white cup,0,1,0,0,0,1,cup,scene_007|clear,13,6,0.5384615384615384,1
trial_20260513_015334_5ef672,top_cups_01,main,scene_007,cup_only,[],Picky up the brown cup.,clear,vlm_direct,,,,1778604815.7316241,/home/haoandong/ask2act/services/a6000_web/artifacts/offline_experiments/top_cups_01/scenes/scene_007/observation.jpg,2975b796-55c7-4b8f-9c75-eb18b2e157fb,finished,1,0,cand_001,4.031920909881592,1778604819.7636,correct,,1778604819.763492,,False,True,Picky up the brown cup.,1,,1,0,4.031920909881592,23,,,Picky up the brown cup.,scene_007::Picky up the brown cup.,picky up the brown cup,0,0,0,0,0,0,cup,scene_007|clear,13,6,0.5384615384615384,1
trial_20260513_015407_07fccf,top_cups_01,main,scene_007,cup_only,[],Picky up my cup.,ambiguous,vlm_direct,,,,1778604848.3606796,/home/haoandong/ask2act/services/a6000_web/artifacts/offline_experiments/top_cups_01/scenes/scene_007/observation.jpg,b7803231-d978-4d6c-8213-12ed78bbd9e4,finished,7,0,cand_001,62.38471221923828,1779204154.8353446,wrong,,1778604910.7453265,ambiguity_not_solved,True,True,Picky up my cup.,7,,0,0,62.38471221923828,16,,,Picky up my cup.,scene_007::Picky up my cup.,picky up my cup,1,0,0,0,0,1,cup,scene_007|ambiguous,13,1,0.9230769230769231,13
trial_20260513_015513_65307d,top_cups_01,main,scene_007,cup_only,[],Picky up my cup.,ambiguous,vlm_direct,,,,1778604914.0920668,/home/haoandong/ask2act/services/a6000_web/artifacts/offline_experiments/top_cups_01/scenes/scene_007/observation.jpg,f629953a-9aee-4262-a127-c8ab1a453eb1,finished,7,0,cand_001,60.76058793067932,1779204165.9221182,wrong,,1778604974.8525271,ambiguity_not_solved,True,True,Picky up my cup.,7,,0,0,60.76058793067932,16,,,Picky up my cup.,scene_007::Picky up my cup.,picky up my cup,1,0,0,0,0,1,cup,scene_007|ambiguous,13,1,0.9230769230769231,13
trial_20260513_015640_fc65b2,top_cups_01,main,scene_007,cup_only,[],Picky up the green cup.,partial,first_question,,,,1778605001.4831781,/home/haoandong/ask2act/services/a6000_web/artifacts/offline_experiments/top_cups_01/scenes/scene_007/observation.jpg,42bf9b32-8e77-4cbf-afb8-0dbd611ff6ab,finished,1,0,cand_001,4.126374244689941,1778605005.6096177,correct,,1778605005.6095042,,False,True,Picky up the green cup.,1,,1,0,4.126374244689941,23,,,Picky up the green cup.,scene_007::Picky up the green cup.,picky up the green cup,0,1,0,0,0,1,cup,scene_007|partial,16,6,0.625,1
trial_20260513_015659_d11823,top_cups_01,main,scene_007,cup_only,[],Picky up the blue cup.,clear,first_question,,,,1778605020.9695754,/home/haoandong/ask2act/services/a6000_web/artifacts/offline_experiments/top_cups_01/scenes/scene_007/observation.jpg,f8ee84bb-8683-4c2c-ad67-1b3fcfb14fc2,finished,1,0,cand_001,4.714961051940918,1778605025.6845918,correct,,1778605025.6844804,,False,True,Picky up the blue cup.,1,,1,0,4.714961051940918,22,,,Picky up the blue cup.,scene_007::Picky up the blue cup.,picky up the blue cup,0,1,0,0,0,1,cup,scene_007|clear,13,6,0.5384615384615384,4
trial_20260513_015728_52542a,top_cups_01,main,scene_007,cup_only,[],Picky up the left cup.,partial,first_question,,,,1778605049.227638,/home/haoandong/ask2act/services/a6000_web/artifacts/offline_experiments/top_cups_01/scenes/scene_007/observation.jpg,8815e1e4-04a7-4f81-a6fc-d9558edb6174,finished,2,1,cand_002,66.14310073852539,1778605115.3709402,correct,,1778605115.370596,,False,True,Picky up the left cup.,2,,1,1,66.14310073852539,22,,,Picky up the left cup.,scene_007::Picky up the left cup.,picky up the left cup,0,0,1,0,0,1,cup,scene_007|partial,16,6,0.625,6
trial_20260513_015938_897dfa,top_cups_01,main,scene_007,cup_only,[],Picky up the bottom cup.,partial,first_question,,,,1778605180.131746,/home/haoandong/ask2act/services/a6000_web/artifacts/offline_experiments/top_cups_01/scenes/scene_007/observation.jpg,28667b83-a2da-41fe-a405-44a661fa027f,finished,1,0,cand_001,3.869677782058716,1778605184.0014784,correct,,1778605184.0013723,,False,True,Picky up the bottom cup.,1,,1,0,3.869677782058716,24,,,Picky up the bottom cup.,scene_007::Picky up the bottom cup.,picky up the bottom cup,0,0,1,0,0,1,cup,scene_007|partial,16,6,0.625,4
trial_20260513_015958_53f182,top_cups_01,main,scene_007,cup_only,[],Picky up my cup.,ambiguous,first_question,,,,1778605199.33012,/home/haoandong/ask2act/services/a6000_web/artifacts/offline_experiments/top_cups_01/scenes/scene_007/observation.jpg,db4f9f76-a370-44e4-a8bf-c8c260777ee0,finished,7,5,cand_005,377.4796485900879,1778605576.8098283,correct,,1778605576.8096814,,False,True,Picky up my cup.,7,,1,5,377.4796485900879,16,,,Picky up my cup.,scene_007::Picky up my cup.,picky up my cup,1,0,0,0,0,1,cup,scene_007|ambiguous,13,1,0.9230769230769231,13
trial_20260513_021022_46bd14,top_cups_01,main,scene_007,cup_only,[],Picky up my cup.,ambiguous,first_question,,,,1778605823.0632393,/home/haoandong/ask2act/services/a6000_web/artifacts/offline_experiments/top_cups_01/scenes/scene_007/observation.jpg,9436df91-3672-4c64-b20b-9cfbfe700921,finished,7,3,cand_004,284.41990852355957,1778606107.4832072,correct,,1778606107.4830832,,False,True,Picky up my cup.,7,,1,3,284.41990852355957,16,,,Picky up my cup.,scene_007::Picky up my cup.,picky up my cup,1,0,0,0,0,1,cup,scene_007|ambiguous,13,1,0.9230769230769231,13
trial_20260513_021522_cbf4a2,top_cups_01,main,scene_007,cup_only,[],Picky up the yellow cup.,clear,random_question,,,,1778606123.672325,/home/haoandong/ask2act/services/a6000_web/artifacts/offline_experiments/top_cups_01/scenes/scene_007/observation.jpg,0c9c8f8c-f75c-4c21-820e-a6b12cc42ccb,finished,1,0,cand_001,4.404230356216431,1778606128.0766115,correct,,1778606128.076495,,False,True,Picky up the yellow cup.,1,,1,0,4.404230356216431,24,,,Picky up the yellow cup.,scene_007::Picky up the yellow cup.,picky up the yellow cup,0,1,0,0,0,1,cup,scene_007|clear,13,6,0.5384615384615384,3
trial_20260513_021900_37a23a,top_cups_01,main,scene_007,cup_only,[],Picky up the blue cup.,clear,random_question,,,,1778606341.442975,/home/haoandong/ask2act/services/a6000_web/artifacts/offline_experiments/top_cups_01/scenes/scene_007/observation.jpg,ea738217-2707-4da8-a816-ad967a04cb50,finished,1,0,cand_001,6.275752544403076,1778606347.7187846,correct,,1778606347.7186756,,False,True,Picky up the blue cup.,1,,1,0,6.275752544403076,22,,,Picky up the blue cup.,scene_007::Picky up the blue cup.,picky up the blue cup,0,1,0,0,0,1,cup,scene_007|clear,13,6,0.5384615384615384,4
trial_20260513_021921_218b54,top_cups_01,main,scene_007,cup_only,[],Picky up the left cup.,partial,random_question,,,,1778606362.5226717,/home/haoandong/ask2act/services/a6000_web/artifacts/offline_experiments/top_cups_01/scenes/scene_007/observation.jpg,8627554a-6d6e-4763-b4a9-a9c451e65e14,finished,2,2,cand_002,152.66755652427673,1778606515.1902852,correct,,1778606515.1901705,,False,True,Picky up the left cup.,2,,1,2,152.66755652427673,22,,,Picky up the left cup.,scene_007::Picky up the left cup.,picky up the left cup,0,0,1,0,0,1,cup,scene_007|partial,16,6,0.625,6
trial_20260513_022230_87b0c5,top_cups_01,main,scene_007,cup_only,[],Picky up the bottom cup.,partial,random_question,,,,1778606552.0096438,/home/haoandong/ask2act/services/a6000_web/artifacts/offline_experiments/top_cups_01/scenes/scene_007/observation.jpg,a9d87128-a6db-40c6-9e68-c9c923798b07,finished,1,0,cand_001,4.135433673858643,1778606556.14522,correct,,1778606556.1449995,,False,True,Picky up the bottom cup.,1,,1,0,4.135433673858643,24,,,Picky up the bottom cup.,scene_007::Picky up the bottom cup.,picky up the bottom cup,0,0,1,0,0,1,cup,scene_007|partial,16,6,0.625,4
trial_20260513_022249_86e82e,top_cups_01,main,scene_007,cup_only,[],Picky up my cup.,ambiguous,random_question,,,,1778606570.339483,/home/haoandong/ask2act/services/a6000_web/artifacts/offline_experiments/top_cups_01/scenes/scene_007/observation.jpg,04210223-bca6-4b8b-abbf-9b4e670c5426,finished,7,1,cand_005,135.9414393901825,1778606706.2809794,correct,,1778606706.2808356,,False,True,Picky up my cup.,7,,1,1,135.9414393901825,16,,,Picky up my cup.,scene_007::Picky up my cup.,picky up my cup,1,0,0,0,0,1,cup,scene_007|ambiguous,13,1,0.9230769230769231,13
trial_20260513_022508_e55162,top_cups_01,main,scene_007,cup_only,[],Picky up my cup.,ambiguous,random_question,,,,1778606709.3695564,/home/haoandong/ask2act/services/a6000_web/artifacts/offline_experiments/top_cups_01/scenes/scene_007/observation.jpg,b438de8b-0cb8-48ad-8e2a-5592d577056a,finished,7,6,cand_004,372.9789135456085,1778607082.3485332,correct,,1778607082.348391,,False,True,Picky up my cup.,7,,1,6,372.9789135456085,16,,,Picky up my cup.,scene_007::Picky up my cup.,picky up my cup,1,0,0,0,0,1,cup,scene_007|ambiguous,13,1,0.9230769230769231,13
trial_20260513_023151_f99eac,top_cups_01,main,scene_007,cup_only,[],Picky up the green cup.,clear,vlm_best_question,,,,1778607112.56478,/home/haoandong/ask2act/services/a6000_web/artifacts/offline_experiments/top_cups_01/scenes/scene_007/observation.jpg,be94722a-4e90-42dc-97d5-3ac481d18fd2,finished,1,0,cand_001,17.34743857383728,1778607129.9122782,correct,,1778607129.9121683,,False,True,Picky up the green cup.,1,,1,0,17.34743857383728,23,,,Picky up the green cup.,scene_007::Picky up the green cup.,picky up the green cup,0,1,0,0,0,1,cup,scene_007|clear,13,6,0.5384615384615384,3
trial_20260513_023226_8ef4f5,top_cups_01,main,scene_007,cup_only,[],Picky up the yellow cup.,clear,vlm_best_question,,,,1778607148.2276516,/home/haoandong/ask2act/services/a6000_web/artifacts/offline_experiments/top_cups_01/scenes/scene_007/observation.jpg,1d8a856c-122a-466f-9bf4-7731b53e39aa,finished,1,0,cand_001,3.3583595752716064,1778607151.5862017,correct,,1778607151.5859122,,False,True,Picky up the yellow cup.,1,,1,0,3.3583595752716064,24,,,Picky up the yellow cup.,scene_007::Picky up the yellow cup.,picky up the yellow cup,0,1,0,0,0,1,cup,scene_007|clear,13,6,0.5384615384615384,3
trial_20260513_023241_3ed065,top_cups_01,main,scene_007,cup_only,[],Picky up the left cup.,partial,vlm_best_question,,,,1778607162.3230615,/home/haoandong/ask2act/services/a6000_web/artifacts/offline_experiments/top_cups_01/scenes/scene_007/observation.jpg,86adc3b0-f2cd-41d9-a413-0006e388fd0b,finished,2,1,cand_001,69.84825396537781,1778607232.171516,correct,,1778607232.171191,,False,True,Picky up the left cup.,2,,1,1,69.84825396537781,22,,,Picky up the left cup.,scene_007::Picky up the left cup.,picky up the left cup,0,0,1,0,0,1,cup,scene_007|partial,16,6,0.625,6
trial_20260513_023405_d36a86,top_cups_01,main,scene_007,cup_only,[],Picky up the bottom cup.,partial,vlm_best_question,,,,1778607246.9119473,/home/haoandong/ask2act/services/a6000_web/artifacts/offline_experiments/top_cups_01/scenes/scene_007/observation.jpg,f0bc5110-74d0-4d90-87ea-1babb48dce39,finished,1,0,cand_001,2.673112392425537,1778607249.585112,correct,,1778607249.5850158,,False,True,Picky up the bottom cup.,1,,1,0,2.673112392425537,24,,,Picky up the bottom cup.,scene_007::Picky up the bottom cup.,picky up the bottom cup,0,0,1,0,0,1,cup,scene_007|partial,16,6,0.625,4
trial_20260513_023414_53caba,top_cups_01,main,scene_007,cup_only,[],Picky up my cup.,ambiguous,vlm_best_question,,,,1778607255.8729687,/home/haoandong/ask2act/services/a6000_web/artifacts/offline_experiments/top_cups_01/scenes/scene_007/observation.jpg,d8a3bdc0-6ebd-4642-add3-2db4f54ebedc,finished,7,5,cand_005,311.0464234352112,1778607566.9194596,correct,,1778607566.9193044,,False,True,Picky up my cup.,7,,1,5,311.0464234352112,16,,,Picky up my cup.,scene_007::Picky up my cup.,picky up my cup,1,0,0,0,0,1,cup,scene_007|ambiguous,13,1,0.9230769230769231,13
trial_20260513_023934_04c301,top_cups_01,main,scene_007,cup_only,[],Picky up my cup.,ambiguous,vlm_best_question,,,,1778607574.9967465,/home/haoandong/ask2act/services/a6000_web/artifacts/offline_experiments/top_cups_01/scenes/scene_007/observation.jpg,b267a80a-0172-4b4b-80a4-b085e65e4c6f,finished,7,3,cand_004,210.3437488079071,1778607785.3406777,correct,,1778607785.3403482,,False,True,Picky up my cup.,7,,1,3,210.3437488079071,16,,,Picky up my cup.,scene_007::Picky up my cup.,picky up my cup,1,0,0,0,0,1,cup,scene_007|ambiguous,13,1,0.9230769230769231,13
trial_20260513_024322_2d4675,top_cups_01,main,scene_007,cup_only,[],Picky up the green cup.,clear,proposed_efe,,,,1778607803.70683,/home/haoandong/ask2act/services/a6000_web/artifacts/offline_experiments/top_cups_01/scenes/scene_007/observation.jpg,4da3cd78-9927-4093-bcec-b63653d90848,finished,1,0,cand_001,2.6091649532318115,1778607806.3161902,correct,,1778607806.3158927,,False,True,Picky up the green cup.,1,,1,0,2.6091649532318115,23,,,Picky up the green cup.,scene_007::Picky up the green cup.,picky up the green cup,0,1,0,0,0,1,cup,scene_007|clear,13,6,0.5384615384615384,3
trial_20260513_024335_0066e9,top_cups_01,main,scene_007,cup_only,[],Picky up the blue cup.,clear,proposed_efe,,,,1778607816.2685235,/home/haoandong/ask2act/services/a6000_web/artifacts/offline_experiments/top_cups_01/scenes/scene_007/observation.jpg,1e06d033-23bd-48f8-b832-30400705586e,finished,1,0,cand_001,4.873185157775879,1778607821.1417656,correct,,1778607821.1416597,,False,True,Picky up the blue cup.,1,,1,0,4.873185157775879,22,,,Picky up the blue cup.,scene_007::Picky up the blue cup.,picky up the blue cup,0,1,0,0,0,1,cup,scene_007|clear,13,6,0.5384615384615384,4
trial_20260513_024348_d6b7b4,top_cups_01,main,scene_007,cup_only,[],Picky up the bottom cup.,partial,proposed_efe,,,,1778607829.7869728,/home/haoandong/ask2act/services/a6000_web/artifacts/offline_experiments/top_cups_01/scenes/scene_007/observation.jpg,83992d25-8e58-4cc1-9408-eb2d75610f57,finished,1,0,cand_001,2.7991302013397217,1778607832.586177,correct,,1778607832.5860512,,False,True,Picky up the bottom cup.,1,,1,0,2.7991302013397217,24,,,Picky up the bottom cup.,scene_007::Picky up the bottom cup.,picky up the bottom cup,0,0,1,0,0,1,cup,scene_007|partial,16,6,0.625,4
trial_20260513_024408_b7eceb,top_cups_01,main,scene_007,cup_only,[],Picky up the left cup.,partial,proposed_efe,,,,1778607849.1173608,/home/haoandong/ask2act/services/a6000_web/artifacts/offline_experiments/top_cups_01/scenes/scene_007/observation.jpg,b61a12f9-6580-40e4-8c2f-3fd375dfa379,finished,2,1,cand_001,58.28901672363281,1778607907.4064693,correct,,1778607907.4062986,,False,True,Picky up the left cup.,2,,1,1,58.28901672363281,22,,,Picky up the left cup.,scene_007::Picky up the left cup.,picky up the left cup,0,0,1,0,0,1,cup,scene_007|partial,16,6,0.625,6
trial_20260513_025042_73b8f9,top_cups_01,main,scene_007,cup_only,[],Picky up my cup.,ambiguous,proposed_efe,,,,1778608243.8319018,/home/haoandong/ask2act/services/a6000_web/artifacts/offline_experiments/top_cups_01/scenes/scene_007/observation.jpg,a3edb840-7915-40a7-9811-d372e66db03a,finished,7,1,cand_004,64.1993477344513,1778608308.0313098,correct,,1778608308.0311751,,False,True,Picky up my cup.,7,,1,1,64.1993477344513,16,,,Picky up my cup.,scene_007::Picky up my cup.,picky up my cup,1,0,0,0,0,1,cup,scene_007|ambiguous,13,1,0.9230769230769231,13
trial_20260514_151940_e9a437,top_cups_01,main,scene_008,cup_only,[],Pick up the blue cup,clear,top_score,,,,1778739589.675933,/home/haoandong/ask2act/services/a6000_web/artifacts/offline_experiments/top_cups_01/scenes/scene_008/observation.jpg,1b30b45d-0080-4024-9217-f027770b8a2a,finished,1,0,cand_001,5.558732509613037,1778739595.2348306,correct,,1778739595.2345374,,False,True,Pick up the blue cup,1,"{'plausible': ['cand_001'], 'eliminated': [], 'last_removed': []}",1,0,5.558732509613037,20,,,Pick up the blue cup,scene_008::Pick up the blue cup,pick up the blue cup,0,1,0,0,0,1,cup,scene_008|clear,15,6,0.6,4
trial_20260514_152026_d86aa5,top_cups_01,main,scene_008,cup_only,[],Pick up the red cup,clear,top_score,,,,1778739627.828928,/home/haoandong/ask2act/services/a6000_web/artifacts/offline_experiments/top_cups_01/scenes/scene_008/observation.jpg,ff6679ce-7fbf-4681-b1ff-2b66c4e2fd3d,finished,1,0,cand_001,3.3405301570892334,1778739631.1696079,correct,,1778739631.1693587,,False,True,Pick up the red cup,1,"{'plausible': ['cand_001'], 'eliminated': [], 'last_removed': []}",1,0,3.3405301570892334,19,,,Pick up the red cup,scene_008::Pick up the red cup,pick up the red cup,0,1,0,0,0,1,cup,scene_008|clear,15,6,0.6,5
trial_20260514_152057_ad9085,top_cups_01,main,scene_008,cup_only,[],Pick up the left most cup,clear,top_score,,,,1778739658.878537,/home/haoandong/ask2act/services/a6000_web/artifacts/offline_experiments/top_cups_01/scenes/scene_008/observation.jpg,068b3493-3605-4ce8-831a-ea1b434b1dfc,finished,1,0,cand_001,4.227445363998413,1778739663.1061015,correct,,1778739663.1059084,,False,True,Pick up the left most cup,1,"{'plausible': ['cand_001'], 'eliminated': [], 'last_removed': []}",1,0,4.227445363998413,25,,,Pick up the left most cup,scene_008::Pick up the left most cup,pick up the left most cup,0,0,1,0,0,1,cup,scene_008|clear,15,6,0.6,1
trial_20260514_152124_99fe1b,top_cups_01,main,scene_008,cup_only,[],Pick up the left cup,partial,top_score,,,,1778739685.485163,/home/haoandong/ask2act/services/a6000_web/artifacts/offline_experiments/top_cups_01/scenes/scene_008/observation.jpg,abdfb13c-bc28-443b-a486-99f6311a7ac1,finished,2,0,cand_001,3.5643744468688965,1779204188.9524174,unresolved,,1778739689.0494606,ambiguity_not_solved,True,True,Pick up the left cup,2,"{'plausible': ['cand_001'], 'eliminated': ['cand_002'], 'last_removed': ['cand_002']}",0,0,3.5643744468688965,20,,,Pick up the left cup,scene_008::Pick up the left cup,pick up the left cup,0,0,1,0,0,1,cup,scene_008|partial,13,2,0.8461538461538461,7
trial_20260514_152134_063b0f,top_cups_01,main,scene_008,cup_only,[],Pick up the white cup,partial,top_score,,,,1778739695.6808348,/home/haoandong/ask2act/services/a6000_web/artifacts/offline_experiments/top_cups_01/scenes/scene_008/observation.jpg,2ac75a26-62d4-4291-bae9-521a81d20ae4,finished,2,0,cand_001,5.9183030128479,1779204354.0564609,unresolved,,1778739701.5989876,ambiguity_not_solved,True,True,Pick up the white cup,2,"{'plausible': ['cand_001'], 'eliminated': ['cand_002'], 'last_removed': ['cand_002']}",0,0,5.9183030128479,21,,,Pick up the white cup,scene_008::Pick up the white cup,pick up the white cup,0,1,0,0,0,1,cup,scene_008|partial,13,2,0.8461538461538461,6
trial_20260514_152154_c96f90,top_cups_01,main,scene_008,cup_only,[],Pick up my cup,ambiguous,top_score,,,,1778739715.0188413,/home/haoandong/ask2act/services/a6000_web/artifacts/offline_experiments/top_cups_01/scenes/scene_008/observation.jpg,9b7a1e3e-7345-4cd7-ae73-a8d6b6832f9c,finished,7,0,cand_001,4.996936082839966,1779204383.2721837,wrong,,1778739720.0156925,ambiguity_not_solved,True,True,Pick up my cup,7,"{'plausible': ['cand_001'], 'eliminated': ['cand_002', 'cand_003', 'cand_004', 'cand_005', 'cand_006', 'cand_007'], 'last_removed': ['cand_002', 'cand_003', 'cand_004', 'cand_005', 'cand_006', 'cand_007']}",0,0,4.996936082839966,14,,,Pick up my cup,scene_008::Pick up my cup,pick up my cup,1,0,0,0,0,1,cup,scene_008|ambiguous,12,2,0.8333333333333334,9
trial_20260514_152202_ff9761,top_cups_01,main,scene_008,cup_only,[],Pick up my cup,ambiguous,top_score,,,,1778739723.602995,/home/haoandong/ask2act/services/a6000_web/artifacts/offline_experiments/top_cups_01/scenes/scene_008/observation.jpg,67271230-500e-44ae-a7b4-1e0c766d31fa,finished,7,0,cand_001,3.0714025497436523,1779204398.2605557,wrong,,1778739726.674283,ambiguity_not_solved,True,True,Pick up my cup,7,"{'plausible': ['cand_001'], 'eliminated': ['cand_002', 'cand_003', 'cand_004', 'cand_005', 'cand_006', 'cand_007'], 'last_removed': ['cand_002', 'cand_003', 'cand_004', 'cand_005', 'cand_006', 'cand_007']}",0,0,3.0714025497436523,14,,,Pick up my cup,scene_008::Pick up my cup,pick up my cup,1,0,0,0,0,1,cup,scene_008|ambiguous,12,2,0.8333333333333334,9
trial_20260514_152230_b06215,top_cups_01,main,scene_008,cup_only,[],Pick up my cup,ambiguous,random_candidate,,,,1778739751.8829198,/home/haoandong/ask2act/services/a6000_web/artifacts/offline_experiments/top_cups_01/scenes/scene_008/observation.jpg,2369c0b2-e1f4-4e7a-a951-c5c4081445e8,finished,7,0,cand_004,2.923079252243042,1779204422.3047664,wrong,,1778739754.8058875,ambiguity_not_solved,True,True,Pick up my cup,7,"{'plausible': ['cand_004'], 'eliminated': ['cand_001', 'cand_002', 'cand_003', 'cand_005', 'cand_006', 'cand_007'], 'last_removed': ['cand_001', 'cand_002', 'cand_003', 'cand_005', 'cand_006', 'cand_007']}",0,0,2.923079252243042,14,,,Pick up my cup,scene_008::Pick up my cup,pick up my cup,1,0,0,0,0,1,cup,scene_008|ambiguous,12,2,0.8333333333333334,9
trial_20260514_152244_5d3237,top_cups_01,main,scene_008,cup_only,[],Pick up the left cup,partial,random_candidate,,,,1778739764.9195528,/home/haoandong/ask2act/services/a6000_web/artifacts/offline_experiments/top_cups_01/scenes/scene_008/observation.jpg,ea5ab785-bd16-48e0-bddd-df3c1a994bd2,finished,2,0,cand_002,3.9134535789489746,1778739768.833078,correct,,1778739768.8329396,,False,True,Pick up the left cup,2,"{'plausible': ['cand_002'], 'eliminated': ['cand_001'], 'last_removed': ['cand_001']}",1,0,3.9134535789489746,20,,,Pick up the left cup,scene_008::Pick up the left cup,pick up the left cup,0,0,1,0,0,1,cup,scene_008|partial,13,2,0.8461538461538461,7
trial_20260514_152305_354fbf,top_cups_01,main,scene_008,cup_only,[],Pick up the white cup,partial,random_candidate,,,,1778739787.0175364,/home/haoandong/ask2act/services/a6000_web/artifacts/offline_experiments/top_cups_01/scenes/scene_008/observation.jpg,da02f2bf-7fb9-4962-82ae-637ff9592a6d,finished,2,0,cand_002,5.274733781814575,1779204441.203631,wrong,,1778739792.2922027,ambiguity_not_solved,True,True,Pick up the white cup,2,"{'plausible': ['cand_002'], 'eliminated': ['cand_001'], 'last_removed': ['cand_001']}",0,0,5.274733781814575,21,,,Pick up the white cup,scene_008::Pick up the white cup,pick up the white cup,0,1,0,0,0,1,cup,scene_008|partial,13,2,0.8461538461538461,6
trial_20260514_152331_cc50ee,top_cups_01,main,scene_008,cup_only,[],Pick up the pink cup,clear,random_candidate,,,,1778739812.4065778,/home/haoandong/ask2act/services/a6000_web/artifacts/offline_experiments/top_cups_01/scenes/scene_008/observation.jpg,cc56c411-f981-4c56-9cf9-d226f79aa9b0,finished,1,0,cand_001,8.734053373336792,1778739821.14078,correct,,1778739821.140537,,False,True,Pick up the pink cup,1,"{'plausible': ['cand_001'], 'eliminated': [], 'last_removed': []}",1,0,8.734053373336792,20,,,Pick up the pink cup,scene_008::Pick up the pink cup,pick up the pink cup,0,1,0,0,0,1,cup,scene_008|clear,15,6,0.6,1
trial_20260514_152350_1d0c6d,top_cups_01,main,scene_008,cup_only,[],Pick up the red cup,clear,random_candidate,,,,1778739831.4754956,/home/haoandong/ask2act/services/a6000_web/artifacts/offline_experiments/top_cups_01/scenes/scene_008/observation.jpg,3cf5e4c3-10f0-4bba-9024-abdde5ef6f76,finished,1,0,cand_001,2.5739071369171143,1778739834.0494528,correct,,1778739834.049361,,False,True,Pick up the red cup,1,"{'plausible': ['cand_001'], 'eliminated': [], 'last_removed': []}",1,0,2.5739071369171143,19,,,Pick up the red cup,scene_008::Pick up the red cup,pick up the red cup,0,1,0,0,0,1,cup,scene_008|clear,15,6,0.6,5
trial_20260514_152400_bc789f,top_cups_01,main,scene_008,cup_only,[],Pick up the red cup,clear,vlm_direct,,,,1778739841.89908,/home/haoandong/ask2act/services/a6000_web/artifacts/offline_experiments/top_cups_01/scenes/scene_008/observation.jpg,6077ee47-4b86-4896-b384-a0b07699b53b,finished,1,0,cand_001,3.8107211589813232,1778739845.7098653,correct,,1778739845.7097385,,False,True,Pick up the red cup,1,"{'plausible': ['cand_001'], 'eliminated': [], 'last_removed': []}",1,0,3.8107211589813232,19,,,Pick up the red cup,scene_008::Pick up the red cup,pick up the red cup,0,1,0,0,0,1,cup,scene_008|clear,15,6,0.6,5
trial_20260514_152413_dd4104,top_cups_01,main,scene_008,cup_only,[],Pick up the brown cup,clear,vlm_direct,,,,1778739854.6940756,/home/haoandong/ask2act/services/a6000_web/artifacts/offline_experiments/top_cups_01/scenes/scene_008/observation.jpg,aaf0a1f3-3d90-4081-9f6f-41bc40ad3c82,finished,1,0,cand_001,3.476835250854492,1778739858.1711934,correct,,1778739858.1707397,,False,True,Pick up the brown cup,1,"{'plausible': ['cand_001'], 'eliminated': [], 'last_removed': []}",1,0,3.476835250854492,21,,,Pick up the brown cup,scene_008::Pick up the brown cup,pick up the brown cup,0,0,0,0,0,0,cup,scene_008|clear,15,6,0.6,2
trial_20260514_152429_b61fd2,top_cups_01,main,scene_008,cup_only,[],Pick up the white cup,partial,vlm_direct,,,,1778739870.842293,/home/haoandong/ask2act/services/a6000_web/artifacts/offline_experiments/top_cups_01/scenes/scene_008/observation.jpg,47315b3f-ed38-410c-b663-769c67ceacaf,finished,2,0,cand_001,121.16033792495728,1778739992.0029685,correct,,1778739992.0024974,,False,True,Pick up the white cup,2,"{'plausible': ['cand_001'], 'eliminated': ['cand_002'], 'last_removed': ['cand_002']}",1,0,121.16033792495728,21,,,Pick up the white cup,scene_008::Pick up the white cup,pick up the white cup,0,1,0,0,0,1,cup,scene_008|partial,13,2,0.8461538461538461,6
trial_20260514_152638_8fa14f,top_cups_01,main,scene_008,cup_only,[],Pick up the left cup,partial,vlm_direct,,,,1778739998.8769407,/home/haoandong/ask2act/services/a6000_web/artifacts/offline_experiments/top_cups_01/scenes/scene_008/observation.jpg,8c179790-9747-44fe-92fe-631f39e966ba,finished,2,0,cand_001,78.86072754859924,1779204459.7522585,wrong,,1778740077.7375555,,True,True,Pick up the left cup,2,"{'plausible': ['cand_001'], 'eliminated': ['cand_002'], 'last_removed': ['cand_002']}",0,0,78.86072754859924,20,,,Pick up the left cup,scene_008::Pick up the left cup,pick up the left cup,0,0,1,0,0,1,cup,scene_008|partial,13,2,0.8461538461538461,7
trial_20260514_152803_487a28,top_cups_01,main,scene_008,cup_only,[],Pick up the my cup,ambiguous,vlm_direct,,,,1778740084.832628,/home/haoandong/ask2act/services/a6000_web/artifacts/offline_experiments/top_cups_01/scenes/scene_008/observation.jpg,2d66d830-5a59-4a77-80c6-731064dfc756,finished,7,0,cand_001,73.89336967468262,1779204470.2437575,wrong,,1778740158.7258832,ambiguity_not_solved,True,True,Pick up the my cup,7,"{'plausible': ['cand_001'], 'eliminated': ['cand_002', 'cand_003', 'cand_004', 'cand_005', 'cand_006', 'cand_007'], 'last_removed': ['cand_002', 'cand_003', 'cand_004', 'cand_005', 'cand_006', 'cand_007']}",0,0,73.89336967468262,18,,,Pick up the my cup,scene_008::Pick up the my cup,pick up the my cup,1,0,0,0,0,1,cup,scene_008|ambiguous,12,2,0.8333333333333334,3
trial_20260514_152919_75859e,top_cups_01,main,scene_008,cup_only,[],Pick up the my cup,ambiguous,vlm_direct,,,,1778740161.0642831,/home/haoandong/ask2act/services/a6000_web/artifacts/offline_experiments/top_cups_01/scenes/scene_008/observation.jpg,b9af5270-0173-4931-a6af-5579258963ad,finished,7,0,cand_003,157.756774187088,1779204476.8842337,wrong,,1778740318.8209689,ambiguity_not_solved,True,True,Pick up the my cup,7,"{'plausible': ['cand_003'], 'eliminated': ['cand_001', 'cand_002', 'cand_004', 'cand_005', 'cand_006', 'cand_007'], 'last_removed': ['cand_001', 'cand_002', 'cand_004', 'cand_005', 'cand_006', 'cand_007']}",0,0,157.756774187088,18,,,Pick up the my cup,scene_008::Pick up the my cup,pick up the my cup,1,0,0,0,0,1,cup,scene_008|ambiguous,12,2,0.8333333333333334,3
trial_20260514_153210_104e62,top_cups_01,main,scene_008,cup_only,[],Pick up the my cup,ambiguous,first_question,,,,1778740331.1925967,/home/haoandong/ask2act/services/a6000_web/artifacts/offline_experiments/top_cups_01/scenes/scene_008/observation.jpg,5cf8d684-0da3-40c8-a907-017635fe87fd,finished,7,5,cand_004,759.0536777973175,1778741090.2463717,correct,,1778741090.2461565,,False,True,Pick up the my cup,7,"{'plausible': ['cand_004'], 'eliminated': ['cand_001', 'cand_002', 'cand_003', 'cand_005', 'cand_006', 'cand_007'], 'last_removed': ['cand_003', 'cand_005', 'cand_006']}",1,5,759.0536777973175,18,,,Pick up the my cup,scene_008::Pick up the my cup,pick up the my cup,1,0,0,0,0,1,cup,scene_008|ambiguous,12,2,0.8333333333333334,3
trial_20260514_155749_57c7e2,top_cups_01,main,scene_008,cup_only,[],Pick up the white cup,partial,first_question,,,,1778741870.4882047,/home/haoandong/ask2act/services/a6000_web/artifacts/offline_experiments/top_cups_01/scenes/scene_008/observation.jpg,936a660e-7ce5-44ae-8602-6042b5442ac4,finished,2,1,cand_001,89.45110177993774,1778741959.939502,correct,,1778741959.9391644,,False,True,Pick up the white cup,2,"{'plausible': ['cand_001'], 'eliminated': ['cand_002'], 'last_removed': ['cand_002']}",1,1,89.45110177993774,21,,,Pick up the white cup,scene_008::Pick up the white cup,pick up the white cup,0,1,0,0,0,1,cup,scene_008|partial,13,2,0.8461538461538461,6
trial_20260514_155930_b84502,top_cups_01,main,scene_008,cup_only,[],Pick up the left cup,partial,first_question,,,,1778741971.8449283,/home/haoandong/ask2act/services/a6000_web/artifacts/offline_experiments/top_cups_01/scenes/scene_008/observation.jpg,a8939a7b-5a66-4ad2-abc8-48c8d0fbc5a2,finished,2,1,cand_002,61.99390506744385,1778742033.8389854,correct,,1778742033.8387158,,False,True,Pick up the left cup,2,"{'plausible': ['cand_002'], 'eliminated': ['cand_001'], 'last_removed': ['cand_001']}",1,1,61.99390506744385,20,,,Pick up the left cup,scene_008::Pick up the left cup,pick up the left cup,0,0,1,0,0,1,cup,scene_008|partial,13,2,0.8461538461538461,7
trial_20260514_160044_e2e206,top_cups_01,main,scene_008,cup_only,[],Pick up the blue cup,clear,first_question,,,,1778742046.1091468,/home/haoandong/ask2act/services/a6000_web/artifacts/offline_experiments/top_cups_01/scenes/scene_008/observation.jpg,faed03b3-677f-430d-836e-7a8f4015c417,finished,1,0,cand_001,2.7614316940307617,1778742048.8707156,correct,,1778742048.8704941,,False,True,Pick up the blue cup,1,"{'plausible': ['cand_001'], 'eliminated': [], 'last_removed': []}",1,0,2.7614316940307617,20,,,Pick up the blue cup,scene_008::Pick up the blue cup,pick up the blue cup,0,1,0,0,0,1,cup,scene_008|clear,15,6,0.6,4
trial_20260514_160056_582628,top_cups_01,main,scene_008,cup_only,[],Pick up the brwon cup,clear,first_question,,,,1778742057.916645,/home/haoandong/ask2act/services/a6000_web/artifacts/offline_experiments/top_cups_01/scenes/scene_008/observation.jpg,30f9802e-0a1b-4538-9c40-a011c5b1d132,finished,1,0,cand_001,3.5179262161254883,1778742061.434755,correct,,1778742061.4344847,,False,True,Pick up the brwon cup,1,"{'plausible': ['cand_001'], 'eliminated': [], 'last_removed': []}",1,0,3.5179262161254883,21,,,Pick up the brwon cup,scene_008::Pick up the brwon cup,pick up the brwon cup,0,0,0,0,0,0,cup,scene_008|clear,15,6,0.6,2
trial_20260514_160110_241106,top_cups_01,main,scene_008,cup_only,[],Pick up the brwon cup,clear,random_question,,,,1778742072.2456453,/home/haoandong/ask2act/services/a6000_web/artifacts/offline_experiments/top_cups_01/scenes/scene_008/observation.jpg,d234cfb9-1565-40d2-aa31-77b83285cb21,finished,1,0,cand_001,1.960294485092163,1778742074.2061098,correct,,1778742074.2058203,,False,True,Pick up the brwon cup,1,"{'plausible': ['cand_001'], 'eliminated': [], 'last_removed': []}",1,0,1.960294485092163,21,,,Pick up the brwon cup,scene_008::Pick up the brwon cup,pick up the brwon cup,0,0,0,0,0,0,cup,scene_008|clear,15,6,0.6,2
trial_20260514_160123_e61a87,top_cups_01,main,scene_008,cup_only,[],Pick up the red cup,clear,random_question,,,,1778742084.4115748,/home/haoandong/ask2act/services/a6000_web/artifacts/offline_experiments/top_cups_01/scenes/scene_008/observation.jpg,194b571d-3a00-4d73-b20d-88ff3ea2b2a3,finished,1,0,cand_001,5.965906143188477,1778742090.377593,correct,,1778742090.3774002,,False,True,Pick up the red cup,1,"{'plausible': ['cand_001'], 'eliminated': [], 'last_removed': []}",1,0,5.965906143188477,19,,,Pick up the red cup,scene_008::Pick up the red cup,pick up the red cup,0,1,0,0,0,1,cup,scene_008|clear,15,6,0.6,5
trial_20260514_160139_525b34,top_cups_01,main,scene_008,cup_only,[],Pick up the left cup.,partial,random_question,,,,1778742100.7419963,/home/haoandong/ask2act/services/a6000_web/artifacts/offline_experiments/top_cups_01/scenes/scene_008/observation.jpg,d040f794-7b73-4a52-a631-8eef522204eb,finished,2,2,cand_001,163.42104363441467,1778742264.163174,correct,,1778742264.1629255,,False,True,Pick up the left cup.,2,"{'plausible': ['cand_001'], 'eliminated': ['cand_002'], 'last_removed': ['cand_002']}",1,2,163.42104363441467,21,,,Pick up the left cup.,scene_008::Pick up the left cup.,pick up the left cup,0,0,1,0,0,1,cup,scene_008|partial,13,2,0.8461538461538461,7
trial_20260514_160440_24fb0c,top_cups_01,main,scene_008,cup_only,[],Pick up my cup.,ambiguous,random_question,,,,1778742281.6981156,/home/haoandong/ask2act/services/a6000_web/artifacts/offline_experiments/top_cups_01/scenes/scene_008/observation.jpg,73694ae8-399f-4b1e-b04f-c066e3564fde,finished,7,3,cand_004,269.73796010017395,1778742551.4362338,correct,,1778742551.4359264,,False,True,Pick up my cup.,7,"{'plausible': ['cand_004'], 'eliminated': ['cand_001', 'cand_002', 'cand_003', 'cand_005', 'cand_006', 'cand_007'], 'last_removed': ['cand_005', 'cand_006']}",1,3,269.73796010017395,15,,,Pick up my cup.,scene_008::Pick up my cup.,pick up my cup,1,0,0,0,0,1,cup,scene_008|ambiguous,12,2,0.8333333333333334,9
trial_20260514_163015_d4aedb,top_cups_01,main,scene_008,cup_only,[],Pick up my cup.,ambiguous,random_question,,,,1778743816.5484948,/home/haoandong/ask2act/services/a6000_web/artifacts/offline_experiments/top_cups_01/scenes/scene_008/observation.jpg,e0f5aef3-6eef-4795-9ede-25065427839d,finished,7,6,cand_003,442.8164427280426,1778744259.3651466,correct,,1778744259.3647227,,False,True,Pick up my cup.,7,"{'plausible': ['cand_003'], 'eliminated': ['cand_001', 'cand_002', 'cand_004', 'cand_005', 'cand_006', 'cand_007'], 'last_removed': ['cand_005']}",1,6,442.8164427280426,15,,,Pick up my cup.,scene_008::Pick up my cup.,pick up my cup,1,0,0,0,0,1,cup,scene_008|ambiguous,12,2,0.8333333333333334,9
trial_20260514_163826_e82315,top_cups_01,main,scene_008,cup_only,[],Pick up the blue cup.,clear,vlm_best_question,,,,1778744312.8801062,/home/haoandong/ask2act/services/a6000_web/artifacts/offline_experiments/top_cups_01/scenes/scene_008/observation.jpg,631fffbc-af27-428f-87b8-b65112d99d94,finished,1,0,cand_001,5.781010627746582,1778744318.6613286,correct,,1778744318.6609926,,False,True,Pick up the blue cup.,1,"{'plausible': ['cand_001'], 'eliminated': [], 'last_removed': []}",1,0,5.781010627746582,21,,,Pick up the blue cup.,scene_008::Pick up the blue cup.,pick up the blue cup,0,1,0,0,0,1,cup,scene_008|clear,15,6,0.6,4
trial_20260514_163852_28c2e4,top_cups_01,main,scene_008,cup_only,[],Pick up the brown cup.,clear,vlm_best_question,,,,1778744333.4806297,/home/haoandong/ask2act/services/a6000_web/artifacts/offline_experiments/top_cups_01/scenes/scene_008/observation.jpg,340a6c36-39a2-4d0e-9053-392c60ac0767,finished,1,0,cand_001,2.5596957206726074,1778744336.04054,correct,,1778744336.0401945,,False,True,Pick up the brown cup.,1,"{'plausible': ['cand_001'], 'eliminated': [], 'last_removed': []}",1,0,2.5596957206726074,22,,,Pick up the brown cup.,scene_008::Pick up the brown cup.,pick up the brown cup,0,0,0,0,0,0,cup,scene_008|clear,15,6,0.6,2
trial_20260514_163906_632a13,top_cups_01,main,scene_008,cup_only,[],Pick up the left cup.,partial,vlm_best_question,,,,1778744347.4718816,/home/haoandong/ask2act/services/a6000_web/artifacts/offline_experiments/top_cups_01/scenes/scene_008/observation.jpg,fe30d282-a73d-4d31-b558-a524abcc4e35,finished,2,1,cand_001,122.24881052970886,1778744469.7208018,correct,,1778744469.72061,,False,True,Pick up the left cup.,2,"{'plausible': ['cand_001'], 'eliminated': ['cand_002'], 'last_removed': ['cand_002']}",1,1,122.24881052970886,21,,,Pick up the left cup.,scene_008::Pick up the left cup.,pick up the left cup,0,0,1,0,0,1,cup,scene_008|partial,13,2,0.8461538461538461,7
trial_20260514_164116_8353a0,top_cups_01,main,scene_008,cup_only,[],Pick up the white cup.,partial,vlm_best_question,,,,1778744477.7621067,/home/haoandong/ask2act/services/a6000_web/artifacts/offline_experiments/top_cups_01/scenes/scene_008/observation.jpg,2dcb7380-e79a-4bd5-a606-b6b225dbf7a3,finished,2,1,cand_002,46.71341562271118,1778744524.4756188,correct,,1778744524.475428,,False,True,Pick up the white cup.,2,"{'plausible': ['cand_002'], 'eliminated': ['cand_001'], 'last_removed': ['cand_001']}",1,1,46.71341562271118,22,,,Pick up the white cup.,scene_008::Pick up the white cup.,pick up the white cup,0,1,0,0,0,1,cup,scene_008|partial,13,2,0.8461538461538461,6
trial_20260514_164221_36624e,top_cups_01,main,scene_008,cup_only,[],Pick up my cup.,ambiguous,vlm_best_question,,,,1778744543.041004,/home/haoandong/ask2act/services/a6000_web/artifacts/offline_experiments/top_cups_01/scenes/scene_008/observation.jpg,abf12ad8-05f2-4af8-8f48-330f0f154399,finished,7,4,cand_004,291.6307461261749,1778744834.6720235,correct,,1778744834.6714854,,False,True,Pick up my cup.,7,"{'plausible': ['cand_004'], 'eliminated': ['cand_001', 'cand_002', 'cand_003', 'cand_005', 'cand_006', 'cand_007'], 'last_removed': ['cand_003', 'cand_005', 'cand_006']}",1,4,291.6307461261749,15,,,Pick up my cup.,scene_008::Pick up my cup.,pick up my cup,1,0,0,0,0,1,cup,scene_008|ambiguous,12,2,0.8333333333333334,9
trial_20260514_164721_f7e080,top_cups_01,main,scene_008,cup_only,[],Pick up my cup.,ambiguous,vlm_best_question,,,,1778744842.1875737,/home/haoandong/ask2act/services/a6000_web/artifacts/offline_experiments/top_cups_01/scenes/scene_008/observation.jpg,c27e76a7-79bd-4ded-9764-2e833eeac2f2,finished,7,5,cand_005,302.48740243911743,1778745144.6750505,correct,,1778745144.6748593,,False,True,Pick up my cup.,7,"{'plausible': ['cand_005'], 'eliminated': ['cand_001', 'cand_002', 'cand_003', 'cand_004', 'cand_006', 'cand_007'], 'last_removed': ['cand_006', 'cand_007']}",1,5,302.48740243911743,15,,,Pick up my cup.,scene_008::Pick up my cup.,pick up my cup,1,0,0,0,0,1,cup,scene_008|ambiguous,12,2,0.8333333333333334,9
trial_20260514_165245_a9a26d,top_cups_01,main,scene_008,cup_only,[],Pick up my cup.,ambiguous,proposed_efe,,,,1778745166.3758879,/home/haoandong/ask2act/services/a6000_web/artifacts/offline_experiments/top_cups_01/scenes/scene_008/observation.jpg,af91134e-07e8-4d15-b415-a338beb2291f,finished,7,3,cand_004,250.62451839447021,1778745417.0004978,correct,,1778745417.0003092,,False,True,Pick up my cup.,7,"{'plausible': ['cand_004'], 'eliminated': ['cand_001', 'cand_002', 'cand_003', 'cand_005', 'cand_006', 'cand_007'], 'last_removed': ['cand_003']}",1,3,250.62451839447021,15,,,Pick up my cup.,scene_008::Pick up my cup.,pick up my cup,1,0,0,0,0,1,cup,scene_008|ambiguous,12,2,0.8333333333333334,9
trial_20260514_165706_efd0b2,top_cups_01,main,scene_008,cup_only,[],Pick up my cup.,ambiguous,proposed_efe,,,,1778745427.8922176,/home/haoandong/ask2act/services/a6000_web/artifacts/offline_experiments/top_cups_01/scenes/scene_008/observation.jpg,173bb69e-113f-472f-903d-d8ea85e9ae51,finished,7,2,cand_005,153.1105077266693,1778745581.0029206,correct,,1778745581.0025442,,False,True,Pick up my cup.,7,"{'plausible': ['cand_005'], 'eliminated': ['cand_001', 'cand_002', 'cand_003', 'cand_004', 'cand_006', 'cand_007'], 'last_removed': ['cand_001', 'cand_004']}",1,2,153.1105077266693,15,,,Pick up my cup.,scene_008::Pick up my cup.,pick up my cup,1,0,0,0,0,1,cup,scene_008|ambiguous,12,2,0.8333333333333334,9
trial_20260514_165953_badb37,top_cups_01,main,scene_008,cup_only,[],Pick up the left cup.,partial,proposed_efe,,,,1778745594.866335,/home/haoandong/ask2act/services/a6000_web/artifacts/offline_experiments/top_cups_01/scenes/scene_008/observation.jpg,e01ad030-a13e-44aa-b9b3-785e886b0f97,finished,2,1,cand_001,82.40686893463135,1778745677.273367,correct,,1778745677.273085,,False,True,Pick up the left cup.,2,"{'plausible': ['cand_001'], 'eliminated': ['cand_002'], 'last_removed': ['cand_002']}",1,1,82.40686893463135,21,,,Pick up the left cup.,scene_008::Pick up the left cup.,pick up the left cup,0,0,1,0,0,1,cup,scene_008|partial,13,2,0.8461538461538461,7
trial_20260514_170123_bbc3bb,top_cups_01,main,scene_008,cup_only,[],Pick up the white cup.,partial,proposed_efe,,,,1778745684.6994402,/home/haoandong/ask2act/services/a6000_web/artifacts/offline_experiments/top_cups_01/scenes/scene_008/observation.jpg,104aa2b1-ebca-4807-b0b8-f9338cd8a453,finished,2,1,cand_001,69.01857018470764,1778745753.7181394,correct,,1778745753.7179105,,False,True,Pick up the white cup.,2,"{'plausible': ['cand_001'], 'eliminated': ['cand_002'], 'last_removed': ['cand_002']}",1,1,69.01857018470764,22,,,Pick up the white cup.,scene_008::Pick up the white cup.,pick up the white cup,0,1,0,0,0,1,cup,scene_008|partial,13,2,0.8461538461538461,6
trial_20260514_170247_d8be66,top_cups_01,main,scene_008,cup_only,[],Pick up the blue cup.,clear,proposed_efe,,,,1778745769.3302727,/home/haoandong/ask2act/services/a6000_web/artifacts/offline_experiments/top_cups_01/scenes/scene_008/observation.jpg,8d697b11-d900-4e2a-a419-62204b3c2d94,finished,1,0,cand_001,2.9748668670654297,1778745772.305211,correct,,1778745772.3050816,,False,True,Pick up the blue cup.,1,"{'plausible': ['cand_001'], 'eliminated': [], 'last_removed': []}",1,0,2.9748668670654297,21,,,Pick up the blue cup.,scene_008::Pick up the blue cup.,pick up the blue cup,0,1,0,0,0,1,cup,scene_008|clear,15,6,0.6,4
trial_20260514_170301_fec529,top_cups_01,main,scene_008,cup_only,[],Pick up the red cup.,clear,proposed_efe,,,,1778745782.5094066,/home/haoandong/ask2act/services/a6000_web/artifacts/offline_experiments/top_cups_01/scenes/scene_008/observation.jpg,d0c42e6c-b52e-44de-95f1-2a51297225cb,finished,1,0,cand_001,2.824760913848877,1778745785.3343508,correct,,1778745785.334056,,False,True,Pick up the red cup.,1,"{'plausible': ['cand_001'], 'eliminated': [], 'last_removed': []}",1,0,2.824760913848877,20,,,Pick up the red cup.,scene_008::Pick up the red cup.,pick up the red cup,0,1,0,0,0,1,cup,scene_008|clear,15,6,0.6,5
trial_20260514_212343_8319ba,top_cups_01,main,scene_009,cup_only,[],Pick up the metal cup.,clear,top_score,,,,1778761424.594472,/home/haoandong/ask2act/services/a6000_web/artifacts/offline_experiments/top_cups_01/scenes/scene_009/observation.jpg,665fe5c7-641c-45a5-b493-29f0e77a93e9,finished,1,0,cand_001,4.396284103393555,1778761428.9909418,correct,,1778761428.9906237,,False,True,Pick up the metal cup.,1,"{'plausible': ['cand_001'], 'eliminated': [], 'last_removed': []}",1,0,4.396284103393555,22,,,Pick up the metal cup.,scene_009::Pick up the metal cup.,pick up the metal cup,0,0,0,0,0,0,cup,scene_009|clear,13,5,0.6153846153846154,6
trial_20260514_212413_42221e,top_cups_01,main,scene_009,cup_only,[],Pick up the left most cup.,clear,top_score,,,,1778761454.6017735,/home/haoandong/ask2act/services/a6000_web/artifacts/offline_experiments/top_cups_01/scenes/scene_009/observation.jpg,ea0a3a66-60e6-4131-9b84-a2bc416d6e35,finished,1,0,cand_001,4.133214473724365,1778761458.7351294,correct,,1778761458.7348995,,False,True,Pick up the left most cup.,1,"{'plausible': ['cand_001'], 'eliminated': [], 'last_removed': []}",1,0,4.133214473724365,26,,,Pick up the left most cup.,scene_009::Pick up the left most cup.,pick up the left most cup,0,0,1,0,0,1,cup,scene_009|clear,13,5,0.6153846153846154,2
trial_20260514_212432_9b7917,top_cups_01,main,scene_009,cup_only,[],Pick up the yellow cup.,partial,top_score,,,,1778761473.6908026,/home/haoandong/ask2act/services/a6000_web/artifacts/offline_experiments/top_cups_01/scenes/scene_009/observation.jpg,8d068a89-3f34-403e-857e-91b54e9de27f,finished,1,0,cand_001,3.4424781799316406,1779204527.470703,unresolved,,1778761477.1332107,gd_missing_target_candidate,True,True,Pick up the yellow cup.,1,"{'plausible': ['cand_001'], 'eliminated': [], 'last_removed': []}",0,0,3.4424781799316406,23,,,Pick up the yellow cup.,scene_009::Pick up the yellow cup.,pick up the yellow cup,0,1,0,0,0,1,cup,scene_009|partial,12,4,0.6666666666666667,5
trial_20260514_212440_dd41ee,top_cups_01,main,scene_009,cup_only,[],Pick up the yellow cup.,partial,top_score,,,,1778761481.915974,/home/haoandong/ask2act/services/a6000_web/artifacts/offline_experiments/top_cups_01/scenes/scene_009/observation.jpg,e7c9a250-e18e-441e-882d-391d08619dd4,finished,1,0,cand_001,4.742750644683838,1779204556.5969465,unresolved,,1778761486.6586668,gd_missing_target_candidate,True,True,Pick up the yellow cup.,1,"{'plausible': ['cand_001'], 'eliminated': [], 'last_removed': []}",0,0,4.742750644683838,23,,,Pick up the yellow cup.,scene_009::Pick up the yellow cup.,pick up the yellow cup,0,1,0,0,0,1,cup,scene_009|partial,12,4,0.6666666666666667,5
trial_20260514_212455_6f9bf3,top_cups_01,main,scene_009,cup_only,[],Pick up the green cup.,partial,top_score,,,,1778761496.424583,/home/haoandong/ask2act/services/a6000_web/artifacts/offline_experiments/top_cups_01/scenes/scene_009/observation.jpg,dd1afa96-d9ef-4c77-8673-16875c869d92,finished,1,0,cand_001,22.75408387184143,1779204582.8458354,unresolved,,1778761519.1785994,wrong_object_selected,True,True,Pick up the green cup.,1,"{'plausible': ['cand_001'], 'eliminated': [], 'last_removed': []}",0,0,22.75408387184143,22,,,Pick up the green cup.,scene_009::Pick up the green cup.,pick up the green cup,0,1,0,0,0,1,cup,scene_009|partial,12,4,0.6666666666666667,5
trial_20260514_212526_f3d9e4,top_cups_01,main,scene_009,cup_only,[],Pick up my cup.,ambiguous,top_score,,,,1778761527.6918185,/home/haoandong/ask2act/services/a6000_web/artifacts/offline_experiments/top_cups_01/scenes/scene_009/observation.jpg,9fde243d-a9eb-477f-ab9b-c721c75724c7,finished,7,0,cand_001,6.808539152145386,1779204600.9699566,wrong,,1778761534.50028,ambiguity_not_solved,True,True,Pick up my cup.,7,"{'plausible': ['cand_001'], 'eliminated': ['cand_002', 'cand_003', 'cand_004', 'cand_005', 'cand_006', 'cand_007'], 'last_removed': ['cand_002', 'cand_003', 'cand_004', 'cand_005', 'cand_006', 'cand_007']}",0,0,6.808539152145386,15,,,Pick up my cup.,scene_009::Pick up my cup.,pick up my cup,1,0,0,0,0,1,cup,scene_009|ambiguous,15,1,0.9333333333333333,15
trial_20260514_212538_044ceb,top_cups_01,main,scene_009,cup_only,[],Pick up my cup.,ambiguous,random_candidate,,,,1778761539.201008,/home/haoandong/ask2act/services/a6000_web/artifacts/offline_experiments/top_cups_01/scenes/scene_009/observation.jpg,6815de29-74eb-4725-a275-cefeb63d5bc3,finished,7,0,cand_006,2.9794297218322754,1779204606.1893773,wrong,,1778761542.180278,ambiguity_not_solved,True,True,Pick up my cup.,7,"{'plausible': ['cand_006'], 'eliminated': ['cand_001', 'cand_002', 'cand_003', 'cand_004', 'cand_005', 'cand_007'], 'last_removed': ['cand_001', 'cand_002', 'cand_003', 'cand_004', 'cand_005', 'cand_007']}",0,0,2.9794297218322754,15,,,Pick up my cup.,scene_009::Pick up my cup.,pick up my cup,1,0,0,0,0,1,cup,scene_009|ambiguous,15,1,0.9333333333333333,15
trial_20260514_212546_fa3ddb,top_cups_01,main,scene_009,cup_only,[],Pick up my cup.,ambiguous,random_candidate,,,,1778761548.0646272,/home/haoandong/ask2act/services/a6000_web/artifacts/offline_experiments/top_cups_01/scenes/scene_009/observation.jpg,c52886f7-e372-4771-9666-7faf56ccc9ef,finished,7,0,cand_007,8.37156629562378,1779204612.5681427,wrong,,1778761556.4360266,ambiguity_not_solved,True,True,Pick up my cup.,7,"{'plausible': ['cand_007'], 'eliminated': ['cand_001', 'cand_002', 'cand_003', 'cand_004', 'cand_005', 'cand_006'], 'last_removed': ['cand_001', 'cand_002', 'cand_003', 'cand_004', 'cand_005', 'cand_006']}",0,0,8.37156629562378,15,,,Pick up my cup.,scene_009::Pick up my cup.,pick up my cup,1,0,0,0,0,1,cup,scene_009|ambiguous,15,1,0.9333333333333333,15
trial_20260514_212618_b148d7,top_cups_01,main,scene_009,cup_only,[],Pick up the yellow cups.,partial,random_candidate,,,,1778761580.005925,/home/haoandong/ask2act/services/a6000_web/artifacts/offline_experiments/top_cups_01/scenes/scene_009/observation.jpg,6b42f7a2-4c8f-49c2-b120-2179b0434676,finished,7,0,cand_003,6.748540878295898,1779204648.2630568,unresolved,,1778761586.7543173,gd_missing_target_candidate,True,True,Pick up the yellow cups.,7,"{'plausible': ['cand_003'], 'eliminated': ['cand_001', 'cand_002', 'cand_004', 'cand_005', 'cand_006', 'cand_007'], 'last_removed': ['cand_001', 'cand_002', 'cand_004', 'cand_005', 'cand_006', 'cand_007']}",0,0,6.748540878295898,24,,,Pick up the yellow cups.,scene_009::Pick up the yellow cups.,pick up the yellow cups,0,1,0,0,0,1,cup,scene_009|partial,12,4,0.6666666666666667,1
trial_20260517_171125_cd5865,top_cups_01,main,scene_028,mixed,[],Pick up the center cup.,partial,random_candidate,,,,1779005486.3493192,/home/haoandong/ask2act/services/a6000_web/artifacts/offline_experiments/top_cups_01/scenes/scene_028/observation.jpg,8693f3e0-801e-4610-b574-20693a34c363,finished,2,0,cand_002,6.7294793128967285,1779005493.078919,correct,,1779005493.078709,,False,True,Pick up the center cup.,2,"{'plausible': ['cand_002'], 'eliminated': ['cand_001'], 'last_removed': ['cand_001']}",1,0,6.7294793128967285,23,,,Pick up the center cup.,scene_028::Pick up the center cup.,pick up the center cup,0,0,1,0,0,1,cup,scene_028|partial,14,3,0.7857142857142857,6
trial_20260514_212656_cfaa22,top_cups_01,main,scene_009,cup_only,[],Pick up the metal cup.,clear,random_candidate,,,,1778761617.534782,/home/haoandong/ask2act/services/a6000_web/artifacts/offline_experiments/top_cups_01/scenes/scene_009/observation.jpg,48836b29-fd2a-49a1-822e-2a3611e461f0,finished,1,0,cand_001,2.8767902851104736,1778761620.4117582,correct,,1778761620.4114902,,False,True,Pick up the metal cup.,1,"{'plausible': ['cand_001'], 'eliminated': [], 'last_removed': []}",1,0,2.8767902851104736,22,,,Pick up the metal cup.,scene_009::Pick up the metal cup.,pick up the metal cup,0,0,0,0,0,0,cup,scene_009|clear,13,5,0.6153846153846154,6
trial_20260514_212709_c46d32,top_cups_01,main,scene_009,cup_only,[],Pick up the white cup.,clear,random_candidate,,,,1778761630.9765718,/home/haoandong/ask2act/services/a6000_web/artifacts/offline_experiments/top_cups_01/scenes/scene_009/observation.jpg,94cef2d1-5a12-4699-900b-2c9e6fdc7893,finished,1,0,cand_001,4.154879808425903,1778761635.131641,correct,,1778761635.131334,,False,True,Pick up the white cup.,1,"{'plausible': ['cand_001'], 'eliminated': [], 'last_removed': []}",1,0,4.154879808425903,22,,,Pick up the white cup.,scene_009::Pick up the white cup.,pick up the white cup,0,1,0,0,0,1,cup,scene_009|clear,13,5,0.6153846153846154,2
trial_20260514_212730_806695,top_cups_01,main,scene_009,cup_only,[],Pick up the white cup.,clear,vlm_direct,,,,1778761651.6690006,/home/haoandong/ask2act/services/a6000_web/artifacts/offline_experiments/top_cups_01/scenes/scene_009/observation.jpg,c8d33874-1ce3-41cf-93ee-b262d361fa10,finished,1,0,cand_001,1.7678160667419434,1778761653.4368804,correct,,1778761653.4367554,,False,True,Pick up the white cup.,1,"{'plausible': ['cand_001'], 'eliminated': [], 'last_removed': []}",1,0,1.7678160667419434,22,,,Pick up the white cup.,scene_009::Pick up the white cup.,pick up the white cup,0,1,0,0,0,1,cup,scene_009|clear,13,5,0.6153846153846154,2
trial_20260514_212741_c0ff60,top_cups_01,main,scene_009,cup_only,[],Pick up the green cup.,clear,vlm_direct,,,,1778761662.9538581,/home/haoandong/ask2act/services/a6000_web/artifacts/offline_experiments/top_cups_01/scenes/scene_009/observation.jpg,117b2310-2004-470c-9f2b-82f4c4368607,finished,1,0,cand_001,4.934707880020142,1778761667.88864,correct,,1778761667.8884857,,False,True,Pick up the green cup.,1,"{'plausible': ['cand_001'], 'eliminated': [], 'last_removed': []}",1,0,4.934707880020142,22,,,Pick up the green cup.,scene_009::Pick up the green cup.,pick up the green cup,0,1,0,0,0,1,cup,scene_009|clear,13,5,0.6153846153846154,1
trial_20260514_212752_16616d,top_cups_01,main,scene_009,cup_only,[],Pick up the green cup.,partial,vlm_direct,,,,1778761674.296308,/home/haoandong/ask2act/services/a6000_web/artifacts/offline_experiments/top_cups_01/scenes/scene_009/observation.jpg,d12a18fe-4b76-476c-a4ee-f69ffbc04243,finished,1,0,cand_001,2.7134737968444824,1779204880.0456824,unresolved,,1778761677.0097075,gd_missing_target_candidate,True,True,Pick up the green cup.,1,"{'plausible': ['cand_001'], 'eliminated': [], 'last_removed': []}",0,0,2.7134737968444824,22,,,Pick up the green cup.,scene_009::Pick up the green cup.,pick up the green cup,0,1,0,0,0,1,cup,scene_009|partial,12,4,0.6666666666666667,5
trial_20260514_212803_9ead1c,top_cups_01,main,scene_009,cup_only,[],Pick up the right cup.,partial,vlm_direct,,,,1778761684.4625442,/home/haoandong/ask2act/services/a6000_web/artifacts/offline_experiments/top_cups_01/scenes/scene_009/observation.jpg,23abd869-0694-441f-ad05-8e4a7726023a,finished,1,0,cand_001,4.121251344680786,1779204899.455464,unresolved,,1778761688.5836732,gd_missing_target_candidate,True,True,Pick up the right cup.,1,"{'plausible': ['cand_001'], 'eliminated': [], 'last_removed': []}",0,0,4.121251344680786,22,,,Pick up the right cup.,scene_009::Pick up the right cup.,pick up the right cup,0,0,1,0,0,1,cup,scene_009|partial,12,4,0.6666666666666667,1
trial_20260514_212821_a42ee4,top_cups_01,main,scene_009,cup_only,[],Pick up my cup.,ambiguous,vlm_direct,,,,1778761701.8959718,/home/haoandong/ask2act/services/a6000_web/artifacts/offline_experiments/top_cups_01/scenes/scene_009/observation.jpg,6d2df018-641d-4ed3-ac7b-f92304996a78,finished,7,0,cand_001,76.97589373588562,1779204937.7001312,wrong,,1778761778.871782,ambiguity_not_solved,True,True,Pick up my cup.,7,"{'plausible': ['cand_001'], 'eliminated': ['cand_002', 'cand_003', 'cand_004', 'cand_005', 'cand_006', 'cand_007'], 'last_removed': ['cand_002', 'cand_003', 'cand_004', 'cand_005', 'cand_006', 'cand_007']}",0,0,76.97589373588562,15,,,Pick up my cup.,scene_009::Pick up my cup.,pick up my cup,1,0,0,0,0,1,cup,scene_009|ambiguous,15,1,0.9333333333333333,15
trial_20260514_212940_d4b58a,top_cups_01,main,scene_009,cup_only,[],Pick up my cup.,ambiguous,vlm_direct,,,,1778761781.5136714,/home/haoandong/ask2act/services/a6000_web/artifacts/offline_experiments/top_cups_01/scenes/scene_009/observation.jpg,4964c824-2983-4899-8c2e-30d92f3d2576,finished,7,0,cand_001,130.93694305419922,1779204928.5028546,wrong,,1778761912.4505575,ambiguity_not_solved,True,True,Pick up my cup.,7,"{'plausible': ['cand_001'], 'eliminated': ['cand_002', 'cand_003', 'cand_004', 'cand_005', 'cand_006', 'cand_007'], 'last_removed': ['cand_002', 'cand_003', 'cand_004', 'cand_005', 'cand_006', 'cand_007']}",0,0,130.93694305419922,15,,,Pick up my cup.,scene_009::Pick up my cup.,pick up my cup,1,0,0,0,0,1,cup,scene_009|ambiguous,15,1,0.9333333333333333,15
trial_20260514_214030_7e7644,top_cups_01,main,scene_009,cup_only,[],Pick up my cup.,ambiguous,vlm_direct,,,,1778762431.2769465,/home/haoandong/ask2act/services/a6000_web/artifacts/offline_experiments/top_cups_01/scenes/scene_009/observation.jpg,46e2c816-2a69-419d-b222-fb1469fdb3e7,finished,7,0,cand_001,61.38792586326599,1779204947.5687366,wrong,,1778762492.6646993,ambiguity_not_solved,True,True,Pick up my cup.,7,"{'plausible': ['cand_001'], 'eliminated': ['cand_002', 'cand_003', 'cand_004', 'cand_005', 'cand_006', 'cand_007'], 'last_removed': ['cand_002', 'cand_003', 'cand_004', 'cand_005', 'cand_006', 'cand_007']}",0,0,61.38792586326599,15,,,Pick up my cup.,scene_009::Pick up my cup.,pick up my cup,1,0,0,0,0,1,cup,scene_009|ambiguous,15,1,0.9333333333333333,15
trial_20260514_214246_dd82ea,top_cups_01,main,scene_009,cup_only,[],Pick up the metal cup.,clear,first_question,,,,1778762567.8949697,/home/haoandong/ask2act/services/a6000_web/artifacts/offline_experiments/top_cups_01/scenes/scene_009/observation.jpg,8fd7a513-b89e-4097-815d-70008e461dc1,finished,1,0,cand_001,1.6068353652954102,1778762569.5020068,correct,,1778762569.501688,,False,True,Pick up the metal cup.,1,"{'plausible': ['cand_001'], 'eliminated': [], 'last_removed': []}",1,0,1.6068353652954102,22,,,Pick up the metal cup.,scene_009::Pick up the metal cup.,pick up the metal cup,0,0,0,0,0,0,cup,scene_009|clear,13,5,0.6153846153846154,6
trial_20260514_214317_bf9126,top_cups_01,main,scene_009,cup_only,[],Pick up the left most cup.,clear,first_question,,,,1778762598.44932,/home/haoandong/ask2act/services/a6000_web/artifacts/offline_experiments/top_cups_01/scenes/scene_009/observation.jpg,dfa93963-68c5-4430-abf3-e7e08a093895,finished,1,0,cand_001,4.282048463821411,1778762602.731494,correct,,1778762602.7312891,,False,True,Pick up the left most cup.,1,"{'plausible': ['cand_001'], 'eliminated': [], 'last_removed': []}",1,0,4.282048463821411,26,,,Pick up the left most cup.,scene_009::Pick up the left most cup.,pick up the left most cup,0,0,1,0,0,1,cup,scene_009|clear,13,5,0.6153846153846154,2
trial_20260514_215347_db35e8,top_cups_01,main,scene_009,cup_only,[],Pick up the yellow cup.,partial,first_question,,,,1778763232.847096,/home/haoandong/ask2act/services/a6000_web/artifacts/offline_experiments/top_cups_01/scenes/scene_009/observation.jpg,76b104a8-3b31-4543-a890-59f63ab718ad,finished,7,1,cand_001,396.48162841796875,1778763629.3289013,correct,,1778763629.3287244,,False,True,Pick up the yellow cup.,7,"{'plausible': ['cand_001'], 'eliminated': ['cand_002', 'cand_003', 'cand_004', 'cand_005', 'cand_006', 'cand_007'], 'last_removed': ['cand_002', 'cand_003', 'cand_004', 'cand_005', 'cand_006', 'cand_007']}",1,1,396.48162841796875,23,,,Pick up the yellow cup.,scene_009::Pick up the yellow cup.,pick up the yellow cup,0,1,0,0,0,1,cup,scene_009|partial,12,4,0.6666666666666667,5
trial_20260514_221646_b314db,top_cups_01,main,scene_009,cup_only,[],Pick up the green cup.,partial,first_question,,,,1778764611.8119442,/home/haoandong/ask2act/services/a6000_web/artifacts/offline_experiments/top_cups_01/scenes/scene_009/observation.jpg,c93915f1-ca8e-43fc-93d8-a3925077e704,finished,7,3,cand_004,947.3265845775604,1778765559.1387658,correct,,1778765559.1383197,,False,True,Pick up the green cup.,7,"{'plausible': ['cand_004'], 'eliminated': ['cand_001', 'cand_002', 'cand_003', 'cand_005', 'cand_006', 'cand_007'], 'last_removed': ['cand_003']}",1,3,947.3265845775604,22,,,Pick up the green cup.,scene_009::Pick up the green cup.,pick up the green cup,0,1,0,0,0,1,cup,scene_009|partial,12,4,0.6666666666666667,5
trial_20260514_223252_a3ec6d,top_cups_01,main,scene_009,cup_only,[],Pick up my cup.,ambiguous,first_question,,,,1778765573.7641416,/home/haoandong/ask2act/services/a6000_web/artifacts/offline_experiments/top_cups_01/scenes/scene_009/observation.jpg,de8a4c99-1a77-48c7-b17c-9e8afad925c8,finished,7,4,cand_002,451.95386600494385,1778766025.7181122,correct,,1778766025.717914,,False,True,Pick up my cup.,7,"{'plausible': ['cand_002'], 'eliminated': ['cand_001', 'cand_003', 'cand_004', 'cand_005', 'cand_006', 'cand_007'], 'last_removed': ['cand_006']}",1,4,451.95386600494385,15,,,Pick up my cup.,scene_009::Pick up my cup.,pick up my cup,1,0,0,0,0,1,cup,scene_009|ambiguous,15,1,0.9333333333333333,15
trial_20260514_224029_7cc552,top_cups_01,main,scene_009,cup_only,[],Pick up my cup.,ambiguous,random_question,,,,1778766030.0778406,/home/haoandong/ask2act/services/a6000_web/artifacts/offline_experiments/top_cups_01/scenes/scene_009/observation.jpg,6a431452-16ed-4cf0-8fcb-8c6e7ed783b0,finished,7,3,cand_007,466.73921298980713,1778766496.817124,correct,,1778766496.8169634,,False,True,Pick up my cup.,7,"{'plausible': ['cand_007'], 'eliminated': ['cand_001', 'cand_002', 'cand_003', 'cand_004', 'cand_005', 'cand_006'], 'last_removed': ['cand_006']}",1,3,466.73921298980713,15,,,Pick up my cup.,scene_009::Pick up my cup.,pick up my cup,1,0,0,0,0,1,cup,scene_009|ambiguous,15,1,0.9333333333333333,15
trial_20260514_224822_7d548e,top_cups_01,main,scene_009,cup_only,[],Pick up my cup.,ambiguous,first_question,,,,1778766503.143319,/home/haoandong/ask2act/services/a6000_web/artifacts/offline_experiments/top_cups_01/scenes/scene_009/observation.jpg,bff4a2e2-3692-45f9-a529-6bfdece9fd38,finished,7,4,cand_006,554.325138092041,1778767057.4686773,correct,,1778767057.4682608,,False,True,Pick up my cup.,7,"{'plausible': ['cand_006'], 'eliminated': ['cand_001', 'cand_002', 'cand_003', 'cand_004', 'cand_005', 'cand_007'], 'last_removed': ['cand_005']}",1,4,554.325138092041,15,,,Pick up my cup.,scene_009::Pick up my cup.,pick up my cup,1,0,0,0,0,1,cup,scene_009|ambiguous,15,1,0.9333333333333333,15
trial_20260514_225749_93981b,top_cups_01,main,scene_009,cup_only,[],Pick up my cup.,ambiguous,random_question,,,,1778767070.7611077,/home/haoandong/ask2act/services/a6000_web/artifacts/offline_experiments/top_cups_01/scenes/scene_009/observation.jpg,be2259d8-cafc-44e9-bd29-520bed995a79,finished,7,5,cand_002,806.7215261459351,1778767877.4826944,correct,,1778767877.482553,,False,True,Pick up my cup.,7,"{'plausible': ['cand_002'], 'eliminated': ['cand_001', 'cand_003', 'cand_004', 'cand_005', 'cand_006', 'cand_007'], 'last_removed': ['cand_006']}",1,5,806.7215261459351,15,,,Pick up my cup.,scene_009::Pick up my cup.,pick up my cup,1,0,0,0,0,1,cup,scene_009|ambiguous,15,1,0.9333333333333333,15
trial_20260514_231130_aa7b53,top_cups_01,main,scene_009,cup_only,[],Pick up the green cup.,partial,random_question,,,,1778767891.4559624,/home/haoandong/ask2act/services/a6000_web/artifacts/offline_experiments/top_cups_01/scenes/scene_009/observation.jpg,be3519e6-6b58-4865-b300-c3c1f16d3af2,finished,7,2,cand_001,277.94478034973145,1778768169.4009686,correct,,1778768169.4005353,,False,True,Pick up the green cup.,7,"{'plausible': ['cand_001'], 'eliminated': ['cand_002', 'cand_003', 'cand_004', 'cand_005', 'cand_006', 'cand_007'], 'last_removed': ['cand_002', 'cand_003', 'cand_005', 'cand_006', 'cand_007']}",1,2,277.94478034973145,22,,,Pick up the green cup.,scene_009::Pick up the green cup.,pick up the green cup,0,1,0,0,0,1,cup,scene_009|partial,12,4,0.6666666666666667,5
trial_20260514_231618_eb2add,top_cups_01,main,scene_009,cup_only,[],Pick up the yellow cup.,partial,random_question,,,,1778768179.0692537,/home/haoandong/ask2act/services/a6000_web/artifacts/offline_experiments/top_cups_01/scenes/scene_009/observation.jpg,7143c538-9e64-46d4-92ea-70050d45f141,finished,7,3,cand_003,444.5695776939392,1779205012.6933382,wrong,,1778768623.6386948,gd_missing_target_candidate,True,True,Pick up the yellow cup.,7,"{'plausible': ['cand_003'], 'eliminated': ['cand_001', 'cand_002', 'cand_004', 'cand_005', 'cand_006', 'cand_007'], 'last_removed': ['cand_001']}",0,3,444.5695776939392,23,,,Pick up the yellow cup.,scene_009::Pick up the yellow cup.,pick up the yellow cup,0,1,0,0,0,1,cup,scene_009|partial,12,4,0.6666666666666667,5
trial_20260514_232355_84ece8,top_cups_01,main,scene_009,cup_only,[],Pick up the metal cup.,clear,random_question,,,,1778768637.201889,/home/haoandong/ask2act/services/a6000_web/artifacts/offline_experiments/top_cups_01/scenes/scene_009/observation.jpg,d37b88b8-5549-4ca2-8800-e71e85c3cdfc,finished,1,0,cand_001,2.8341987133026123,1778768640.036332,correct,,1778768640.035942,,False,True,Pick up the metal cup.,1,"{'plausible': ['cand_001'], 'eliminated': [], 'last_removed': []}",1,0,2.8341987133026123,22,,,Pick up the metal cup.,scene_009::Pick up the metal cup.,pick up the metal cup,0,0,0,0,0,0,cup,scene_009|clear,13,5,0.6153846153846154,6
trial_20260514_232408_5d706b,top_cups_01,main,scene_009,cup_only,[],Pick up the leftmost cup.,clear,random_question,,,,1778768649.5717168,/home/haoandong/ask2act/services/a6000_web/artifacts/offline_experiments/top_cups_01/scenes/scene_009/observation.jpg,e72937ba-21c5-4b30-919d-6260e00615b5,finished,1,0,cand_001,2.167917251586914,1778768651.7397008,correct,,1778768651.7395697,,False,True,Pick up the leftmost cup.,1,"{'plausible': ['cand_001'], 'eliminated': [], 'last_removed': []}",1,0,2.167917251586914,25,,,Pick up the leftmost cup.,scene_009::Pick up the leftmost cup.,pick up the leftmost cup,0,0,0,0,0,0,cup,scene_009|clear,13,5,0.6153846153846154,2
trial_20260514_232435_df0f92,top_cups_01,main,scene_009,cup_only,[],Pick up the leftmost cup.,clear,vlm_best_question,,,,1778768676.401019,/home/haoandong/ask2act/services/a6000_web/artifacts/offline_experiments/top_cups_01/scenes/scene_009/observation.jpg,cf28d5b3-9a12-46df-bed0-98390126b5b9,finished,1,0,cand_001,1.646888017654419,1778768678.0482025,correct,,1778768678.047758,,False,True,Pick up the leftmost cup.,1,"{'plausible': ['cand_001'], 'eliminated': [], 'last_removed': []}",1,0,1.646888017654419,25,,,Pick up the leftmost cup.,scene_009::Pick up the leftmost cup.,pick up the leftmost cup,0,0,0,0,0,0,cup,scene_009|clear,13,5,0.6153846153846154,2
trial_20260514_232446_2e4d88,top_cups_01,main,scene_009,cup_only,[],Pick up the metal cup.,clear,vlm_best_question,,,,1778768688.2348816,/home/haoandong/ask2act/services/a6000_web/artifacts/offline_experiments/top_cups_01/scenes/scene_009/observation.jpg,587fa510-f768-4b10-8691-a24e35eb6de9,finished,1,0,cand_001,3.9961891174316406,1778768692.231253,correct,,1778768692.2309568,,False,True,Pick up the metal cup.,1,"{'plausible': ['cand_001'], 'eliminated': [], 'last_removed': []}",1,0,3.9961891174316406,22,,,Pick up the metal cup.,scene_009::Pick up the metal cup.,pick up the metal cup,0,0,0,0,0,0,cup,scene_009|clear,13,5,0.6153846153846154,6
trial_20260514_232732_dcc6ad,top_cups_01,main,scene_009,cup_only,[],Pick up the yellow cup.,partial,vlm_best_question,,,,1778768853.503736,/home/haoandong/ask2act/services/a6000_web/artifacts/offline_experiments/top_cups_01/scenes/scene_009/observation.jpg,4311aaec-a774-4769-98a6-3ba2372b3288,finished,7,2,cand_007,157.69877529144287,1779205031.2470381,unresolved,,1778769011.2023885,gd_missing_target_candidate,True,True,Pick up the yellow cup.,7,"{'plausible': ['cand_007'], 'eliminated': ['cand_001', 'cand_002', 'cand_003', 'cand_004', 'cand_005', 'cand_006'], 'last_removed': ['cand_001', 'cand_003', 'cand_004', 'cand_005', 'cand_006']}",0,2,157.69877529144287,23,,,Pick up the yellow cup.,scene_009::Pick up the yellow cup.,pick up the yellow cup,0,1,0,0,0,1,cup,scene_009|partial,12,4,0.6666666666666667,5
trial_20260514_233029_2a1f0c,top_cups_01,main,scene_009,cup_only,[],Pick up my cup.,ambiguous,vlm_best_question,,,,1778769030.7348719,/home/haoandong/ask2act/services/a6000_web/artifacts/offline_experiments/top_cups_01/scenes/scene_009/observation.jpg,62596c87-3f72-4290-a8ac-cce02d2980f2,finished,7,3,cand_002,133.20958733558655,1778769163.9445322,correct,,1778769163.9443605,,False,True,Pick up my cup.,7,"{'plausible': ['cand_002'], 'eliminated': ['cand_001', 'cand_003', 'cand_004', 'cand_005', 'cand_006', 'cand_007'], 'last_removed': ['cand_006']}",1,3,133.20958733558655,15,,,Pick up my cup.,scene_009::Pick up my cup.,pick up my cup,1,0,0,0,0,1,cup,scene_009|ambiguous,15,1,0.9333333333333333,15
trial_20260514_233245_21867b,top_cups_01,main,scene_009,cup_only,[],Pick up my cup.,ambiguous,vlm_best_question,,,,1778769166.2941182,/home/haoandong/ask2act/services/a6000_web/artifacts/offline_experiments/top_cups_01/scenes/scene_009/observation.jpg,ca28564a-d223-4206-a62a-15b05d375134,finished,7,5,cand_006,371.6759650707245,1778769537.9702985,correct,,1778769537.969887,,False,True,Pick up my cup.,7,"{'plausible': ['cand_006'], 'eliminated': ['cand_001', 'cand_002', 'cand_003', 'cand_004', 'cand_005', 'cand_007'], 'last_removed': ['cand_002']}",1,5,371.6759650707245,15,,,Pick up my cup.,scene_009::Pick up my cup.,pick up my cup,1,0,0,0,0,1,cup,scene_009|ambiguous,15,1,0.9333333333333333,15
trial_20260514_233859_169b78,top_cups_01,main,scene_009,cup_only,[],Pick up my cup.,ambiguous,vlm_best_question,,,,1778769540.7955804,/home/haoandong/ask2act/services/a6000_web/artifacts/offline_experiments/top_cups_01/scenes/scene_009/observation.jpg,4c6ccfbb-664f-424c-b3ab-2f4e6fd6a290,finished,7,1,cand_001,52.487934589385986,1778769593.2837477,correct,,1778769593.2833188,,False,True,Pick up my cup.,7,"{'plausible': ['cand_001'], 'eliminated': ['cand_002', 'cand_003', 'cand_004', 'cand_005', 'cand_006', 'cand_007'], 'last_removed': ['cand_002', 'cand_003', 'cand_004', 'cand_005', 'cand_006', 'cand_007']}",1,1,52.487934589385986,15,,,Pick up my cup.,scene_009::Pick up my cup.,pick up my cup,1,0,0,0,0,1,cup,scene_009|ambiguous,15,1,0.9333333333333333,15
trial_20260514_234007_6fd5ee,top_cups_01,main,scene_009,cup_only,[],Pick up my cup.,ambiguous,proposed_efe,,,,1778769608.0197303,/home/haoandong/ask2act/services/a6000_web/artifacts/offline_experiments/top_cups_01/scenes/scene_009/observation.jpg,c865b4a2-eadd-46d0-998f-a96862ca05e3,finished,7,3,cand_007,203.36479544639587,1778769811.3845956,correct,,1778769811.3844316,,False,True,Pick up my cup.,7,"{'plausible': ['cand_007'], 'eliminated': ['cand_001', 'cand_002', 'cand_003', 'cand_004', 'cand_005', 'cand_006'], 'last_removed': ['cand_004']}",1,3,203.36479544639587,15,,,Pick up my cup.,scene_009::Pick up my cup.,pick up my cup,1,0,0,0,0,1,cup,scene_009|ambiguous,15,1,0.9333333333333333,15
trial_20260514_234332_e61db7,top_cups_01,main,scene_009,cup_only,[],Pick up my cup.,ambiguous,proposed_efe,,,,1778769813.5052938,/home/haoandong/ask2act/services/a6000_web/artifacts/offline_experiments/top_cups_01/scenes/scene_009/observation.jpg,92aa9152-dea4-41ca-ade7-b7261d58fdee,finished,7,3,cand_001,392.90766048431396,1778770206.4130075,correct,,1778770206.412886,,False,True,Pick up my cup.,7,"{'plausible': ['cand_001'], 'eliminated': ['cand_002', 'cand_003', 'cand_004', 'cand_005', 'cand_006', 'cand_007'], 'last_removed': ['cand_003']}",1,3,392.90766048431396,15,,,Pick up my cup.,scene_009::Pick up my cup.,pick up my cup,1,0,0,0,0,1,cup,scene_009|ambiguous,15,1,0.9333333333333333,15
trial_20260514_235610_a33667,top_cups_01,main,scene_009,cup_only,[],Pick up the green cup.,partial,proposed_efe,,,,1778770571.7366195,/home/haoandong/ask2act/services/a6000_web/artifacts/offline_experiments/top_cups_01/scenes/scene_009/observation.jpg,a53a9284-232e-4423-8359-f52be0c1eea5,finished,7,3,cand_004,228.84756207466125,1778770800.584345,correct,,1778770800.584033,,False,True,Pick up the green cup.,7,"{'plausible': ['cand_004'], 'eliminated': ['cand_001', 'cand_002', 'cand_003', 'cand_005', 'cand_006', 'cand_007'], 'last_removed': ['cand_001']}",1,3,228.84756207466125,22,,,Pick up the green cup.,scene_009::Pick up the green cup.,pick up the green cup,0,1,0,0,0,1,cup,scene_009|partial,12,4,0.6666666666666667,5
trial_20260515_000018_98c6cf,top_cups_01,main,scene_009,cup_only,[],Pick up the metal cup.,clear,proposed_efe,,,,1778770820.1395118,/home/haoandong/ask2act/services/a6000_web/artifacts/offline_experiments/top_cups_01/scenes/scene_009/observation.jpg,c8dec123-b54e-4185-acb2-6f705d821622,finished,1,0,cand_001,1.90541672706604,1778770822.0450623,correct,,1778770822.0448425,,False,True,Pick up the metal cup.,1,"{'plausible': ['cand_001'], 'eliminated': [], 'last_removed': []}",1,0,1.90541672706604,22,,,Pick up the metal cup.,scene_009::Pick up the metal cup.,pick up the metal cup,0,0,0,0,0,0,cup,scene_009|clear,13,5,0.6153846153846154,6
trial_20260515_000524_1ecafe,top_cups_01,main,scene_010,cup_only,[],Pick up the left most cup.,clear,top_score,,,,1778771130.5461652,/home/haoandong/ask2act/services/a6000_web/artifacts/offline_experiments/top_cups_01/scenes/scene_010/observation.jpg,827ff249-dae6-4475-b089-e6d9b0e5f83e,finished,1,0,cand_001,4.605626344680786,1778771135.151997,correct,,1778771135.1516554,,False,True,Pick up the left most cup.,1,"{'plausible': ['cand_001'], 'eliminated': [], 'last_removed': []}",1,0,4.605626344680786,26,,,Pick up the left most cup.,scene_010::Pick up the left most cup.,pick up the left most cup,0,0,1,0,0,1,cup,scene_010|clear,14,6,0.5714285714285714,1
trial_20260515_000900_acdd42,top_cups_01,main,scene_010,cup_only,[],Pick up the left red cup.,clear,top_score,,,,1778771341.482132,/home/haoandong/ask2act/services/a6000_web/artifacts/offline_experiments/top_cups_01/scenes/scene_010/observation.jpg,43b1128b-73b4-4efe-baee-b8e673e46df4,finished,1,0,cand_001,3.2754106521606445,1778771344.7576182,correct,,1778771344.7574801,,False,True,Pick up the left red cup.,1,"{'plausible': ['cand_001'], 'eliminated': [], 'last_removed': []}",1,0,3.2754106521606445,25,,,Pick up the left red cup.,scene_010::Pick up the left red cup.,pick up the left red cup,0,1,1,0,0,1,cup,scene_010|clear,14,6,0.5714285714285714,6
trial_20260515_000920_a5d8f1,top_cups_01,main,scene_010,cup_only,[],Pick up the yellow cup.,partial,top_score,,,,1778771361.7803822,/home/haoandong/ask2act/services/a6000_web/artifacts/offline_experiments/top_cups_01/scenes/scene_010/observation.jpg,86dd6604-7392-4af0-a509-c51eb8038430,finished,1,0,cand_001,3.0503625869750977,1779205050.0161,unresolved,,1778771364.8306835,gd_missing_target_candidate,True,True,Pick up the yellow cup.,1,"{'plausible': ['cand_001'], 'eliminated': [], 'last_removed': []}",0,0,3.0503625869750977,23,,,Pick up the yellow cup.,scene_010::Pick up the yellow cup.,pick up the yellow cup,0,1,0,0,0,1,cup,scene_010|partial,14,2,0.8571428571428572,7
trial_20260515_000933_dc09d5,top_cups_01,main,scene_010,cup_only,[],Pick up the red cup.,partial,top_score,,,,1778771374.8142319,/home/haoandong/ask2act/services/a6000_web/artifacts/offline_experiments/top_cups_01/scenes/scene_010/observation.jpg,873b1b92-75cc-4dba-b462-840e28d3f8b9,finished,1,0,cand_001,20.300521850585938,1778771395.1148243,correct,,1778771395.1146774,,False,True,Pick up the red cup.,1,"{'plausible': ['cand_001'], 'eliminated': [], 'last_removed': []}",1,0,20.300521850585938,20,,,Pick up the red cup.,scene_010::Pick up the red cup.,pick up the red cup,0,1,0,0,0,1,cup,scene_010|partial,14,2,0.8571428571428572,7
trial_20260515_001009_de2569,top_cups_01,main,scene_010,cup_only,[],Pick up my cup.,ambiguous,top_score,,,,1778771410.324539,/home/haoandong/ask2act/services/a6000_web/artifacts/offline_experiments/top_cups_01/scenes/scene_010/observation.jpg,815c8ecc-a13d-47ff-a065-23170f43d334,finished,8,0,cand_001,3.0136942863464355,1778771413.338392,correct,,1778771413.3381002,,False,True,Pick up my cup.,8,"{'plausible': ['cand_001'], 'eliminated': ['cand_002', 'cand_003', 'cand_004', 'cand_005', 'cand_006', 'cand_007', 'cand_008'], 'last_removed': ['cand_002', 'cand_003', 'cand_004', 'cand_005', 'cand_006', 'cand_007', 'cand_008']}",1,0,3.0136942863464355,15,,,Pick up my cup.,scene_010::Pick up my cup.,pick up my cup,1,0,0,0,0,1,cup,scene_010|ambiguous,11,2,0.8181818181818181,9
trial_20260515_001014_3da3bf,top_cups_01,main,scene_010,cup_only,[],Pick up my cup.,ambiguous,top_score,,,,1778771415.5317664,/home/haoandong/ask2act/services/a6000_web/artifacts/offline_experiments/top_cups_01/scenes/scene_010/observation.jpg,0aa02af8-b720-4c55-9116-471052951c02,finished,8,0,cand_001,3.726625919342041,1778771419.2584622,correct,,1778771419.2583132,,False,True,Pick up my cup.,8,"{'plausible': ['cand_001'], 'eliminated': ['cand_002', 'cand_003', 'cand_004', 'cand_005', 'cand_006', 'cand_007', 'cand_008'], 'last_removed': ['cand_002', 'cand_003', 'cand_004', 'cand_005', 'cand_006', 'cand_007', 'cand_008']}",1,0,3.726625919342041,15,,,Pick up my cup.,scene_010::Pick up my cup.,pick up my cup,1,0,0,0,0,1,cup,scene_010|ambiguous,11,2,0.8181818181818181,9
trial_20260515_001026_7ae39c,top_cups_01,main,scene_010,cup_only,[],Pick up my cup.,ambiguous,random_candidate,,,,1778771427.0655408,/home/haoandong/ask2act/services/a6000_web/artifacts/offline_experiments/top_cups_01/scenes/scene_010/observation.jpg,16f3425e-a204-4d7b-be84-2c9df3b2032b,finished,8,0,cand_007,4.495635747909546,1779205076.9613135,wrong,,1778771431.5610056,ambiguity_not_solved,True,True,Pick up my cup.,8,"{'plausible': ['cand_007'], 'eliminated': ['cand_001', 'cand_002', 'cand_003', 'cand_004', 'cand_005', 'cand_006', 'cand_008'], 'last_removed': ['cand_001', 'cand_002', 'cand_003', 'cand_004', 'cand_005', 'cand_006', 'cand_008']}",0,0,4.495635747909546,15,,,Pick up my cup.,scene_010::Pick up my cup.,pick up my cup,1,0,0,0,0,1,cup,scene_010|ambiguous,11,2,0.8181818181818181,9
trial_20260515_001033_3514cc,top_cups_01,main,scene_010,cup_only,[],Pick up my cup.,ambiguous,random_candidate,,,,1778771434.6764803,/home/haoandong/ask2act/services/a6000_web/artifacts/offline_experiments/top_cups_01/scenes/scene_010/observation.jpg,2297ba3f-a65a-478c-b4c7-38df2b90e55b,finished,8,0,cand_008,3.152240753173828,1779205083.22384,wrong,,1778771437.8285897,ambiguity_not_solved,True,True,Pick up my cup.,8,"{'plausible': ['cand_008'], 'eliminated': ['cand_001', 'cand_002', 'cand_003', 'cand_004', 'cand_005', 'cand_006', 'cand_007'], 'last_removed': ['cand_001', 'cand_002', 'cand_003', 'cand_004', 'cand_005', 'cand_006', 'cand_007']}",0,0,3.152240753173828,15,,,Pick up my cup.,scene_010::Pick up my cup.,pick up my cup,1,0,0,0,0,1,cup,scene_010|ambiguous,11,2,0.8181818181818181,9
trial_20260515_001048_c304b9,top_cups_01,main,scene_010,cup_only,[],Pick up the red cup.,partial,random_candidate,,,,1778771449.560681,/home/haoandong/ask2act/services/a6000_web/artifacts/offline_experiments/top_cups_01/scenes/scene_010/observation.jpg,cf56ea89-307a-4220-9cc2-90b6de2d7aef,finished,1,0,cand_001,2.6034035682678223,1779205143.1986957,unresolved,,1778771452.1640348,gd_missing_target_candidate,True,True,Pick up the red cup.,1,"{'plausible': ['cand_001'], 'eliminated': [], 'last_removed': []}",0,0,2.6034035682678223,20,,,Pick up the red cup.,scene_010::Pick up the red cup.,pick up the red cup,0,1,0,0,0,1,cup,scene_010|partial,14,2,0.8571428571428572,7
trial_20260515_001057_104133,top_cups_01,main,scene_010,cup_only,[],Pick up the yellow cup.,partial,random_candidate,,,,1778771459.3087335,/home/haoandong/ask2act/services/a6000_web/artifacts/offline_experiments/top_cups_01/scenes/scene_010/observation.jpg,d0cbd486-abbe-40ea-be55-e775e90934f9,finished,1,0,cand_001,2.2099874019622803,1779205126.820077,unresolved,,1778771461.5186415,gd_missing_target_candidate,True,True,Pick up the yellow cup.,1,"{'plausible': ['cand_001'], 'eliminated': [], 'last_removed': []}",0,0,2.2099874019622803,23,,,Pick up the yellow cup.,scene_010::Pick up the yellow cup.,pick up the yellow cup,0,1,0,0,0,1,cup,scene_010|partial,14,2,0.8571428571428572,7
trial_20260515_001112_51772d,top_cups_01,main,scene_010,cup_only,[],Pick up the right yellow cup.,clear,random_candidate,,,,1778771474.3427415,/home/haoandong/ask2act/services/a6000_web/artifacts/offline_experiments/top_cups_01/scenes/scene_010/observation.jpg,7c2ed70e-28dc-4a68-8b0a-4766a5041ab3,finished,1,0,cand_001,5.06038236618042,1778771479.4033172,correct,,1778771479.403028,,False,True,Pick up the right yellow cup.,1,"{'plausible': ['cand_001'], 'eliminated': [], 'last_removed': []}",1,0,5.06038236618042,29,,,Pick up the right yellow cup.,scene_010::Pick up the right yellow cup.,pick up the right yellow cup,0,1,1,0,0,1,cup,scene_010|clear,14,6,0.5714285714285714,1
trial_20260515_001146_d4dbed,top_cups_01,main,scene_010,cup_only,[],Pick up the right red cup.,clear,random_candidate,,,,1778771507.8612313,/home/haoandong/ask2act/services/a6000_web/artifacts/offline_experiments/top_cups_01/scenes/scene_010/observation.jpg,552c59f5-cb3c-43e8-9f49-423ee6d4dd21,finished,1,0,cand_001,5.487070798873901,1778771513.3484223,correct,,1778771513.3482215,,False,True,Pick up the right red cup.,1,"{'plausible': ['cand_001'], 'eliminated': [], 'last_removed': []}",1,0,5.487070798873901,26,,,Pick up the right red cup.,scene_010::Pick up the right red cup.,pick up the right red cup,0,1,1,0,0,1,cup,scene_010|clear,14,6,0.5714285714285714,1
trial_20260515_001204_660351,top_cups_01,main,scene_010,cup_only,[],Pick up the left red cup.,clear,vlm_direct,,,,1778771525.6301177,/home/haoandong/ask2act/services/a6000_web/artifacts/offline_experiments/top_cups_01/scenes/scene_010/observation.jpg,4acac222-173c-4faa-8540-a4d76de51f2e,finished,1,0,cand_001,2.694007158279419,1778771528.3242433,correct,,1778771528.3240464,,False,True,Pick up the left red cup.,1,"{'plausible': ['cand_001'], 'eliminated': [], 'last_removed': []}",1,0,2.694007158279419,25,,,Pick up the left red cup.,scene_010::Pick up the left red cup.,pick up the left red cup,0,1,1,0,0,1,cup,scene_010|clear,14,6,0.5714285714285714,6
trial_20260515_001348_266edf,top_cups_01,main,scene_010,cup_only,[],Pick up the bottom cup.,clear,vlm_direct,,,,1778771630.2117133,/home/haoandong/ask2act/services/a6000_web/artifacts/offline_experiments/top_cups_01/scenes/scene_010/observation.jpg,bec0c91d-cbba-4a7e-8092-2f98a3c7c446,finished,1,0,cand_001,7.889693975448608,1778771638.1016212,correct,,1778771638.1012776,,False,True,Pick up the bottom cup.,1,"{'plausible': ['cand_001'], 'eliminated': [], 'last_removed': []}",1,0,7.889693975448608,23,,,Pick up the bottom cup.,scene_010::Pick up the bottom cup.,pick up the bottom cup,0,0,1,0,0,1,cup,scene_010|clear,14,6,0.5714285714285714,1
trial_20260515_001407_23c57d,top_cups_01,main,scene_010,cup_only,[],Pick up the red cup.,partial,vlm_direct,,,,1778771648.2638023,/home/haoandong/ask2act/services/a6000_web/artifacts/offline_experiments/top_cups_01/scenes/scene_010/observation.jpg,fab307b9-d00a-434a-ba30-9ea2b227bdf7,finished,1,0,cand_001,2.4756219387054443,1779205164.1215444,unresolved,,1778771650.739359,gd_missing_target_candidate,True,True,Pick up the red cup.,1,"{'plausible': ['cand_001'], 'eliminated': [], 'last_removed': []}",0,0,2.4756219387054443,20,,,Pick up the red cup.,scene_010::Pick up the red cup.,pick up the red cup,0,1,0,0,0,1,cup,scene_010|partial,14,2,0.8571428571428572,7
trial_20260515_001416_494672,top_cups_01,main,scene_010,cup_only,[],Pick up the yellow cup.,partial,vlm_direct,,,,1778771657.3961802,/home/haoandong/ask2act/services/a6000_web/artifacts/offline_experiments/top_cups_01/scenes/scene_010/observation.jpg,2876432e-ab2b-4271-84b2-6f1fa531ed07,finished,1,0,cand_001,3.3491060733795166,1779205170.437534,unresolved,,1778771660.7452292,gd_missing_target_candidate,True,True,Pick up the yellow cup.,1,"{'plausible': ['cand_001'], 'eliminated': [], 'last_removed': []}",0,0,3.3491060733795166,23,,,Pick up the yellow cup.,scene_010::Pick up the yellow cup.,pick up the yellow cup,0,1,0,0,0,1,cup,scene_010|partial,14,2,0.8571428571428572,7
trial_20260515_001446_67581e,top_cups_01,main,scene_010,cup_only,[],Pick up my cup.,ambiguous,vlm_direct,,,,1778771687.5724227,/home/haoandong/ask2act/services/a6000_web/artifacts/offline_experiments/top_cups_01/scenes/scene_010/observation.jpg,886e0249-84e2-46a8-8dfc-f999b8c4b912,finished,8,0,cand_001,90.78603076934814,1779205196.040347,wrong,,1778771778.3582926,ambiguity_not_solved,True,True,Pick up my cup.,8,"{'plausible': ['cand_001'], 'eliminated': ['cand_002', 'cand_003', 'cand_004', 'cand_005', 'cand_006', 'cand_007', 'cand_008'], 'last_removed': ['cand_002', 'cand_003', 'cand_004', 'cand_005', 'cand_006', 'cand_007', 'cand_008']}",0,0,90.78603076934814,15,,,Pick up my cup.,scene_010::Pick up my cup.,pick up my cup,1,0,0,0,0,1,cup,scene_010|ambiguous,11,2,0.8181818181818181,9
trial_20260515_001937_033f50,top_cups_01,main,scene_010,cup_only,[],Pick up my cup.,ambiguous,first_question,,,,1778771978.5535417,/home/haoandong/ask2act/services/a6000_web/artifacts/offline_experiments/top_cups_01/scenes/scene_010/observation.jpg,42ce6d40-32c9-49ef-a89d-5c4d026e75d2,finished,8,5,cand_005,249.90826678276062,1778772228.4620354,correct,,1778772228.4616203,,False,True,Pick up my cup.,8,"{'plausible': ['cand_005'], 'eliminated': ['cand_001', 'cand_002', 'cand_003', 'cand_004', 'cand_006', 'cand_007', 'cand_008'], 'last_removed': ['cand_006']}",1,5,249.90826678276062,15,,,Pick up my cup.,scene_010::Pick up my cup.,pick up my cup,1,0,0,0,0,1,cup,scene_010|ambiguous,11,2,0.8181818181818181,9
trial_20260515_002354_df4f4f,top_cups_01,main,scene_010,cup_only,[],Pick up my cup.,ambiguous,first_question,,,,1778772235.840544,/home/haoandong/ask2act/services/a6000_web/artifacts/offline_experiments/top_cups_01/scenes/scene_010/observation.jpg,3089a72f-0ed1-40bd-9635-cb34f1cbf182,finished,8,3,cand_007,152.36559009552002,1778772388.206261,correct,,1778772388.2060218,,False,True,Pick up my cup.,8,"{'plausible': ['cand_007'], 'eliminated': ['cand_001', 'cand_002', 'cand_003', 'cand_004', 'cand_005', 'cand_006', 'cand_008'], 'last_removed': ['cand_002']}",1,3,152.36559009552002,15,,,Pick up my cup.,scene_010::Pick up my cup.,pick up my cup,1,0,0,0,0,1,cup,scene_010|ambiguous,11,2,0.8181818181818181,9
trial_20260515_002657_ef128b,top_cups_01,main,scene_010,cup_only,[],Pick up the yellow cup.,partial,first_question,,,,1778772418.4996266,/home/haoandong/ask2act/services/a6000_web/artifacts/offline_experiments/top_cups_01/scenes/scene_010/observation.jpg,9eb6476a-8db5-4fff-a1f5-1e7f54541f46,finished,8,2,cand_002,265.06861758232117,1778772683.5683148,correct,,1778772683.568152,,False,True,Pick up the yellow cup.,8,"{'plausible': ['cand_002'], 'eliminated': ['cand_001', 'cand_003', 'cand_004', 'cand_005', 'cand_006', 'cand_007', 'cand_008'], 'last_removed': ['cand_007']}",1,2,265.06861758232117,23,,,Pick up the yellow cup.,scene_010::Pick up the yellow cup.,pick up the yellow cup,0,1,0,0,0,1,cup,scene_010|partial,14,2,0.8571428571428572,7
trial_20260515_003142_1f21a3,top_cups_01,main,scene_010,cup_only,[],Pick up the red cup.,partial,first_question,,,,1778772703.2724354,/home/haoandong/ask2act/services/a6000_web/artifacts/offline_experiments/top_cups_01/scenes/scene_010/observation.jpg,490c85a1-0ae1-44d1-8ebd-0d43a24e9239,finished,8,3,cand_005,158.64960265159607,1778772861.9223216,correct,,1778772861.9217677,,False,True,Pick up the red cup.,8,"{'plausible': ['cand_005'], 'eliminated': ['cand_001', 'cand_002', 'cand_003', 'cand_004', 'cand_006', 'cand_007', 'cand_008'], 'last_removed': ['cand_003', 'cand_006']}",1,3,158.64960265159607,20,,,Pick up the red cup.,scene_010::Pick up the red cup.,pick up the red cup,0,1,0,0,0,1,cup,scene_010|partial,14,2,0.8571428571428572,7
trial_20260515_003450_73583c,top_cups_01,main,scene_010,cup_only,[],Pick up the left red cup.,clear,first_question,,,,1778772891.9255898,/home/haoandong/ask2act/services/a6000_web/artifacts/offline_experiments/top_cups_01/scenes/scene_010/observation.jpg,0b206aed-8d79-4d07-b0c3-92c6f09ff450,finished,1,0,cand_001,3.0891714096069336,1778772895.0149467,correct,,1778772895.0146341,,False,True,Pick up the left red cup.,1,"{'plausible': ['cand_001'], 'eliminated': [], 'last_removed': []}",1,0,3.0891714096069336,25,,,Pick up the left red cup.,scene_010::Pick up the left red cup.,pick up the left red cup,0,1,1,0,0,1,cup,scene_010|clear,14,6,0.5714285714285714,6
trial_20260515_003506_f81335,top_cups_01,main,scene_010,cup_only,[],Pick up the left yellow cup.,clear,first_question,,,,1778772907.6790905,/home/haoandong/ask2act/services/a6000_web/artifacts/offline_experiments/top_cups_01/scenes/scene_010/observation.jpg,ed3b510b-b0e8-40b5-bdac-4e6aabeba020,finished,1,0,cand_001,3.8049709796905518,1778772911.4842594,correct,,1778772911.4839444,,False,True,Pick up the left yellow cup.,1,"{'plausible': ['cand_001'], 'eliminated': [], 'last_removed': []}",1,0,3.8049709796905518,28,,,Pick up the left yellow cup.,scene_010::Pick up the left yellow cup.,pick up the left yellow cup,0,1,1,0,0,1,cup,scene_010|clear,14,6,0.5714285714285714,4
trial_20260515_003521_ae386f,top_cups_01,main,scene_010,cup_only,[],Pick up the left yellow cup.,clear,random_question,,,,1778772923.2315395,/home/haoandong/ask2act/services/a6000_web/artifacts/offline_experiments/top_cups_01/scenes/scene_010/observation.jpg,0b956e05-38ba-4285-b7c0-ce8c376a8551,finished,1,0,cand_001,1.9917113780975342,1778772925.2233248,correct,,1778772925.2231889,,False,True,Pick up the left yellow cup.,1,"{'plausible': ['cand_001'], 'eliminated': [], 'last_removed': []}",1,0,1.9917113780975342,28,,,Pick up the left yellow cup.,scene_010::Pick up the left yellow cup.,pick up the left yellow cup,0,1,1,0,0,1,cup,scene_010|clear,14,6,0.5714285714285714,4
trial_20260515_003530_2e71e0,top_cups_01,main,scene_010,cup_only,[],Pick up the left red cup.,clear,random_question,,,,1778772931.526981,/home/haoandong/ask2act/services/a6000_web/artifacts/offline_experiments/top_cups_01/scenes/scene_010/observation.jpg,698a5209-053f-4cbb-90b0-01f719f4db12,finished,1,0,cand_001,12.704874038696289,1778772944.2319114,correct,,1778772944.2318044,,False,True,Pick up the left red cup.,1,"{'plausible': ['cand_001'], 'eliminated': [], 'last_removed': []}",1,0,12.704874038696289,25,,,Pick up the left red cup.,scene_010::Pick up the left red cup.,pick up the left red cup,0,1,1,0,0,1,cup,scene_010|clear,14,6,0.5714285714285714,6
trial_20260515_003552_e353bc,top_cups_01,main,scene_010,cup_only,[],Pick up the red cup.,partial,random_question,,,,1778772953.2104244,/home/haoandong/ask2act/services/a6000_web/artifacts/offline_experiments/top_cups_01/scenes/scene_010/observation.jpg,608ece61-7778-47c0-8c61-e3277becf809,finished,8,3,cand_005,287.7152886390686,1778773240.925937,correct,,1778773240.925505,,False,True,Pick up the red cup.,8,"{'plausible': ['cand_005'], 'eliminated': ['cand_001', 'cand_002', 'cand_003', 'cand_004', 'cand_006', 'cand_007', 'cand_008'], 'last_removed': ['cand_003', 'cand_006']}",1,3,287.7152886390686,20,,,Pick up the red cup.,scene_010::Pick up the red cup.,pick up the red cup,0,1,0,0,0,1,cup,scene_010|partial,14,2,0.8571428571428572,7
trial_20260515_004046_69f9d9,top_cups_01,main,scene_010,cup_only,[],Pick up the yellow cup.,partial,random_question,,,,1778773247.692756,/home/haoandong/ask2act/services/a6000_web/artifacts/offline_experiments/top_cups_01/scenes/scene_010/observation.jpg,8d0be1d0-2723-409e-8edd-bab7cbba9f12,finished,8,2,cand_005,167.64452648162842,1779205246.063671,unresolved,,1778773415.3372095,vlm_error,True,True,Pick up the yellow cup.,8,"{'plausible': ['cand_005'], 'eliminated': ['cand_001', 'cand_002', 'cand_003', 'cand_004', 'cand_006', 'cand_007', 'cand_008'], 'last_removed': ['cand_001', 'cand_003', 'cand_004', 'cand_006', 'cand_007', 'cand_008']}",0,2,167.64452648162842,23,,,Pick up the yellow cup.,scene_010::Pick up the yellow cup.,pick up the yellow cup,0,1,0,0,0,1,cup,scene_010|partial,14,2,0.8571428571428572,7
trial_20260515_004346_8c807b,top_cups_01,main,scene_010,cup_only,[],Pick up my cup.,ambiguous,random_question,,,,1778773427.5141284,/home/haoandong/ask2act/services/a6000_web/artifacts/offline_experiments/top_cups_01/scenes/scene_010/observation.jpg,a28b40ee-ac84-46f6-8024-8005e1ec7e62,finished,8,3,cand_001,254.4071545600891,1778773681.9213834,correct,,1778773681.9211783,,False,True,Pick up my cup.,8,"{'plausible': ['cand_001'], 'eliminated': ['cand_002', 'cand_003', 'cand_004', 'cand_005', 'cand_006', 'cand_007', 'cand_008'], 'last_removed': ['cand_005']}",1,3,254.4071545600891,15,,,Pick up my cup.,scene_010::Pick up my cup.,pick up my cup,1,0,0,0,0,1,cup,scene_010|ambiguous,11,2,0.8181818181818181,9
trial_20260515_004804_dc5783,top_cups_01,main,scene_010,cup_only,[],Pick up my cup.,ambiguous,random_question,,,,1778773685.0130525,/home/haoandong/ask2act/services/a6000_web/artifacts/offline_experiments/top_cups_01/scenes/scene_010/observation.jpg,00cceb91-a602-4f3e-bf80-75f3e59d665b,finished,8,5,cand_008,447.8502788543701,1778774132.8635778,correct,,1778774132.8631034,,False,True,Pick up my cup.,8,"{'plausible': ['cand_008'], 'eliminated': ['cand_001', 'cand_002', 'cand_003', 'cand_004', 'cand_005', 'cand_006', 'cand_007'], 'last_removed': ['cand_006']}",1,5,447.8502788543701,15,,,Pick up my cup.,scene_010::Pick up my cup.,pick up my cup,1,0,0,0,0,1,cup,scene_010|ambiguous,11,2,0.8181818181818181,9
trial_20260515_010057_551ab5,top_cups_01,main,scene_010,cup_only,[],Pick up the yellow cup.,partial,vlm_best_question,,,,1778774458.1797779,/home/haoandong/ask2act/services/a6000_web/artifacts/offline_experiments/top_cups_01/scenes/scene_010/observation.jpg,3e865ebd-2713-4832-8ddb-243585760f4c,finished,8,3,cand_006,509.9032242298126,1779205281.0594852,wrong,,1778774968.0828006,vlm_error,True,True,Pick up the yellow cup.,8,"{'plausible': ['cand_006'], 'eliminated': ['cand_001', 'cand_002', 'cand_003', 'cand_004', 'cand_005', 'cand_007', 'cand_008'], 'last_removed': ['cand_004']}",0,3,509.9032242298126,23,,,Pick up the yellow cup.,scene_010::Pick up the yellow cup.,pick up the yellow cup,0,1,0,0,0,1,cup,scene_010|partial,14,2,0.8571428571428572,7
trial_20260515_010942_cffdc9,top_cups_01,main,scene_010,cup_only,[],Pick up the red cup.,partial,vlm_best_question,,,,1778774983.83555,/home/haoandong/ask2act/services/a6000_web/artifacts/offline_experiments/top_cups_01/scenes/scene_010/observation.jpg,2af42e48-db77-45c1-a3a0-4c5a70b170e1,finished,8,3,cand_005,108.75948786735535,1778775092.5951257,correct,,1778775092.5949368,,False,True,Pick up the red cup.,8,"{'plausible': ['cand_005'], 'eliminated': ['cand_001', 'cand_002', 'cand_003', 'cand_004', 'cand_006', 'cand_007', 'cand_008'], 'last_removed': ['cand_003', 'cand_006']}",1,3,108.75948786735535,20,,,Pick up the red cup.,scene_010::Pick up the red cup.,pick up the red cup,0,1,0,0,0,1,cup,scene_010|partial,14,2,0.8571428571428572,7
trial_20260515_011142_753bbc,top_cups_01,main,scene_010,cup_only,[],Pick up the left red cup.,clear,vlm_best_question,,,,1778775104.1276486,/home/haoandong/ask2act/services/a6000_web/artifacts/offline_experiments/top_cups_01/scenes/scene_010/observation.jpg,1bdf1236-bcab-473d-8264-568553dd5a0e,finished,1,0,cand_001,14.48527193069458,1778775118.6130447,correct,,1778775118.612836,,False,True,Pick up the left red cup.,1,"{'plausible': ['cand_001'], 'eliminated': [], 'last_removed': []}",1,0,14.48527193069458,25,,,Pick up the left red cup.,scene_010::Pick up the left red cup.,pick up the left red cup,0,1,1,0,0,1,cup,scene_010|clear,14,6,0.5714285714285714,6
trial_20260515_011209_847af3,top_cups_01,main,scene_010,cup_only,[],Pick up the left yellow cup.,clear,vlm_best_question,,,,1778775131.1676657,/home/haoandong/ask2act/services/a6000_web/artifacts/offline_experiments/top_cups_01/scenes/scene_010/observation.jpg,b0b8cf9a-6f32-4f1b-ba6a-3be0ad9260b3,finished,1,0,cand_001,4.102497816085815,1778775135.2702448,correct,,1778775135.2700973,,False,True,Pick up the left yellow cup.,1,"{'plausible': ['cand_001'], 'eliminated': [], 'last_removed': []}",1,0,4.102497816085815,28,,,Pick up the left yellow cup.,scene_010::Pick up the left yellow cup.,pick up the left yellow cup,0,1,1,0,0,1,cup,scene_010|clear,14,6,0.5714285714285714,4
trial_20260515_011219_113349,top_cups_01,main,scene_010,cup_only,[],Pick up the left yellow cup.,clear,proposed_efe,,,,1778775140.8933105,/home/haoandong/ask2act/services/a6000_web/artifacts/offline_experiments/top_cups_01/scenes/scene_010/observation.jpg,93fe5d68-06d6-476e-b3a3-1976eb630fcb,finished,1,0,cand_001,2.313575267791748,1778775143.2069533,correct,,1778775143.206799,,False,True,Pick up the left yellow cup.,1,"{'plausible': ['cand_001'], 'eliminated': [], 'last_removed': []}",1,0,2.313575267791748,28,,,Pick up the left yellow cup.,scene_010::Pick up the left yellow cup.,pick up the left yellow cup,0,1,1,0,0,1,cup,scene_010|clear,14,6,0.5714285714285714,4
trial_20260515_011229_6181aa,top_cups_01,main,scene_010,cup_only,[],Pick up the left red cup.,clear,proposed_efe,,,,1778775150.493622,/home/haoandong/ask2act/services/a6000_web/artifacts/offline_experiments/top_cups_01/scenes/scene_010/observation.jpg,019503e7-d078-443b-94cc-d31330e83df1,finished,1,0,cand_001,14.594925165176392,1778775165.0886016,correct,,1778775165.0884914,,False,True,Pick up the left red cup.,1,"{'plausible': ['cand_001'], 'eliminated': [], 'last_removed': []}",1,0,14.594925165176392,25,,,Pick up the left red cup.,scene_010::Pick up the left red cup.,pick up the left red cup,0,1,1,0,0,1,cup,scene_010|clear,14,6,0.5714285714285714,6
trial_20260515_011253_41e4e0,top_cups_01,main,scene_010,cup_only,[],Pick up the red cup.,partial,proposed_efe,,,,1778775174.3604455,/home/haoandong/ask2act/services/a6000_web/artifacts/offline_experiments/top_cups_01/scenes/scene_010/observation.jpg,526621fc-0d28-4d9a-b3fa-995d90146e41,finished,8,3,cand_005,365.13521099090576,1778775539.4957533,correct,,1778775539.4955494,,False,True,Pick up the red cup.,8,"{'plausible': ['cand_005'], 'eliminated': ['cand_001', 'cand_002', 'cand_003', 'cand_004', 'cand_006', 'cand_007', 'cand_008'], 'last_removed': ['cand_001']}",1,3,365.13521099090576,20,,,Pick up the red cup.,scene_010::Pick up the red cup.,pick up the red cup,0,1,0,0,0,1,cup,scene_010|partial,14,2,0.8571428571428572,7
trial_20260515_011906_6244fb,top_cups_01,main,scene_010,cup_only,[],Pick up the yellow cup.,partial,proposed_efe,,,,1778775547.572431,/home/haoandong/ask2act/services/a6000_web/artifacts/offline_experiments/top_cups_01/scenes/scene_010/observation.jpg,4299bea8-8f3a-466c-a953-1b81c3e26dca,finished,8,3,cand_002,426.3863983154297,1778775973.9589038,correct,,1778775973.9587364,,False,True,Pick up the yellow cup.,8,"{'plausible': ['cand_002'], 'eliminated': ['cand_001', 'cand_003', 'cand_004', 'cand_005', 'cand_006', 'cand_007', 'cand_008'], 'last_removed': ['cand_008']}",1,3,426.3863983154297,23,,,Pick up the yellow cup.,scene_010::Pick up the yellow cup.,pick up the yellow cup,0,1,0,0,0,1,cup,scene_010|partial,14,2,0.8571428571428572,7
trial_20260515_012625_ab034d,top_cups_01,main,scene_010,cup_only,[],Pick up the my cup.,ambiguous,proposed_efe,,,,1778775985.9874535,/home/haoandong/ask2act/services/a6000_web/artifacts/offline_experiments/top_cups_01/scenes/scene_010/observation.jpg,8ab52fd4-2d8b-4411-9de5-3f91f6f14668,finished,8,3,cand_001,145.59131860733032,1778776131.578991,correct,,1778776131.578563,,False,True,Pick up the my cup.,8,"{'plausible': ['cand_001'], 'eliminated': ['cand_002', 'cand_003', 'cand_004', 'cand_005', 'cand_006', 'cand_007', 'cand_008'], 'last_removed': ['cand_002']}",1,3,145.59131860733032,19,,,Pick up the my cup.,scene_010::Pick up the my cup.,pick up the my cup,1,0,0,0,0,1,cup,scene_010|ambiguous,11,2,0.8181818181818181,2
trial_20260515_012854_5b42c7,top_cups_01,main,scene_010,cup_only,[],Pick up the my cup.,ambiguous,proposed_efe,,,,1778776134.9824753,/home/haoandong/ask2act/services/a6000_web/artifacts/offline_experiments/top_cups_01/scenes/scene_010/observation.jpg,2e05f0ac-caef-48bf-a1f0-3efbfbacffa2,finished,8,3,cand_005,140.23805332183838,1778776275.2206018,correct,,1778776275.220429,,False,True,Pick up the my cup.,8,"{'plausible': ['cand_005'], 'eliminated': ['cand_001', 'cand_002', 'cand_003', 'cand_004', 'cand_006', 'cand_007', 'cand_008'], 'last_removed': ['cand_003', 'cand_006']}",1,3,140.23805332183838,19,,,Pick up the my cup.,scene_010::Pick up the my cup.,pick up the my cup,1,0,0,0,0,1,cup,scene_010|ambiguous,11,2,0.8181818181818181,2
trial_20260515_013651_88b0ed,top_cups_01,main,scene_011,bottle_only,[],Pick up the red bottle.,clear,top_score,,,,1778776613.2164886,/home/haoandong/ask2act/services/a6000_web/artifacts/offline_experiments/top_cups_01/scenes/scene_011/observation.jpg,08fb8206-f60e-408c-8e7b-8e800de6502e,finished,1,0,cand_001,4.781583786010742,1778776617.9982698,correct,,1778776617.9979537,,False,True,Pick up the red bottle.,1,"{'plausible': ['cand_001'], 'eliminated': [], 'last_removed': []}",1,0,4.781583786010742,23,,,Pick up the red bottle.,scene_011::Pick up the red bottle.,pick up the red bottle,0,1,0,0,0,1,bottle,scene_011|clear,13,4,0.6923076923076923,6
trial_20260515_013740_4d4083,top_cups_01,main,scene_011,bottle_only,[],Pick up the left bottle.,clear,top_score,,,,1778776662.1458094,/home/haoandong/ask2act/services/a6000_web/artifacts/offline_experiments/top_cups_01/scenes/scene_011/observation.jpg,2aa04f48-db3e-4a06-917a-e829829dc140,finished,1,0,cand_001,8.908416748046875,1778776671.0544508,correct,,1778776671.054096,,False,True,Pick up the left bottle.,1,"{'plausible': ['cand_001'], 'eliminated': [], 'last_removed': []}",1,0,8.908416748046875,24,,,Pick up the left bottle.,scene_011::Pick up the left bottle.,pick up the left bottle,0,0,1,0,0,1,bottle,scene_011|clear,13,4,0.6923076923076923,4
trial_20260515_013932_3310d2,top_cups_01,main,scene_011,bottle_only,[],Pick up the top bottle.,partial,top_score,,,,1778776773.9085517,/home/haoandong/ask2act/services/a6000_web/artifacts/offline_experiments/top_cups_01/scenes/scene_011/observation.jpg,7405d564-4161-405e-a52e-4bb9f562dab3,finished,1,0,cand_001,3.4009101390838623,1779205325.5401208,wrong,,1778776777.3093803,wrong_object_selected,True,True,Pick up the top bottle.,1,"{'plausible': ['cand_001'], 'eliminated': [], 'last_removed': []}",0,0,3.4009101390838623,23,,,Pick up the top bottle.,scene_011::Pick up the top bottle.,pick up the top bottle,0,0,1,0,0,1,bottle,scene_011|partial,11,7,0.36363636363636365,2
trial_20260515_013956_eaacac,top_cups_01,main,scene_011,bottle_only,[],Pick up my bottle.,ambiguous,top_score,,,,1778776797.713676,/home/haoandong/ask2act/services/a6000_web/artifacts/offline_experiments/top_cups_01/scenes/scene_011/observation.jpg,4cf61d30-985e-49dd-9522-42eb5226ee88,finished,4,0,cand_001,5.893683433532715,1779205360.749718,wrong,,1778776803.6073012,ambiguity_not_solved,True,True,Pick up my bottle.,4,"{'plausible': ['cand_001'], 'eliminated': ['cand_002', 'cand_003', 'cand_004'], 'last_removed': ['cand_002', 'cand_003', 'cand_004']}",0,0,5.893683433532715,18,,,Pick up my bottle.,scene_011::Pick up my bottle.,pick up my bottle,1,0,0,0,0,1,bottle,scene_011|ambiguous,13,1,0.9230769230769231,13
trial_20260515_014004_c5ded5,top_cups_01,main,scene_011,bottle_only,[],Pick up my bottle.,ambiguous,top_score,,,,1778776805.5599055,/home/haoandong/ask2act/services/a6000_web/artifacts/offline_experiments/top_cups_01/scenes/scene_011/observation.jpg,774b9f2a-4154-4a4b-ac56-1d8c4f0bcbaa,finished,4,0,cand_001,2.812250852584839,1778776808.3722334,correct,,1778776808.3720844,,False,True,Pick up my bottle.,4,"{'plausible': ['cand_001'], 'eliminated': ['cand_002', 'cand_003', 'cand_004'], 'last_removed': ['cand_002', 'cand_003', 'cand_004']}",1,0,2.812250852584839,18,,,Pick up my bottle.,scene_011::Pick up my bottle.,pick up my bottle,1,0,0,0,0,1,bottle,scene_011|ambiguous,13,1,0.9230769230769231,13
trial_20260515_014018_6289c6,top_cups_01,main,scene_011,bottle_only,[],Pick up my bottle.,ambiguous,random_candidate,,,,1778776819.1127284,/home/haoandong/ask2act/services/a6000_web/artifacts/offline_experiments/top_cups_01/scenes/scene_011/observation.jpg,4f95779a-238f-4022-8bfa-8e656d59d942,finished,4,0,cand_004,33.39692544937134,1779205368.7775989,wrong,,1778776852.5094926,ambiguity_not_solved,True,True,Pick up my bottle.,4,"{'plausible': ['cand_004'], 'eliminated': ['cand_001', 'cand_002', 'cand_003'], 'last_removed': ['cand_001', 'cand_002', 'cand_003']}",0,0,33.39692544937134,18,,,Pick up my bottle.,scene_011::Pick up my bottle.,pick up my bottle,1,0,0,0,0,1,bottle,scene_011|ambiguous,13,1,0.9230769230769231,13
trial_20260515_014053_2f5f45,top_cups_01,main,scene_011,bottle_only,[],Pick up my bottle.,ambiguous,random_candidate,,,,1778776854.3557556,/home/haoandong/ask2act/services/a6000_web/artifacts/offline_experiments/top_cups_01/scenes/scene_011/observation.jpg,8e9743a8-454f-4bcc-8e21-ef0f97e435ab,finished,4,0,cand_002,2.9164695739746094,1778776857.2723687,correct,,1778776857.2721145,,False,True,Pick up my bottle.,4,"{'plausible': ['cand_002'], 'eliminated': ['cand_001', 'cand_003', 'cand_004'], 'last_removed': ['cand_001', 'cand_003', 'cand_004']}",1,0,2.9164695739746094,18,,,Pick up my bottle.,scene_011::Pick up my bottle.,pick up my bottle,1,0,0,0,0,1,bottle,scene_011|ambiguous,13,1,0.9230769230769231,13
trial_20260515_014118_653037,top_cups_01,main,scene_011,bottle_only,[],Pick up the center bottle.,partial,random_candidate,,,,1778776879.612413,/home/haoandong/ask2act/services/a6000_web/artifacts/offline_experiments/top_cups_01/scenes/scene_011/observation.jpg,8cf7f792-2db7-4a65-b79f-419092ad832b,finished,1,0,cand_001,3.556016683578491,1779205488.4205415,wrong,,1778776883.168333,wrong_object_selected,True,True,Pick up the center bottle.,1,"{'plausible': ['cand_001'], 'eliminated': [], 'last_removed': []}",0,0,3.556016683578491,26,,,Pick up the center bottle.,scene_011::Pick up the center bottle.,pick up the center bottle,0,0,1,0,0,1,bottle,scene_011|partial,11,7,0.36363636363636365,1
trial_20260515_014153_d91622,top_cups_01,main,scene_011,bottle_only,[],Pick up the red bottle.,clear,random_candidate,,,,1778776914.5999975,/home/haoandong/ask2act/services/a6000_web/artifacts/offline_experiments/top_cups_01/scenes/scene_011/observation.jpg,73ee80ac-35ab-4bf0-980a-797203973622,finished,1,0,cand_001,2.4985811710357666,1778776917.0987144,correct,,1778776917.0985088,,False,True,Pick up the red bottle.,1,"{'plausible': ['cand_001'], 'eliminated': [], 'last_removed': []}",1,0,2.4985811710357666,23,,,Pick up the red bottle.,scene_011::Pick up the red bottle.,pick up the red bottle,0,1,0,0,0,1,bottle,scene_011|clear,13,4,0.6923076923076923,6
trial_20260515_014202_7cfdfa,top_cups_01,main,scene_011,bottle_only,[],Pick up the left bottle.,clear,random_candidate,,,,1778776923.8767543,/home/haoandong/ask2act/services/a6000_web/artifacts/offline_experiments/top_cups_01/scenes/scene_011/observation.jpg,1815cc6d-71b4-49e2-aae7-95c6c12feb1f,finished,1,0,cand_001,4.166321516036987,1778776928.0432727,correct,,1778776928.042961,,False,True,Pick up the left bottle.,1,"{'plausible': ['cand_001'], 'eliminated': [], 'last_removed': []}",1,0,4.166321516036987,24,,,Pick up the left bottle.,scene_011::Pick up the left bottle.,pick up the left bottle,0,0,1,0,0,1,bottle,scene_011|clear,13,4,0.6923076923076923,4
trial_20260515_014225_3a5c73,top_cups_01,main,scene_011,bottle_only,[],Pick up the red bottle.,clear,vlm_direct,,,,1778776946.747474,/home/haoandong/ask2act/services/a6000_web/artifacts/offline_experiments/top_cups_01/scenes/scene_011/observation.jpg,b4291937-672f-49eb-ad8d-f2051f319910,finished,1,0,cand_001,30.52782130241394,1778776977.2753723,correct,,1778776977.2752323,,False,True,Pick up the red bottle.,1,"{'plausible': ['cand_001'], 'eliminated': [], 'last_removed': []}",1,0,30.52782130241394,23,,,Pick up the red bottle.,scene_011::Pick up the red bottle.,pick up the red bottle,0,1,0,0,0,1,bottle,scene_011|clear,13,4,0.6923076923076923,6
trial_20260515_014305_28899c,top_cups_01,main,scene_011,bottle_only,[],Pick up center bottle.,partial,vlm_direct,,,,1778776986.9276664,/home/haoandong/ask2act/services/a6000_web/artifacts/offline_experiments/top_cups_01/scenes/scene_011/observation.jpg,c02f6d56-44bf-4c82-8131-ddf7c1ac6fce,finished,1,0,cand_001,2.229374408721924,1779205475.9788718,wrong,,1778776989.1569738,wrong_object_selected,True,True,Pick up center bottle.,1,"{'plausible': ['cand_001'], 'eliminated': [], 'last_removed': []}",0,0,2.229374408721924,22,,,Pick up center bottle.,scene_011::Pick up center bottle.,pick up center bottle,0,0,1,0,0,1,bottle,scene_011|partial,11,7,0.36363636363636365,1
trial_20260515_014315_36b3d3,top_cups_01,main,scene_011,bottle_only,[],Pick up right bottle.,partial,vlm_direct,,,,1778776996.2721195,/home/haoandong/ask2act/services/a6000_web/artifacts/offline_experiments/top_cups_01/scenes/scene_011/observation.jpg,10a38424-c52e-4603-bc3c-3e2c4c4b3a63,finished,1,0,cand_001,2.8797476291656494,1778776999.1520488,correct,,1778776999.1517594,,False,True,Pick up right bottle.,1,"{'plausible': ['cand_001'], 'eliminated': [], 'last_removed': []}",1,0,2.8797476291656494,21,,,Pick up right bottle.,scene_011::Pick up right bottle.,pick up right bottle,0,0,1,0,0,1,bottle,scene_011|partial,11,7,0.36363636363636365,1
trial_20260515_014337_270617,top_cups_01,main,scene_011,bottle_only,[],Pick up my bottle.,ambiguous,vlm_direct,,,,1778777018.1217725,/home/haoandong/ask2act/services/a6000_web/artifacts/offline_experiments/top_cups_01/scenes/scene_011/observation.jpg,7c67bb36-223d-48ba-b588-035d22d35822,finished,4,0,cand_001,95.15909767150879,1779205506.0728784,wrong,,1778777113.2807662,ambiguity_not_solved,True,True,Pick up my bottle.,4,"{'plausible': ['cand_001'], 'eliminated': ['cand_002', 'cand_003', 'cand_004'], 'last_removed': ['cand_002', 'cand_003', 'cand_004']}",0,0,95.15909767150879,18,,,Pick up my bottle.,scene_011::Pick up my bottle.,pick up my bottle,1,0,0,0,0,1,bottle,scene_011|ambiguous,13,1,0.9230769230769231,13
trial_20260515_014515_4bf1c9,top_cups_01,main,scene_011,bottle_only,[],Pick up my bottle.,ambiguous,vlm_direct,,,,1778777116.193048,/home/haoandong/ask2act/services/a6000_web/artifacts/offline_experiments/top_cups_01/scenes/scene_011/observation.jpg,35cf4c82-24dc-4796-bc7c-19746f449bd3,finished,4,0,cand_001,52.717628717422485,1779205520.8813422,wrong,,1778777168.9106007,ambiguity_not_solved,True,True,Pick up my bottle.,4,"{'plausible': ['cand_001'], 'eliminated': ['cand_002', 'cand_003', 'cand_004'], 'last_removed': ['cand_002', 'cand_003', 'cand_004']}",0,0,52.717628717422485,18,,,Pick up my bottle.,scene_011::Pick up my bottle.,pick up my bottle,1,0,0,0,0,1,bottle,scene_011|ambiguous,13,1,0.9230769230769231,13
trial_20260515_014614_49ff9c,top_cups_01,main,scene_011,bottle_only,[],Pick up my bottle.,ambiguous,first_question,,,,1778777175.6383898,/home/haoandong/ask2act/services/a6000_web/artifacts/offline_experiments/top_cups_01/scenes/scene_011/observation.jpg,4e6ffaf7-56e7-4123-b9d2-a8baaaa576a2,finished,4,3,cand_002,167.21383714675903,1778777342.8523812,correct,,1778777342.8521047,,False,True,Pick up my bottle.,4,"{'plausible': ['cand_002'], 'eliminated': ['cand_001', 'cand_003', 'cand_004'], 'last_removed': ['cand_004']}",1,3,167.21383714675903,18,,,Pick up my bottle.,scene_011::Pick up my bottle.,pick up my bottle,1,0,0,0,0,1,bottle,scene_011|ambiguous,13,1,0.9230769230769231,13
trial_20260515_014906_573ab5,top_cups_01,main,scene_011,bottle_only,[],Pick up my bottle.,ambiguous,first_question,,,,1778777346.9737058,/home/haoandong/ask2act/services/a6000_web/artifacts/offline_experiments/top_cups_01/scenes/scene_011/observation.jpg,370e7ac8-6752-44e0-ae60-3393df198530,finished,4,3,cand_004,103.16991639137268,1778777450.1437538,correct,,1778777450.1435018,,False,True,Pick up my bottle.,4,"{'plausible': ['cand_004'], 'eliminated': ['cand_001', 'cand_002', 'cand_003'], 'last_removed': ['cand_002']}",1,3,103.16991639137268,18,,,Pick up my bottle.,scene_011::Pick up my bottle.,pick up my bottle,1,0,0,0,0,1,bottle,scene_011|ambiguous,13,1,0.9230769230769231,13
trial_20260515_015138_54138f,top_cups_01,main,scene_011,bottle_only,[],Pick up the right bottle.,partial,first_question,,,,1778777499.3597696,/home/haoandong/ask2act/services/a6000_web/artifacts/offline_experiments/top_cups_01/scenes/scene_011/observation.jpg,433fcf03-88a2-485d-8ee7-850e3edc8346,finished,1,0,cand_001,2.7045860290527344,1778777502.0644364,correct,,1778777502.064294,,False,True,Pick up the right bottle.,1,"{'plausible': ['cand_001'], 'eliminated': [], 'last_removed': []}",1,0,2.7045860290527344,25,,,Pick up the right bottle.,scene_011::Pick up the right bottle.,pick up the right bottle,0,0,1,0,0,1,bottle,scene_011|partial,11,7,0.36363636363636365,4
trial_20260515_015154_04b34e,top_cups_01,main,scene_011,bottle_only,[],Pick up the left bottle.,clear,first_question,,,,1778777516.1446617,/home/haoandong/ask2act/services/a6000_web/artifacts/offline_experiments/top_cups_01/scenes/scene_011/observation.jpg,7062805c-6e87-45ce-b468-329853400f00,finished,1,0,cand_001,2.2105090618133545,1778777518.3553097,correct,,1778777518.355083,,False,True,Pick up the left bottle.,1,"{'plausible': ['cand_001'], 'eliminated': [], 'last_removed': []}",1,0,2.2105090618133545,24,,,Pick up the left bottle.,scene_011::Pick up the left bottle.,pick up the left bottle,0,0,1,0,0,1,bottle,scene_011|clear,13,4,0.6923076923076923,4
trial_20260515_015203_5d9d8c,top_cups_01,main,scene_011,bottle_only,[],Pick up the red bottle.,clear,first_question,,,,1778777525.084199,/home/haoandong/ask2act/services/a6000_web/artifacts/offline_experiments/top_cups_01/scenes/scene_011/observation.jpg,b3748a12-d21a-4d58-b489-99143cfdb1b6,finished,1,0,cand_001,2.791090726852417,1778777527.8754902,correct,,1778777527.875174,,False,True,Pick up the red bottle.,1,"{'plausible': ['cand_001'], 'eliminated': [], 'last_removed': []}",1,0,2.791090726852417,23,,,Pick up the red bottle.,scene_011::Pick up the red bottle.,pick up the red bottle,0,1,0,0,0,1,bottle,scene_011|clear,13,4,0.6923076923076923,6
trial_20260515_015218_7db7de,top_cups_01,main,scene_011,bottle_only,[],Pick up the red bottle.,clear,random_question,,,,1778777539.5139525,/home/haoandong/ask2act/services/a6000_web/artifacts/offline_experiments/top_cups_01/scenes/scene_011/observation.jpg,e5a3c623-a264-477c-b116-7f2e1199eb58,finished,1,0,cand_001,2.9521374702453613,1778777542.466226,correct,,1778777542.4660134,,False,True,Pick up the red bottle.,1,"{'plausible': ['cand_001'], 'eliminated': [], 'last_removed': []}",1,0,2.9521374702453613,23,,,Pick up the red bottle.,scene_011::Pick up the red bottle.,pick up the red bottle,0,1,0,0,0,1,bottle,scene_011|clear,13,4,0.6923076923076923,6
trial_20260515_015229_012788,top_cups_01,main,scene_011,bottle_only,[],Pick up the tall bottle.,clear,random_question,,,,1778777550.7022748,/home/haoandong/ask2act/services/a6000_web/artifacts/offline_experiments/top_cups_01/scenes/scene_011/observation.jpg,f345a7b0-cf84-420b-8676-aee3901ab7ee,finished,1,0,cand_001,2.960728883743286,1778777553.663193,correct,,1778777553.6629066,,False,True,Pick up the tall bottle.,1,"{'plausible': ['cand_001'], 'eliminated': [], 'last_removed': []}",1,0,2.960728883743286,24,,,Pick up the tall bottle.,scene_011::Pick up the tall bottle.,pick up the tall bottle,0,0,0,0,1,1,bottle,scene_011|clear,13,4,0.6923076923076923,1
trial_20260515_015246_63dacf,top_cups_01,main,scene_011,bottle_only,[],Pick up the top bottle.,partial,random_question,,,,1778777567.8507054,/home/haoandong/ask2act/services/a6000_web/artifacts/offline_experiments/top_cups_01/scenes/scene_011/observation.jpg,ef13e0ae-39ee-498d-9b3e-7342018f6b2b,finished,1,0,cand_001,6.834425449371338,1778777574.6852415,correct,,1778777574.6850522,,False,True,Pick up the top bottle.,1,"{'plausible': ['cand_001'], 'eliminated': [], 'last_removed': []}",1,0,6.834425449371338,23,,,Pick up the top bottle.,scene_011::Pick up the top bottle.,pick up the top bottle,0,0,1,0,0,1,bottle,scene_011|partial,11,7,0.36363636363636365,2
trial_20260515_015300_c7e362,top_cups_01,main,scene_011,bottle_only,[],Pick up the right bottle.,partial,random_question,,,,1778777581.824256,/home/haoandong/ask2act/services/a6000_web/artifacts/offline_experiments/top_cups_01/scenes/scene_011/observation.jpg,e30a456a-e70c-454f-b946-467b2a3247e8,finished,1,0,cand_001,2.4822936058044434,1778777584.3066926,correct,,1778777584.3064744,,False,True,Pick up the right bottle.,1,"{'plausible': ['cand_001'], 'eliminated': [], 'last_removed': []}",1,0,2.4822936058044434,25,,,Pick up the right bottle.,scene_011::Pick up the right bottle.,pick up the right bottle,0,0,1,0,0,1,bottle,scene_011|partial,11,7,0.36363636363636365,4
trial_20260515_015329_623077,top_cups_01,main,scene_011,bottle_only,[],Pick up my bottle.,ambiguous,random_question,,,,1778777610.1224303,/home/haoandong/ask2act/services/a6000_web/artifacts/offline_experiments/top_cups_01/scenes/scene_011/observation.jpg,2875a997-6247-4556-8a36-95a07e2dd3af,finished,4,3,cand_002,107.79935073852539,1778777717.9219935,correct,,1778777717.921609,,False,True,Pick up my bottle.,4,"{'plausible': ['cand_002'], 'eliminated': ['cand_001', 'cand_003', 'cand_004'], 'last_removed': ['cand_003']}",1,3,107.79935073852539,18,,,Pick up my bottle.,scene_011::Pick up my bottle.,pick up my bottle,1,0,0,0,0,1,bottle,scene_011|ambiguous,13,1,0.9230769230769231,13
trial_20260515_015522_118933,top_cups_01,main,scene_011,bottle_only,[],Pick up my bottle.,ambiguous,random_question,,,,1778777723.346252,/home/haoandong/ask2act/services/a6000_web/artifacts/offline_experiments/top_cups_01/scenes/scene_011/observation.jpg,d985c20e-e887-4a00-ace2-137a7bed6e63,finished,4,3,cand_004,126.59433078765869,1778777849.9408026,correct,,1778777849.9404228,,False,True,Pick up my bottle.,4,"{'plausible': ['cand_004'], 'eliminated': ['cand_001', 'cand_002', 'cand_003'], 'last_removed': ['cand_001']}",1,3,126.59433078765869,18,,,Pick up my bottle.,scene_011::Pick up my bottle.,pick up my bottle,1,0,0,0,0,1,bottle,scene_011|ambiguous,13,1,0.9230769230769231,13
trial_20260515_015837_ca7f99,top_cups_01,main,scene_011,bottle_only,[],Pick up my bottle.,ambiguous,vlm_best_question,,,,1778777918.2295322,/home/haoandong/ask2act/services/a6000_web/artifacts/offline_experiments/top_cups_01/scenes/scene_011/observation.jpg,cb6686d3-3a5c-48ea-ace7-246a423bc920,finished,4,3,cand_004,130.70441889762878,1778778048.9341679,correct,,1778778048.9337864,,False,True,Pick up my bottle.,4,"{'plausible': ['cand_004'], 'eliminated': ['cand_001', 'cand_002', 'cand_003'], 'last_removed': ['cand_003']}",1,3,130.70441889762878,18,,,Pick up my bottle.,scene_011::Pick up my bottle.,pick up my bottle,1,0,0,0,0,1,bottle,scene_011|ambiguous,13,1,0.9230769230769231,13
trial_20260515_020057_dceba0,top_cups_01,main,scene_011,bottle_only,[],Pick up the right bottle.,partial,vlm_best_question,,,,1778778059.3048184,/home/haoandong/ask2act/services/a6000_web/artifacts/offline_experiments/top_cups_01/scenes/scene_011/observation.jpg,1d449465-220e-4f76-83b8-024d9070501f,finished,1,0,cand_001,4.025355100631714,1778778063.3302376,correct,,1778778063.3301141,,False,True,Pick up the right bottle.,1,"{'plausible': ['cand_001'], 'eliminated': [], 'last_removed': []}",1,0,4.025355100631714,25,,,Pick up the right bottle.,scene_011::Pick up the right bottle.,pick up the right bottle,0,0,1,0,0,1,bottle,scene_011|partial,11,7,0.36363636363636365,4
trial_20260515_020113_ed8312,top_cups_01,main,scene_011,bottle_only,[],Pick up the bottom bottle.,partial,vlm_best_question,,,,1778778075.0511963,/home/haoandong/ask2act/services/a6000_web/artifacts/offline_experiments/top_cups_01/scenes/scene_011/observation.jpg,b0e7f822-1e66-4b10-ba7f-a6924ea94db5,finished,1,0,cand_001,2.5169808864593506,1778778077.5682843,correct,,1778778077.5681047,,False,True,Pick up the bottom bottle.,1,"{'plausible': ['cand_001'], 'eliminated': [], 'last_removed': []}",1,0,2.5169808864593506,26,,,Pick up the bottom bottle.,scene_011::Pick up the bottom bottle.,pick up the bottom bottle,0,0,1,0,0,1,bottle,scene_011|partial,11,7,0.36363636363636365,1
trial_20260515_020132_7bb3f3,top_cups_01,main,scene_011,bottle_only,[],Pick up the red bottle.,clear,vlm_best_question,,,,1778778093.9813287,/home/haoandong/ask2act/services/a6000_web/artifacts/offline_experiments/top_cups_01/scenes/scene_011/observation.jpg,68e2b915-9125-4338-a56a-93fa07a1b6af,finished,1,0,cand_001,1.8439264297485352,1778778095.8254688,correct,,1778778095.8251278,,False,True,Pick up the red bottle.,1,"{'plausible': ['cand_001'], 'eliminated': [], 'last_removed': []}",1,0,1.8439264297485352,23,,,Pick up the red bottle.,scene_011::Pick up the red bottle.,pick up the red bottle,0,1,0,0,0,1,bottle,scene_011|clear,13,4,0.6923076923076923,6
trial_20260515_020142_bbd0d5,top_cups_01,main,scene_011,bottle_only,[],Pick up the blue bottle.,clear,vlm_best_question,,,,1778778103.4592063,/home/haoandong/ask2act/services/a6000_web/artifacts/offline_experiments/top_cups_01/scenes/scene_011/observation.jpg,7361c9b5-a90a-4802-9fa8-53d1566ca3fd,finished,1,0,cand_001,1.5113108158111572,1778778104.9705653,correct,,1778778104.9704688,,False,True,Pick up the blue bottle.,1,"{'plausible': ['cand_001'], 'eliminated': [], 'last_removed': []}",1,0,1.5113108158111572,24,,,Pick up the blue bottle.,scene_011::Pick up the blue bottle.,pick up the blue bottle,0,1,0,0,0,1,bottle,scene_011|clear,13,4,0.6923076923076923,2
trial_20260515_020153_980a3a,top_cups_01,main,scene_011,bottle_only,[],Pick up the blue bottle.,clear,proposed_efe,,,,1778778114.9528484,/home/haoandong/ask2act/services/a6000_web/artifacts/offline_experiments/top_cups_01/scenes/scene_011/observation.jpg,d5a8df74-2bc5-46f4-a434-01da0b2579c0,finished,1,0,cand_001,2.0488553047180176,1778778117.0017726,correct,,1778778117.0016465,,False,True,Pick up the blue bottle.,1,"{'plausible': ['cand_001'], 'eliminated': [], 'last_removed': []}",1,0,2.0488553047180176,24,,,Pick up the blue bottle.,scene_011::Pick up the blue bottle.,pick up the blue bottle,0,1,0,0,0,1,bottle,scene_011|clear,13,4,0.6923076923076923,2
trial_20260515_020205_75af60,top_cups_01,main,scene_011,bottle_only,[],Pick up the left bottle.,clear,proposed_efe,,,,1778778127.035914,/home/haoandong/ask2act/services/a6000_web/artifacts/offline_experiments/top_cups_01/scenes/scene_011/observation.jpg,95927f70-8a35-4c40-bca9-93ca7cc2c043,finished,1,0,cand_001,1.747549295425415,1778778128.7835326,correct,,1778778128.7834027,,False,True,Pick up the left bottle.,1,"{'plausible': ['cand_001'], 'eliminated': [], 'last_removed': []}",1,0,1.747549295425415,24,,,Pick up the left bottle.,scene_011::Pick up the left bottle.,pick up the left bottle,0,0,1,0,0,1,bottle,scene_011|clear,13,4,0.6923076923076923,4
trial_20260515_020221_6361b3,top_cups_01,main,scene_011,bottle_only,[],Pick up the right bottle.,partial,proposed_efe,,,,1778778142.3361712,/home/haoandong/ask2act/services/a6000_web/artifacts/offline_experiments/top_cups_01/scenes/scene_011/observation.jpg,51f33365-d9f5-4b2b-9df9-25dfdbbb2966,finished,1,0,cand_001,50.85170030593872,1778778193.1880574,correct,,1778778193.187762,,False,True,Pick up the right bottle.,1,"{'plausible': ['cand_001'], 'eliminated': [], 'last_removed': []}",1,0,50.85170030593872,25,,,Pick up the right bottle.,scene_011::Pick up the right bottle.,pick up the right bottle,0,0,1,0,0,1,bottle,scene_011|partial,11,7,0.36363636363636365,4
trial_20260515_020321_14c114,top_cups_01,main,scene_011,bottle_only,[],Pick up the tall bottle.,partial,proposed_efe,,,,1778778201.9401684,/home/haoandong/ask2act/services/a6000_web/artifacts/offline_experiments/top_cups_01/scenes/scene_011/observation.jpg,4fc2b018-009e-45ed-8f83-a391888faa70,finished,1,1,cand_001,76.49914932250977,1778778278.439384,correct,,1778778278.439252,,False,True,Pick up the tall bottle.,1,"{'plausible': ['cand_001'], 'eliminated': [], 'last_removed': []}",1,1,76.49914932250977,24,,,Pick up the tall bottle.,scene_011::Pick up the tall bottle.,pick up the tall bottle,0,0,0,0,1,1,bottle,scene_011|partial,11,7,0.36363636363636365,1
trial_20260515_020455_5a1164,top_cups_01,main,scene_011,bottle_only,[],Pick up my bottle.,ambiguous,proposed_efe,,,,1778778296.2242415,/home/haoandong/ask2act/services/a6000_web/artifacts/offline_experiments/top_cups_01/scenes/scene_011/observation.jpg,e1e21687-4cc5-4edb-b7c0-6c978413b2e0,finished,4,3,cand_004,225.9514172077179,1778778522.1758971,correct,,1778778522.1754715,,False,True,Pick up my bottle.,4,"{'plausible': ['cand_004'], 'eliminated': ['cand_001', 'cand_002', 'cand_003'], 'last_removed': ['cand_002']}",1,3,225.9514172077179,18,,,Pick up my bottle.,scene_011::Pick up my bottle.,pick up my bottle,1,0,0,0,0,1,bottle,scene_011|ambiguous,13,1,0.9230769230769231,13
trial_20260515_020847_3b790c,top_cups_01,main,scene_011,bottle_only,[],Pick up my bottle.,ambiguous,proposed_efe,,,,1778778528.3611174,/home/haoandong/ask2act/services/a6000_web/artifacts/offline_experiments/top_cups_01/scenes/scene_011/observation.jpg,ee4a568a-9e0c-4e5b-b2c1-d6ecd9eec1a6,finished,4,3,cand_004,153.42509651184082,1778778681.7863479,correct,,1778778681.786102,,False,True,Pick up my bottle.,4,"{'plausible': ['cand_004'], 'eliminated': ['cand_001', 'cand_002', 'cand_003'], 'last_removed': ['cand_001']}",1,3,153.42509651184082,18,,,Pick up my bottle.,scene_011::Pick up my bottle.,pick up my bottle,1,0,0,0,0,1,bottle,scene_011|ambiguous,13,1,0.9230769230769231,13
trial_20260515_021140_e36d9e,top_cups_01,main,scene_012,bottle_only,[],Pick up my bottle.,ambiguous,top_score,,,,1778778701.7300982,/home/haoandong/ask2act/services/a6000_web/artifacts/offline_experiments/top_cups_01/scenes/scene_012/observation.jpg,2bc8531a-1928-4de5-84be-9720aec2b53f,finished,4,0,cand_001,4.177642345428467,1779205653.1172388,wrong,,1778778705.9076037,ambiguity_not_solved,True,True,Pick up my bottle.,4,"{'plausible': ['cand_001'], 'eliminated': ['cand_002', 'cand_003', 'cand_004'], 'last_removed': ['cand_002', 'cand_003', 'cand_004']}",0,0,4.177642345428467,18,,,Pick up my bottle.,scene_012::Pick up my bottle.,pick up my bottle,1,0,0,0,0,1,bottle,scene_012|ambiguous,13,1,0.9230769230769231,13
trial_20260515_021147_293d90,top_cups_01,main,scene_012,bottle_only,[],Pick up my bottle.,ambiguous,top_score,,,,1778778708.2356663,/home/haoandong/ask2act/services/a6000_web/artifacts/offline_experiments/top_cups_01/scenes/scene_012/observation.jpg,168e9d12-c426-4c52-ac87-44e056df2f99,finished,4,0,cand_001,2.4174065589904785,1779205662.8909013,wrong,,1778778710.6529894,ambiguity_not_solved,True,True,Pick up my bottle.,4,"{'plausible': ['cand_001'], 'eliminated': ['cand_002', 'cand_003', 'cand_004'], 'last_removed': ['cand_002', 'cand_003', 'cand_004']}",0,0,2.4174065589904785,18,,,Pick up my bottle.,scene_012::Pick up my bottle.,pick up my bottle,1,0,0,0,0,1,bottle,scene_012|ambiguous,13,1,0.9230769230769231,13
trial_20260515_021205_e9e1a8,top_cups_01,main,scene_012,bottle_only,[],Pick up the right bottle.,partial,top_score,,,,1778778726.5894883,/home/haoandong/ask2act/services/a6000_web/artifacts/offline_experiments/top_cups_01/scenes/scene_012/observation.jpg,73972eab-1aba-401f-9741-afcfd2f1a5a3,finished,1,0,cand_001,5.266497850418091,1779205715.8949382,wrong,,1778778731.8558922,wrong_object_selected,True,True,Pick up the right bottle.,1,"{'plausible': ['cand_001'], 'eliminated': [], 'last_removed': []}",0,0,5.266497850418091,25,,,Pick up the right bottle.,scene_012::Pick up the right bottle.,pick up the right bottle,0,0,1,0,0,1,bottle,scene_012|partial,11,3,0.7272727272727273,6
trial_20260515_021221_c38950,top_cups_01,main,scene_012,bottle_only,[],Pick up the left bottle.,partial,top_score,,,,1778778743.3854222,/home/haoandong/ask2act/services/a6000_web/artifacts/offline_experiments/top_cups_01/scenes/scene_012/observation.jpg,eaa5d5ba-72e2-4f42-9ca2-9a592a46e8ba,finished,1,0,cand_001,3.5188653469085693,1779205740.6331742,wrong,,1778778746.904229,wrong_object_selected,True,True,Pick up the left bottle.,1,"{'plausible': ['cand_001'], 'eliminated': [], 'last_removed': []}",0,0,3.5188653469085693,24,,,Pick up the left bottle.,scene_012::Pick up the left bottle.,pick up the left bottle,0,0,1,0,0,1,bottle,scene_012|partial,11,3,0.7272727272727273,4
trial_20260515_021236_98c612,top_cups_01,main,scene_012,bottle_only,[],Pick up the red bottle.,clear,top_score,,,,1778778757.5986981,/home/haoandong/ask2act/services/a6000_web/artifacts/offline_experiments/top_cups_01/scenes/scene_012/observation.jpg,1bd68a80-e86f-4995-b13f-8d2c37bbd9a7,finished,1,0,cand_001,2.9729626178741455,1778778760.5718672,correct,,1778778760.5715394,,False,True,Pick up the red bottle.,1,"{'plausible': ['cand_001'], 'eliminated': [], 'last_removed': []}",1,0,2.9729626178741455,23,,,Pick up the red bottle.,scene_012::Pick up the red bottle.,pick up the red bottle,0,1,0,0,0,1,bottle,scene_012|clear,12,4,0.6666666666666667,5
trial_20260515_021247_6aa391,top_cups_01,main,scene_012,bottle_only,[],Pick up the green bottle.,clear,top_score,,,,1778778768.9572616,/home/haoandong/ask2act/services/a6000_web/artifacts/offline_experiments/top_cups_01/scenes/scene_012/observation.jpg,512ac435-cd1e-4c83-bbcb-617c1d83f5c9,finished,1,0,cand_001,3.6370856761932373,1778778772.5944848,correct,,1778778772.594261,,False,True,Pick up the green bottle.,1,"{'plausible': ['cand_001'], 'eliminated': [], 'last_removed': []}",1,0,3.6370856761932373,25,,,Pick up the green bottle.,scene_012::Pick up the green bottle.,pick up the green bottle,0,1,0,0,0,1,bottle,scene_012|clear,12,4,0.6666666666666667,5
trial_20260515_021258_eeef06,top_cups_01,main,scene_012,bottle_only,[],Pick up the blue bottle.,clear,top_score,,,,1778778779.4287481,/home/haoandong/ask2act/services/a6000_web/artifacts/offline_experiments/top_cups_01/scenes/scene_012/observation.jpg,51a7997e-c7ba-462e-97b7-da4bc1aa58d5,finished,1,0,cand_001,2.544883966445923,1778778781.9736996,correct,,1778778781.9735758,,False,True,Pick up the blue bottle.,1,"{'plausible': ['cand_001'], 'eliminated': [], 'last_removed': []}",1,0,2.544883966445923,24,,,Pick up the blue bottle.,scene_012::Pick up the blue bottle.,pick up the blue bottle,0,1,0,0,0,1,bottle,scene_012|clear,12,4,0.6666666666666667,1
trial_20260515_021358_02b792,top_cups_01,main,scene_012,bottle_only,[],Pick up the left most bottle.,clear,random_candidate,,,,1778778840.1596947,/home/haoandong/ask2act/services/a6000_web/artifacts/offline_experiments/top_cups_01/scenes/scene_012/observation.jpg,93b3cb04-29d9-4d8d-afa1-e46e2b0a6924,finished,1,0,cand_001,7.091150522232056,1779205778.6027946,correct,,1778778847.2507837,,True,True,Pick up the left most bottle.,1,"{'plausible': ['cand_001'], 'eliminated': [], 'last_removed': []}",1,0,7.091150522232056,29,,,Pick up the left most bottle.,scene_012::Pick up the left most bottle.,pick up the left most bottle,0,0,1,0,0,1,bottle,scene_012|clear,12,4,0.6666666666666667,1
trial_20260515_021447_de3d45,top_cups_01,main,scene_012,bottle_only,[],Pick up the right bottle.,partial,random_candidate,,,,1778778889.0155501,/home/haoandong/ask2act/services/a6000_web/artifacts/offline_experiments/top_cups_01/scenes/scene_012/observation.jpg,da144394-3a52-424f-a8da-29c274d15708,finished,1,0,cand_001,3.2547764778137207,1779205809.539129,wrong,,1778778892.270209,wrong_object_selected,True,True,Pick up the right bottle.,1,"{'plausible': ['cand_001'], 'eliminated': [], 'last_removed': []}",0,0,3.2547764778137207,25,,,Pick up the right bottle.,scene_012::Pick up the right bottle.,pick up the right bottle,0,0,1,0,0,1,bottle,scene_012|partial,11,3,0.7272727272727273,6
trial_20260515_021458_f3fd25,top_cups_01,main,scene_012,bottle_only,[],Pick up my bottle.,ambiguous,random_candidate,,,,1778778899.2814207,/home/haoandong/ask2act/services/a6000_web/artifacts/offline_experiments/top_cups_01/scenes/scene_012/observation.jpg,0c64008e-8b03-4abf-86de-a77034c2a2a9,finished,4,0,cand_001,5.838783025741577,1779205864.1640387,wrong,,1778778905.120033,ambiguity_not_solved,True,True,Pick up my bottle.,4,"{'plausible': ['cand_001'], 'eliminated': ['cand_002', 'cand_003', 'cand_004'], 'last_removed': ['cand_002', 'cand_003', 'cand_004']}",0,0,5.838783025741577,18,,,Pick up my bottle.,scene_012::Pick up my bottle.,pick up my bottle,1,0,0,0,0,1,bottle,scene_012|ambiguous,13,1,0.9230769230769231,13
trial_20260515_021505_55c59f,top_cups_01,main,scene_012,bottle_only,[],Pick up my bottle.,ambiguous,random_candidate,,,,1778778906.6097426,/home/haoandong/ask2act/services/a6000_web/artifacts/offline_experiments/top_cups_01/scenes/scene_012/observation.jpg,a2e7c8f2-1fe7-45bd-a5de-8b1cf77eaa9e,finished,4,0,cand_001,4.067394256591797,1779205876.561362,wrong,,1778778910.6769967,ambiguity_not_solved,True,True,Pick up my bottle.,4,"{'plausible': ['cand_001'], 'eliminated': ['cand_002', 'cand_003', 'cand_004'], 'last_removed': ['cand_002', 'cand_003', 'cand_004']}",0,0,4.067394256591797,18,,,Pick up my bottle.,scene_012::Pick up my bottle.,pick up my bottle,1,0,0,0,0,1,bottle,scene_012|ambiguous,13,1,0.9230769230769231,13
trial_20260515_021627_dcb042,top_cups_01,main,scene_012,bottle_only,[],Pick up my bottle.,ambiguous,vlm_direct,,,,1778778988.8266492,/home/haoandong/ask2act/services/a6000_web/artifacts/offline_experiments/top_cups_01/scenes/scene_012/observation.jpg,16167ee8-4bf2-49c0-9939-dee68a0adbcc,finished,4,0,cand_001,72.87293601036072,1779205882.6136856,wrong,,1778779061.6994853,ambiguity_not_solved,True,True,Pick up my bottle.,4,"{'plausible': ['cand_001'], 'eliminated': ['cand_002', 'cand_003', 'cand_004'], 'last_removed': ['cand_002', 'cand_003', 'cand_004']}",0,0,72.87293601036072,18,,,Pick up my bottle.,scene_012::Pick up my bottle.,pick up my bottle,1,0,0,0,0,1,bottle,scene_012|ambiguous,13,1,0.9230769230769231,13
trial_20260515_021811_9ce441,top_cups_01,main,scene_012,bottle_only,[],Pick up my bottle.,ambiguous,first_question,,,,1778779092.8339648,/home/haoandong/ask2act/services/a6000_web/artifacts/offline_experiments/top_cups_01/scenes/scene_012/observation.jpg,7a654b12-1228-4704-b32d-9917af0531c6,finished,4,1,cand_004,50.864986419677734,1778779143.6991591,correct,,1778779143.6987984,,False,True,Pick up my bottle.,4,"{'plausible': ['cand_004'], 'eliminated': ['cand_001', 'cand_002', 'cand_003'], 'last_removed': ['cand_001', 'cand_002', 'cand_003']}",1,1,50.864986419677734,18,,,Pick up my bottle.,scene_012::Pick up my bottle.,pick up my bottle,1,0,0,0,0,1,bottle,scene_012|ambiguous,13,1,0.9230769230769231,13
trial_20260515_021904_0e3c19,top_cups_01,main,scene_012,bottle_only,[],Pick up my bottle.,ambiguous,first_question,,,,1778779145.1242867,/home/haoandong/ask2act/services/a6000_web/artifacts/offline_experiments/top_cups_01/scenes/scene_012/observation.jpg,0d57fd85-9bc4-4bad-ae6c-58d268a9b989,finished,4,3,cand_003,140.41816759109497,1778779285.5426667,correct,,1778779285.5422964,,False,True,Pick up my bottle.,4,"{'plausible': ['cand_003'], 'eliminated': ['cand_001', 'cand_002', 'cand_004'], 'last_removed': ['cand_002']}",1,3,140.41816759109497,18,,,Pick up my bottle.,scene_012::Pick up my bottle.,pick up my bottle,1,0,0,0,0,1,bottle,scene_012|ambiguous,13,1,0.9230769230769231,13
trial_20260515_022154_4c218b,top_cups_01,main,scene_012,bottle_only,[],Pick up the left bottle.,partial,first_question,,,,1778779315.0940568,/home/haoandong/ask2act/services/a6000_web/artifacts/offline_experiments/top_cups_01/scenes/scene_012/observation.jpg,6e30b01d-c590-4573-af19-5773f74c037b,finished,1,0,,49.025455713272095,1779206011.7755263,unresolved,,1778779364.119444,wrong_object_selected,True,True,Pick up the left bottle.,1,"{'plausible': ['cand_001'], 'eliminated': [], 'last_removed': []}",0,0,49.025455713272095,24,,,Pick up the left bottle.,scene_012::Pick up the left bottle.,pick up the left bottle,0,0,1,0,0,1,bottle,scene_012|partial,11,3,0.7272727272727273,4
trial_20260515_022302_67a10d,top_cups_01,main,scene_012,bottle_only,[],Pick up the right bottle.,partial,first_question,,,,1778779383.4451618,/home/haoandong/ask2act/services/a6000_web/artifacts/offline_experiments/top_cups_01/scenes/scene_012/observation.jpg,2bd13a3e-ee55-4ed3-a3b1-52ac0b2a98e9,finished,1,0,,49.78245186805725,1779206024.9673636,unresolved,,1778779433.2275634,wrong_object_selected,True,True,Pick up the right bottle.,1,"{'plausible': ['cand_001'], 'eliminated': [], 'last_removed': []}",0,0,49.78245186805725,25,,,Pick up the right bottle.,scene_012::Pick up the right bottle.,pick up the right bottle,0,0,1,0,0,1,bottle,scene_012|partial,11,3,0.7272727272727273,6
trial_20260515_022712_ecae4f,top_cups_01,main,scene_012,bottle_only,[],Pick up the red bottle.,clear,first_question,,,,1778779633.532629,/home/haoandong/ask2act/services/a6000_web/artifacts/offline_experiments/top_cups_01/scenes/scene_012/observation.jpg,bead8078-ab6c-4e8a-9501-921bc0029e7f,finished,1,0,cand_001,3.4477994441986084,1778779636.9806285,correct,,1778779636.980314,,False,True,Pick up the red bottle.,1,"{'plausible': ['cand_001'], 'eliminated': [], 'last_removed': []}",1,0,3.4477994441986084,23,,,Pick up the red bottle.,scene_012::Pick up the red bottle.,pick up the red bottle,0,1,0,0,0,1,bottle,scene_012|clear,12,4,0.6666666666666667,5
trial_20260515_022725_385c1d,top_cups_01,main,scene_012,bottle_only,[],Pick up the green bottle.,clear,first_question,,,,1778779646.683143,/home/haoandong/ask2act/services/a6000_web/artifacts/offline_experiments/top_cups_01/scenes/scene_012/observation.jpg,e7ba583a-68a6-49a1-9942-cd10c1fb3361,finished,1,0,cand_001,2.008665084838867,1778779648.6920166,correct,,1778779648.691691,,False,True,Pick up the green bottle.,1,"{'plausible': ['cand_001'], 'eliminated': [], 'last_removed': []}",1,0,2.008665084838867,25,,,Pick up the green bottle.,scene_012::Pick up the green bottle.,pick up the green bottle,0,1,0,0,0,1,bottle,scene_012|clear,12,4,0.6666666666666667,5
trial_20260515_022734_2d1d20,top_cups_01,main,scene_012,bottle_only,[],Pick up the green bottle.,clear,random_question,,,,1778779656.1400142,/home/haoandong/ask2act/services/a6000_web/artifacts/offline_experiments/top_cups_01/scenes/scene_012/observation.jpg,94e7ca81-ca9d-48d4-9342-0e95017620f4,finished,1,0,cand_001,2.121466875076294,1778779658.2616558,correct,,1778779658.2613683,,False,True,Pick up the green bottle.,1,"{'plausible': ['cand_001'], 'eliminated': [], 'last_removed': []}",1,0,2.121466875076294,25,,,Pick up the green bottle.,scene_012::Pick up the green bottle.,pick up the green bottle,0,1,0,0,0,1,bottle,scene_012|clear,12,4,0.6666666666666667,5
trial_20260515_022744_ad24dc,top_cups_01,main,scene_012,bottle_only,[],Pick up the red bottle.,clear,random_question,,,,1778779665.8607955,/home/haoandong/ask2act/services/a6000_web/artifacts/offline_experiments/top_cups_01/scenes/scene_012/observation.jpg,dc67d339-6d2a-4834-bb70-89c737976e3f,finished,1,0,cand_001,3.185257911682129,1778779669.0461993,correct,,1778779669.0459547,,False,True,Pick up the red bottle.,1,"{'plausible': ['cand_001'], 'eliminated': [], 'last_removed': []}",1,0,3.185257911682129,23,,,Pick up the red bottle.,scene_012::Pick up the red bottle.,pick up the red bottle,0,1,0,0,0,1,bottle,scene_012|clear,12,4,0.6666666666666667,5
trial_20260515_022839_566539,top_cups_01,main,scene_012,bottle_only,[],Pick up the right bottle.,partial,random_question,,,,1778779720.1423695,/home/haoandong/ask2act/services/a6000_web/artifacts/offline_experiments/top_cups_01/scenes/scene_012/observation.jpg,6a993396-30a1-42ef-885a-95071e508002,finished,1,1,cand_001,79.44846677780151,1779205996.0775197,unresolved,,1778779799.5907667,wrong_object_selected,True,True,Pick up the right bottle.,1,"{'plausible': ['cand_001'], 'eliminated': [], 'last_removed': []}",0,1,79.44846677780151,25,,,Pick up the right bottle.,scene_012::Pick up the right bottle.,pick up the right bottle,0,0,1,0,0,1,bottle,scene_012|partial,11,3,0.7272727272727273,6
trial_20260515_023009_22b8aa,top_cups_01,main,scene_012,bottle_only,[],Pick up the top bottle.,partial,random_question,,,,1778779810.687401,/home/haoandong/ask2act/services/a6000_web/artifacts/offline_experiments/top_cups_01/scenes/scene_012/observation.jpg,f83f928c-301d-475b-bb52-4eee93e33fca,finished,1,1,cand_001,70.15339684486389,1779205988.5009415,unresolved,,1778779880.8407185,wrong_object_selected,True,True,Pick up the top bottle.,1,"{'plausible': ['cand_001'], 'eliminated': [], 'last_removed': []}",0,1,70.15339684486389,23,,,Pick up the top bottle.,scene_012::Pick up the top bottle.,pick up the top bottle,0,0,1,0,0,1,bottle,scene_012|partial,11,3,0.7272727272727273,1
trial_20260515_023131_d9f09f,top_cups_01,main,scene_012,bottle_only,[],Pick up my bottle.,ambiguous,random_question,,,,1778779892.5065885,/home/haoandong/ask2act/services/a6000_web/artifacts/offline_experiments/top_cups_01/scenes/scene_012/observation.jpg,197491ad-d7f1-4de6-a50f-78571c339ebe,finished,4,2,cand_004,112.3280189037323,1778780004.834844,correct,,1778780004.8344443,,False,True,Pick up my bottle.,4,"{'plausible': ['cand_004'], 'eliminated': ['cand_001', 'cand_002', 'cand_003'], 'last_removed': ['cand_002', 'cand_003']}",1,2,112.3280189037323,18,,,Pick up my bottle.,scene_012::Pick up my bottle.,pick up my bottle,1,0,0,0,0,1,bottle,scene_012|ambiguous,13,1,0.9230769230769231,13
trial_20260515_023325_10ae5f,top_cups_01,main,scene_012,bottle_only,[],Pick up my bottle.,ambiguous,random_question,,,,1778780006.6886332,/home/haoandong/ask2act/services/a6000_web/artifacts/offline_experiments/top_cups_01/scenes/scene_012/observation.jpg,bfc59490-01dc-400d-803f-fff586fadd29,finished,4,3,cand_004,122.15963101387024,1778780128.8483615,correct,,1778780128.84818,,False,True,Pick up my bottle.,4,"{'plausible': ['cand_004'], 'eliminated': ['cand_001', 'cand_002', 'cand_003'], 'last_removed': ['cand_003']}",1,3,122.15963101387024,18,,,Pick up my bottle.,scene_012::Pick up my bottle.,pick up my bottle,1,0,0,0,0,1,bottle,scene_012|ambiguous,13,1,0.9230769230769231,13
trial_20260515_023538_b10ccf,top_cups_01,main,scene_012,bottle_only,[],Pick up my bottle.,ambiguous,vlm_best_question,,,,1778780139.0683079,/home/haoandong/ask2act/services/a6000_web/artifacts/offline_experiments/top_cups_01/scenes/scene_012/observation.jpg,d935effb-37d1-434d-8b10-83c2655168c1,finished,4,2,cand_004,136.23761868476868,1778780275.3060663,correct,,1778780275.3058133,,False,True,Pick up my bottle.,4,"{'plausible': ['cand_004'], 'eliminated': ['cand_001', 'cand_002', 'cand_003'], 'last_removed': ['cand_002', 'cand_003']}",1,2,136.23761868476868,18,,,Pick up my bottle.,scene_012::Pick up my bottle.,pick up my bottle,1,0,0,0,0,1,bottle,scene_012|ambiguous,13,1,0.9230769230769231,13
trial_20260515_023757_2f857a,top_cups_01,main,scene_012,bottle_only,[],Pick up my bottle.,ambiguous,vlm_best_question,,,,1778780278.0473955,/home/haoandong/ask2act/services/a6000_web/artifacts/offline_experiments/top_cups_01/scenes/scene_012/observation.jpg,8a4f22fa-6d7e-4c28-8223-db430550e184,finished,4,3,cand_003,116.65855288505554,1778780394.7061522,correct,,1778780394.705784,,False,True,Pick up my bottle.,4,"{'plausible': ['cand_003'], 'eliminated': ['cand_001', 'cand_002', 'cand_004'], 'last_removed': ['cand_002']}",1,3,116.65855288505554,18,,,Pick up my bottle.,scene_012::Pick up my bottle.,pick up my bottle,1,0,0,0,0,1,bottle,scene_012|ambiguous,13,1,0.9230769230769231,13
trial_20260515_024148_c7db21,top_cups_01,main,scene_012,bottle_only,[],Pick up the left bottle.,partial,vlm_best_question,,,,1778780509.7559576,/home/haoandong/ask2act/services/a6000_web/artifacts/offline_experiments/top_cups_01/scenes/scene_012/observation.jpg,bcae48ae-f198-4293-a9ba-8c7fedddf47d,finished,1,0,cand_001,44.75620722770691,1779205984.4258158,wrong,,1778780554.512068,wrong_object_selected,True,True,Pick up the left bottle.,1,"{'plausible': ['cand_001'], 'eliminated': [], 'last_removed': []}",0,0,44.75620722770691,24,,,Pick up the left bottle.,scene_012::Pick up the left bottle.,pick up the left bottle,0,0,1,0,0,1,bottle,scene_012|partial,11,3,0.7272727272727273,4
trial_20260515_024240_b43f46,top_cups_01,main,scene_012,bottle_only,[],Pick up the right bottle.,partial,vlm_best_question,,,,1778780561.815457,/home/haoandong/ask2act/services/a6000_web/artifacts/offline_experiments/top_cups_01/scenes/scene_012/observation.jpg,c6a1ee25-e17e-4a64-b06a-f1e0cfb6e6e8,finished,1,1,cand_001,80.57080340385437,1779206222.2056735,unresolved,,1778780642.3861303,wrong_object_selected,True,True,Pick up the right bottle.,1,"{'plausible': ['cand_001'], 'eliminated': [], 'last_removed': []}",0,1,80.57080340385437,25,,,Pick up the right bottle.,scene_012::Pick up the right bottle.,pick up the right bottle,0,0,1,0,0,1,bottle,scene_012|partial,11,3,0.7272727272727273,6
trial_20260515_024409_9afa07,top_cups_01,main,scene_012,bottle_only,[],Pick up the red bottle.,clear,vlm_best_question,,,,1778780651.0289204,/home/haoandong/ask2act/services/a6000_web/artifacts/offline_experiments/top_cups_01/scenes/scene_012/observation.jpg,b64ec7f3-cffa-4142-bd7a-7901c0efaef6,finished,1,0,cand_001,2.865605354309082,1778780653.8948164,correct,,1778780653.8944113,,False,True,Pick up the red bottle.,1,"{'plausible': ['cand_001'], 'eliminated': [], 'last_removed': []}",1,0,2.865605354309082,23,,,Pick up the red bottle.,scene_012::Pick up the red bottle.,pick up the red bottle,0,1,0,0,0,1,bottle,scene_012|clear,12,4,0.6666666666666667,5
trial_20260515_024549_daeea5,top_cups_01,main,scene_012,bottle_only,[],Pick up the green bottle.,clear,vlm_best_question,,,,1778780751.0721703,/home/haoandong/ask2act/services/a6000_web/artifacts/offline_experiments/top_cups_01/scenes/scene_012/observation.jpg,0a3156f4-cc02-4c21-80dd-c673f9361ff2,finished,1,0,cand_001,4.232497930526733,1778780755.3047266,correct,,1778780755.304618,,False,True,Pick up the green bottle.,1,"{'plausible': ['cand_001'], 'eliminated': [], 'last_removed': []}",1,0,4.232497930526733,25,,,Pick up the green bottle.,scene_012::Pick up the green bottle.,pick up the green bottle,0,1,0,0,0,1,bottle,scene_012|clear,12,4,0.6666666666666667,5
trial_20260515_024558_f8e04c,top_cups_01,main,scene_012,bottle_only,[],Pick up the green bottle.,clear,proposed_efe,,,,1778780760.0124629,/home/haoandong/ask2act/services/a6000_web/artifacts/offline_experiments/top_cups_01/scenes/scene_012/observation.jpg,38a6e9bc-d4d7-480d-a0c6-fd17c771e6fc,finished,1,0,cand_001,6.346236944198608,1778780766.358802,correct,,1778780766.3586147,,False,True,Pick up the green bottle.,1,"{'plausible': ['cand_001'], 'eliminated': [], 'last_removed': []}",1,0,6.346236944198608,25,,,Pick up the green bottle.,scene_012::Pick up the green bottle.,pick up the green bottle,0,1,0,0,0,1,bottle,scene_012|clear,12,4,0.6666666666666667,5
trial_20260515_024612_efa8d3,top_cups_01,main,scene_012,bottle_only,[],Pick up the red bottle.,clear,proposed_efe,,,,1778780773.6205432,/home/haoandong/ask2act/services/a6000_web/artifacts/offline_experiments/top_cups_01/scenes/scene_012/observation.jpg,3d19ab1b-8a7d-4477-97f0-a8e6a8f34a11,finished,1,0,cand_001,36.702085971832275,1778780810.3228767,correct,,1778780810.3225226,,False,True,Pick up the red bottle.,1,"{'plausible': ['cand_001'], 'eliminated': [], 'last_removed': []}",1,0,36.702085971832275,23,,,Pick up the red bottle.,scene_012::Pick up the red bottle.,pick up the red bottle,0,1,0,0,0,1,bottle,scene_012|clear,12,4,0.6666666666666667,5
trial_20260515_024659_8a3fb0,top_cups_01,main,scene_012,bottle_only,[],Pick up the left bottle.,partial,proposed_efe,,,,1778780820.3107712,/home/haoandong/ask2act/services/a6000_web/artifacts/offline_experiments/top_cups_01/scenes/scene_012/observation.jpg,c52b4485-eb7b-4112-8e25-679e505340b9,finished,1,1,cand_001,191.56145358085632,1779206258.5795684,wrong,,1778781011.8720837,wrong_object_selected,True,True,Pick up the left bottle.,1,"{'plausible': ['cand_001'], 'eliminated': [], 'last_removed': []}",0,1,191.56145358085632,24,,,Pick up the left bottle.,scene_012::Pick up the left bottle.,pick up the left bottle,0,0,1,0,0,1,bottle,scene_012|partial,11,3,0.7272727272727273,4
trial_20260515_025018_23cf67,top_cups_01,main,scene_012,bottle_only,[],Pick up the right bottle.,partial,proposed_efe,,,,1778781019.2842107,/home/haoandong/ask2act/services/a6000_web/artifacts/offline_experiments/top_cups_01/scenes/scene_012/observation.jpg,411f2b79-2f40-4bc2-9932-c9a720500a98,finished,1,0,cand_001,196.47345089912415,1779206249.9995425,wrong,,1778781215.7575574,wrong_object_selected,True,True,Pick up the right bottle.,1,"{'plausible': ['cand_001'], 'eliminated': [], 'last_removed': []}",0,0,196.47345089912415,25,,,Pick up the right bottle.,scene_012::Pick up the right bottle.,pick up the right bottle,0,0,1,0,0,1,bottle,scene_012|partial,11,3,0.7272727272727273,6
trial_20260515_025345_1c596f,top_cups_01,main,scene_012,bottle_only,[],Pick up my bottle.,ambiguous,proposed_efe,,,,1778781226.1177213,/home/haoandong/ask2act/services/a6000_web/artifacts/offline_experiments/top_cups_01/scenes/scene_012/observation.jpg,59a02c78-8638-4a99-ba14-b5b9c75aa5bf,finished,4,1,cand_004,46.14316964149475,1778781272.2610543,correct,,1778781272.2607484,,False,True,Pick up my bottle.,4,"{'plausible': ['cand_004'], 'eliminated': ['cand_001', 'cand_002', 'cand_003'], 'last_removed': ['cand_001', 'cand_002', 'cand_003']}",1,1,46.14316964149475,18,,,Pick up my bottle.,scene_012::Pick up my bottle.,pick up my bottle,1,0,0,0,0,1,bottle,scene_012|ambiguous,13,1,0.9230769230769231,13
trial_20260515_025433_2898e1,top_cups_01,main,scene_012,bottle_only,[],Pick up my bottle.,ambiguous,proposed_efe,,,,1778781274.5404704,/home/haoandong/ask2act/services/a6000_web/artifacts/offline_experiments/top_cups_01/scenes/scene_012/observation.jpg,239b2499-c210-45a9-bace-9ede9d339c53,finished,4,1,cand_003,94.96344900131226,1778781369.5040233,correct,,1778781369.503828,,False,True,Pick up my bottle.,4,"{'plausible': ['cand_003'], 'eliminated': ['cand_001', 'cand_002', 'cand_004'], 'last_removed': ['cand_001', 'cand_002', 'cand_004']}",1,1,94.96344900131226,18,,,Pick up my bottle.,scene_012::Pick up my bottle.,pick up my bottle,1,0,0,0,0,1,bottle,scene_012|ambiguous,13,1,0.9230769230769231,13
trial_20260515_025747_b05d50,top_cups_01,main,scene_013,bottle_only,[],Pick up the red bottle.,clear,top_score,,,,1778781468.4143205,/home/haoandong/ask2act/services/a6000_web/artifacts/offline_experiments/top_cups_01/scenes/scene_013/observation.jpg,9836ad87-d0f9-4ba4-848d-fb77dd58f727,finished,1,0,cand_001,4.914344787597656,1778781473.3288257,correct,,1778781473.3285642,,False,True,Pick up the red bottle.,1,"{'plausible': ['cand_001'], 'eliminated': [], 'last_removed': []}",1,0,4.914344787597656,23,,,Pick up the red bottle.,scene_013::Pick up the red bottle.,pick up the red bottle,0,1,0,0,0,1,bottle,scene_013|clear,14,7,0.5,1
trial_20260515_025759_cc0f38,top_cups_01,main,scene_013,bottle_only,[],Pick up the green bottle.,clear,top_score,,,,1778781480.930443,/home/haoandong/ask2act/services/a6000_web/artifacts/offline_experiments/top_cups_01/scenes/scene_013/observation.jpg,df2f3dd1-7c89-4a58-9996-e70fdd8d32ab,finished,1,0,cand_001,2.8105504512786865,1778781483.7411976,correct,,1778781483.7408714,,False,True,Pick up the green bottle.,1,"{'plausible': ['cand_001'], 'eliminated': [], 'last_removed': []}",1,0,2.8105504512786865,25,,,Pick up the green bottle.,scene_013::Pick up the green bottle.,pick up the green bottle,0,1,0,0,0,1,bottle,scene_013|clear,14,7,0.5,6
trial_20260515_025809_de2855,top_cups_01,main,scene_013,bottle_only,[],Pick up the blue bottle.,clear,top_score,,,,1778781491.185611,/home/haoandong/ask2act/services/a6000_web/artifacts/offline_experiments/top_cups_01/scenes/scene_013/observation.jpg,458b69bd-293c-44af-b206-30db07dafee3,finished,1,0,cand_001,2.975762367248535,1778781494.1614418,correct,,1778781494.1613111,,False,True,Pick up the blue bottle.,1,"{'plausible': ['cand_001'], 'eliminated': [], 'last_removed': []}",1,0,2.975762367248535,24,,,Pick up the blue bottle.,scene_013::Pick up the blue bottle.,pick up the blue bottle,0,1,0,0,0,1,bottle,scene_013|clear,14,7,0.5,3
trial_20260515_025821_f5a721,top_cups_01,main,scene_013,bottle_only,[],Pick up the brown bottle.,clear,top_score,,,,1778781503.1281126,/home/haoandong/ask2act/services/a6000_web/artifacts/offline_experiments/top_cups_01/scenes/scene_013/observation.jpg,4d0abdd9-0a5f-4fec-bedc-c0a09c27170e,finished,1,0,cand_001,9.748383522033691,1778781512.876652,correct,,1778781512.876397,,False,True,Pick up the brown bottle.,1,"{'plausible': ['cand_001'], 'eliminated': [], 'last_removed': []}",1,0,9.748383522033691,25,,,Pick up the brown bottle.,scene_013::Pick up the brown bottle.,pick up the brown bottle,0,0,0,0,0,0,bottle,scene_013|clear,14,7,0.5,1
trial_20260515_025909_d36a5d,top_cups_01,main,scene_013,bottle_only,[],Pick up the right bottle.,clear,top_score,,,,1778781550.6438336,/home/haoandong/ask2act/services/a6000_web/artifacts/offline_experiments/top_cups_01/scenes/scene_013/observation.jpg,d8df47ee-5387-4149-8d7e-0f379898f3c4,finished,1,0,cand_001,4.5899574756622314,1778781555.2338681,correct,,1778781555.2337306,,False,True,Pick up the right bottle.,1,"{'plausible': ['cand_001'], 'eliminated': [], 'last_removed': []}",1,0,4.5899574756622314,25,,,Pick up the right bottle.,scene_013::Pick up the right bottle.,pick up the right bottle,0,0,1,0,0,1,bottle,scene_013|clear,14,7,0.5,1
trial_20260515_025943_277297,top_cups_01,main,scene_013,bottle_only,[],Pick up my bottle.,ambiguous,top_score,,,,1778781584.3935611,/home/haoandong/ask2act/services/a6000_web/artifacts/offline_experiments/top_cups_01/scenes/scene_013/observation.jpg,f52b4fbd-2440-4481-a63f-60d1c343babe,finished,4,0,cand_001,5.559652090072632,1779206424.5578654,wrong,,1778781589.9531398,ambiguity_not_solved,True,True,Pick up my bottle.,4,"{'plausible': ['cand_001'], 'eliminated': ['cand_002', 'cand_003', 'cand_004'], 'last_removed': ['cand_002', 'cand_003', 'cand_004']}",0,0,5.559652090072632,18,,,Pick up my bottle.,scene_013::Pick up my bottle.,pick up my bottle,1,0,0,0,0,1,bottle,scene_013|ambiguous,13,1,0.9230769230769231,13
trial_20260515_030141_c490e8,top_cups_01,main,scene_013,bottle_only,[],Pick up my bottle.,ambiguous,random_candidate,,,,1778781702.3014045,/home/haoandong/ask2act/services/a6000_web/artifacts/offline_experiments/top_cups_01/scenes/scene_013/observation.jpg,60e898cc-2626-4354-9552-a7c23395efca,finished,4,0,cand_004,3.190516948699951,1778781705.491997,correct,,1778781705.4918556,,False,True,Pick up my bottle.,4,"{'plausible': ['cand_004'], 'eliminated': ['cand_001', 'cand_002', 'cand_003'], 'last_removed': ['cand_001', 'cand_002', 'cand_003']}",1,0,3.190516948699951,18,,,Pick up my bottle.,scene_013::Pick up my bottle.,pick up my bottle,1,0,0,0,0,1,bottle,scene_013|ambiguous,13,1,0.9230769230769231,13
trial_20260515_030146_446031,top_cups_01,main,scene_013,bottle_only,[],Pick up my bottle.,ambiguous,random_candidate,,,,1778781707.1011353,/home/haoandong/ask2act/services/a6000_web/artifacts/offline_experiments/top_cups_01/scenes/scene_013/observation.jpg,3e524623-a098-48ad-911c-35a5c929dd23,finished,4,0,cand_002,3.383040428161621,1779206435.0128553,wrong,,1778781710.4840798,ambiguity_not_solved,True,True,Pick up my bottle.,4,"{'plausible': ['cand_002'], 'eliminated': ['cand_001', 'cand_003', 'cand_004'], 'last_removed': ['cand_001', 'cand_003', 'cand_004']}",0,0,3.383040428161621,18,,,Pick up my bottle.,scene_013::Pick up my bottle.,pick up my bottle,1,0,0,0,0,1,bottle,scene_013|ambiguous,13,1,0.9230769230769231,13
trial_20260515_030210_1de595,top_cups_01,main,scene_013,bottle_only,[],Pick up the left bottle.,partial,random_candidate,,,,1778781731.4569712,/home/haoandong/ask2act/services/a6000_web/artifacts/offline_experiments/top_cups_01/scenes/scene_013/observation.jpg,df8d40d2-e2b0-4a94-a82e-8b7dfbe54a2b,finished,1,0,cand_001,3.793551206588745,1778781735.2506883,correct,,1778781735.250425,,False,True,Pick up the left bottle.,1,"{'plausible': ['cand_001'], 'eliminated': [], 'last_removed': []}",1,0,3.793551206588745,24,,,Pick up the left bottle.,scene_013::Pick up the left bottle.,pick up the left bottle,0,0,1,0,0,1,bottle,scene_013|partial,14,5,0.6428571428571428,5
trial_20260515_030219_1e88a7,top_cups_01,main,scene_013,bottle_only,[],Pick up the right bottle.,partial,random_candidate,,,,1778781741.2008407,/home/haoandong/ask2act/services/a6000_web/artifacts/offline_experiments/top_cups_01/scenes/scene_013/observation.jpg,b9a8a47d-92ca-42c7-a4b7-beb2b57bda50,finished,1,0,cand_001,2.5532031059265137,1778781743.7542064,correct,,1778781743.7539432,,False,True,Pick up the right bottle.,1,"{'plausible': ['cand_001'], 'eliminated': [], 'last_removed': []}",1,0,2.5532031059265137,25,,,Pick up the right bottle.,scene_013::Pick up the right bottle.,pick up the right bottle,0,0,1,0,0,1,bottle,scene_013|partial,14,5,0.6428571428571428,6
trial_20260515_030233_f78112,top_cups_01,main,scene_013,bottle_only,[],Pick up the blue bottle.,partial,random_candidate,,,,1778781754.5561295,/home/haoandong/ask2act/services/a6000_web/artifacts/offline_experiments/top_cups_01/scenes/scene_013/observation.jpg,141bacfb-ca62-4e09-aec7-f588560b0ae7,finished,1,0,cand_001,2.562925100326538,1778781757.1191201,correct,,1778781757.118998,,False,True,Pick up the blue bottle.,1,"{'plausible': ['cand_001'], 'eliminated': [], 'last_removed': []}",1,0,2.562925100326538,24,,,Pick up the blue bottle.,scene_013::Pick up the blue bottle.,pick up the blue bottle,0,1,0,0,0,1,bottle,scene_013|partial,14,5,0.6428571428571428,1
trial_20260515_030244_efa749,top_cups_01,main,scene_013,bottle_only,[],Pick up the green bottle.,partial,random_candidate,,,,1778781765.8982012,/home/haoandong/ask2act/services/a6000_web/artifacts/offline_experiments/top_cups_01/scenes/scene_013/observation.jpg,7edb4e4f-4352-4c36-b549-2a69f4d4ef96,finished,1,0,cand_001,2.564732074737549,1778781768.4630914,correct,,1778781768.4628437,,False,True,Pick up the green bottle.,1,"{'plausible': ['cand_001'], 'eliminated': [], 'last_removed': []}",1,0,2.564732074737549,25,,,Pick up the green bottle.,scene_013::Pick up the green bottle.,pick up the green bottle,0,1,0,0,0,1,bottle,scene_013|partial,14,5,0.6428571428571428,1
trial_20260515_030308_c66bb2,top_cups_01,main,scene_013,bottle_only,[],Pick up the green bottle.,clear,vlm_direct,,,,1778781789.348126,/home/haoandong/ask2act/services/a6000_web/artifacts/offline_experiments/top_cups_01/scenes/scene_013/observation.jpg,0dd8dd55-7d47-4788-bd38-73955220ae14,finished,1,0,cand_001,1.7757673263549805,1778781791.1239429,correct,,1778781791.123839,,False,True,Pick up the green bottle.,1,"{'plausible': ['cand_001'], 'eliminated': [], 'last_removed': []}",1,0,1.7757673263549805,25,,,Pick up the green bottle.,scene_013::Pick up the green bottle.,pick up the green bottle,0,1,0,0,0,1,bottle,scene_013|clear,14,7,0.5,6
trial_20260515_030317_c695f6,top_cups_01,main,scene_013,bottle_only,[],Pick up the bottom bottle.,clear,vlm_direct,,,,1778781798.4332974,/home/haoandong/ask2act/services/a6000_web/artifacts/offline_experiments/top_cups_01/scenes/scene_013/observation.jpg,5cc90897-d2ae-4e42-bd4d-f094e8a005c3,finished,1,0,cand_001,3.1357460021972656,1778781801.5691907,correct,,1778781801.5689425,,False,True,Pick up the bottom bottle.,1,"{'plausible': ['cand_001'], 'eliminated': [], 'last_removed': []}",1,0,3.1357460021972656,26,,,Pick up the bottom bottle.,scene_013::Pick up the bottom bottle.,pick up the bottom bottle,0,0,1,0,0,1,bottle,scene_013|clear,14,7,0.5,1
trial_20260515_030329_f3aff8,top_cups_01,main,scene_013,bottle_only,[],Pick up the right bottle.,partial,vlm_direct,,,,1778781810.8723938,/home/haoandong/ask2act/services/a6000_web/artifacts/offline_experiments/top_cups_01/scenes/scene_013/observation.jpg,9f1ec79e-747d-4147-91ed-dbe6702f5ba4,finished,1,0,cand_001,4.930463075637817,1778781815.8029058,correct,,1778781815.8028078,,False,True,Pick up the right bottle.,1,"{'plausible': ['cand_001'], 'eliminated': [], 'last_removed': []}",1,0,4.930463075637817,25,,,Pick up the right bottle.,scene_013::Pick up the right bottle.,pick up the right bottle,0,0,1,0,0,1,bottle,scene_013|partial,14,5,0.6428571428571428,6
trial_20260515_030342_ad6678,top_cups_01,main,scene_013,bottle_only,[],Pick up the left bottle.,partial,vlm_direct,,,,1778781823.8600392,/home/haoandong/ask2act/services/a6000_web/artifacts/offline_experiments/top_cups_01/scenes/scene_013/observation.jpg,1ada5f0b-0b38-49a3-9df4-62e58a1581f0,finished,1,0,cand_001,3.7105886936187744,1778781827.570839,correct,,1778781827.5705142,,False,True,Pick up the left bottle.,1,"{'plausible': ['cand_001'], 'eliminated': [], 'last_removed': []}",1,0,3.7105886936187744,24,,,Pick up the left bottle.,scene_013::Pick up the left bottle.,pick up the left bottle,0,0,1,0,0,1,bottle,scene_013|partial,14,5,0.6428571428571428,5
trial_20260515_030354_c940c6,top_cups_01,main,scene_013,bottle_only,[],Pick up my bottle.,ambiguous,vlm_direct,,,,1778781835.2220716,/home/haoandong/ask2act/services/a6000_web/artifacts/offline_experiments/top_cups_01/scenes/scene_013/observation.jpg,bb0514f6-3790-4ebf-83f1-23946e726c48,finished,4,0,cand_001,75.44907593727112,1779206447.4006228,wrong,,1778781910.6709936,wrong_object_selected,True,True,Pick up my bottle.,4,"{'plausible': ['cand_001'], 'eliminated': ['cand_002', 'cand_003', 'cand_004'], 'last_removed': ['cand_002', 'cand_003', 'cand_004']}",0,0,75.44907593727112,18,,,Pick up my bottle.,scene_013::Pick up my bottle.,pick up my bottle,1,0,0,0,0,1,bottle,scene_013|ambiguous,13,1,0.9230769230769231,13
trial_20260515_030511_a0da19,top_cups_01,main,scene_013,bottle_only,[],Pick up my bottle.,ambiguous,vlm_direct,,,,1778781912.6363978,/home/haoandong/ask2act/services/a6000_web/artifacts/offline_experiments/top_cups_01/scenes/scene_013/observation.jpg,a2ec76e5-e689-4021-8074-38549b8e25c9,finished,4,0,cand_001,85.24695706367493,1778781997.8835766,correct,,1778781997.883189,,False,True,Pick up my bottle.,4,"{'plausible': ['cand_001'], 'eliminated': ['cand_002', 'cand_003', 'cand_004'], 'last_removed': ['cand_002', 'cand_003', 'cand_004']}",1,0,85.24695706367493,18,,,Pick up my bottle.,scene_013::Pick up my bottle.,pick up my bottle,1,0,0,0,0,1,bottle,scene_013|ambiguous,13,1,0.9230769230769231,13
trial_20260515_030654_551128,top_cups_01,main,scene_013,bottle_only,[],Pick up my bottle.,ambiguous,first_question,,,,1778782015.6600568,/home/haoandong/ask2act/services/a6000_web/artifacts/offline_experiments/top_cups_01/scenes/scene_013/observation.jpg,d6c17bb9-16bd-4b0e-8fbe-f3e294db1e47,finished,4,1,cand_004,78.28204822540283,1778782093.9422586,correct,,1778782093.941983,,False,True,Pick up my bottle.,4,"{'plausible': ['cand_004'], 'eliminated': ['cand_001', 'cand_002', 'cand_003'], 'last_removed': ['cand_001', 'cand_002', 'cand_003']}",1,1,78.28204822540283,18,,,Pick up my bottle.,scene_013::Pick up my bottle.,pick up my bottle,1,0,0,0,0,1,bottle,scene_013|ambiguous,13,1,0.9230769230769231,13
trial_20260515_030815_7070d2,top_cups_01,main,scene_013,bottle_only,[],Pick up my bottle.,ambiguous,first_question,,,,1778782095.9279833,/home/haoandong/ask2act/services/a6000_web/artifacts/offline_experiments/top_cups_01/scenes/scene_013/observation.jpg,fc23f125-7062-43df-8bdb-002846dbca44,finished,4,3,cand_003,135.52084255218506,1778782231.4490438,correct,,1778782231.4486587,,False,True,Pick up my bottle.,4,"{'plausible': ['cand_003'], 'eliminated': ['cand_001', 'cand_002', 'cand_004'], 'last_removed': ['cand_002']}",1,3,135.52084255218506,18,,,Pick up my bottle.,scene_013::Pick up my bottle.,pick up my bottle,1,0,0,0,0,1,bottle,scene_013|ambiguous,13,1,0.9230769230769231,13
trial_20260515_031040_ef9487,top_cups_01,main,scene_013,bottle_only,[],Pick up the left bottle.,partial,first_question,,,,1778782241.2096996,/home/haoandong/ask2act/services/a6000_web/artifacts/offline_experiments/top_cups_01/scenes/scene_013/observation.jpg,0877cfe5-6e71-4349-87f9-4bee1b21ac9c,finished,1,0,cand_001,59.76658821105957,1778782300.976437,correct,,1778782300.9761949,,False,True,Pick up the left bottle.,1,"{'plausible': ['cand_001'], 'eliminated': [], 'last_removed': []}",1,0,59.76658821105957,24,,,Pick up the left bottle.,scene_013::Pick up the left bottle.,pick up the left bottle,0,0,1,0,0,1,bottle,scene_013|partial,14,5,0.6428571428571428,5
trial_20260515_031147_bb5869,top_cups_01,main,scene_013,bottle_only,[],Pick up the right bottle.,partial,first_question,,,,1778782309.0556648,/home/haoandong/ask2act/services/a6000_web/artifacts/offline_experiments/top_cups_01/scenes/scene_013/observation.jpg,78618335-f6d3-4d9c-b03f-7abdf66f65e7,finished,1,1,cand_001,69.55037522315979,1778782378.6061285,correct,,1778782378.6059709,,False,True,Pick up the right bottle.,1,"{'plausible': ['cand_001'], 'eliminated': [], 'last_removed': []}",1,1,69.55037522315979,25,,,Pick up the right bottle.,scene_013::Pick up the right bottle.,pick up the right bottle,0,0,1,0,0,1,bottle,scene_013|partial,14,5,0.6428571428571428,6
trial_20260515_031311_9e08e7,top_cups_01,main,scene_013,bottle_only,[],Pick up the green bottle.,clear,first_question,,,,1778782392.7927535,/home/haoandong/ask2act/services/a6000_web/artifacts/offline_experiments/top_cups_01/scenes/scene_013/observation.jpg,145893a8-687c-4889-8afc-04c82d6b959a,finished,1,0,cand_001,2.716503620147705,1778782395.5093915,correct,,1778782395.5091643,,False,True,Pick up the green bottle.,1,"{'plausible': ['cand_001'], 'eliminated': [], 'last_removed': []}",1,0,2.716503620147705,25,,,Pick up the green bottle.,scene_013::Pick up the green bottle.,pick up the green bottle,0,1,0,0,0,1,bottle,scene_013|clear,14,7,0.5,6
trial_20260515_031321_4b7362,top_cups_01,main,scene_013,bottle_only,[],Pick up the top bottle.,clear,first_question,,,,1778782403.1687207,/home/haoandong/ask2act/services/a6000_web/artifacts/offline_experiments/top_cups_01/scenes/scene_013/observation.jpg,8a8fb578-7d27-4d6f-a69e-54ffd7f4600e,finished,1,0,cand_001,2.8991944789886475,1778782406.0680523,correct,,1778782406.0678272,,False,True,Pick up the top bottle.,1,"{'plausible': ['cand_001'], 'eliminated': [], 'last_removed': []}",1,0,2.8991944789886475,23,,,Pick up the top bottle.,scene_013::Pick up the top bottle.,pick up the top bottle,0,0,1,0,0,1,bottle,scene_013|clear,14,7,0.5,1
trial_20260515_031339_542691,top_cups_01,main,scene_013,bottle_only,[],Pick up the green bottle.,clear,random_question,,,,1778782420.658572,/home/haoandong/ask2act/services/a6000_web/artifacts/offline_experiments/top_cups_01/scenes/scene_013/observation.jpg,c89263ab-3ccf-424a-85f7-e16a14e37777,finished,1,0,cand_001,4.053227663040161,1778782424.7118635,correct,,1778782424.711741,,False,True,Pick up the green bottle.,1,"{'plausible': ['cand_001'], 'eliminated': [], 'last_removed': []}",1,0,4.053227663040161,25,,,Pick up the green bottle.,scene_013::Pick up the green bottle.,pick up the green bottle,0,1,0,0,0,1,bottle,scene_013|clear,14,7,0.5,6
trial_20260515_031353_49a298,top_cups_01,main,scene_013,bottle_only,[],Pick up the left bottle.,partial,random_question,,,,1778782433.8888154,/home/haoandong/ask2act/services/a6000_web/artifacts/offline_experiments/top_cups_01/scenes/scene_013/observation.jpg,2a8fb1f2-8767-4720-9036-93e1cf26373d,finished,1,0,cand_001,138.72543454170227,1778782572.614447,correct,,1778782572.614134,,False,True,Pick up the left bottle.,1,"{'plausible': ['cand_001'], 'eliminated': [], 'last_removed': []}",1,0,138.72543454170227,24,,,Pick up the left bottle.,scene_013::Pick up the left bottle.,pick up the left bottle,0,0,1,0,0,1,bottle,scene_013|partial,14,5,0.6428571428571428,5
trial_20260515_031701_0cb219,top_cups_01,main,scene_013,bottle_only,[],Pick up the right bottle.,partial,random_question,,,,1778782622.2356327,/home/haoandong/ask2act/services/a6000_web/artifacts/offline_experiments/top_cups_01/scenes/scene_013/observation.jpg,a3a3d46f-797d-4111-a29c-e426bdb262f5,finished,1,1,cand_001,54.86167931556702,1778782677.0973778,correct,,1778782677.0972457,,False,True,Pick up the right bottle.,1,"{'plausible': ['cand_001'], 'eliminated': [], 'last_removed': []}",1,1,54.86167931556702,25,,,Pick up the right bottle.,scene_013::Pick up the right bottle.,pick up the right bottle,0,0,1,0,0,1,bottle,scene_013|partial,14,5,0.6428571428571428,6
trial_20260515_031811_ea5888,top_cups_01,main,scene_013,bottle_only,[],Pick up my bottle.,ambiguous,random_question,,,,1778782692.2752843,/home/haoandong/ask2act/services/a6000_web/artifacts/offline_experiments/top_cups_01/scenes/scene_013/observation.jpg,97361994-7650-4f21-b935-ac935df16b8f,finished,4,3,cand_001,159.25809001922607,1778782851.5334454,correct,,1778782851.5332854,,False,True,Pick up my bottle.,4,"{'plausible': ['cand_001'], 'eliminated': ['cand_002', 'cand_003', 'cand_004'], 'last_removed': ['cand_004']}",1,3,159.25809001922607,18,,,Pick up my bottle.,scene_013::Pick up my bottle.,pick up my bottle,1,0,0,0,0,1,bottle,scene_013|ambiguous,13,1,0.9230769230769231,13
trial_20260515_032052_58b730,top_cups_01,main,scene_013,bottle_only,[],Pick up my bottle.,ambiguous,random_question,,,,1778782853.4800277,/home/haoandong/ask2act/services/a6000_web/artifacts/offline_experiments/top_cups_01/scenes/scene_013/observation.jpg,9c8e196d-bdac-43e6-bdd9-33c4cb0b54ca,finished,4,2,cand_003,101.64342427253723,1778782955.1235266,correct,,1778782955.123368,,False,True,Pick up my bottle.,4,"{'plausible': ['cand_003'], 'eliminated': ['cand_001', 'cand_002', 'cand_004'], 'last_removed': ['cand_001', 'cand_002']}",1,2,101.64342427253723,18,,,Pick up my bottle.,scene_013::Pick up my bottle.,pick up my bottle,1,0,0,0,0,1,bottle,scene_013|ambiguous,13,1,0.9230769230769231,13
trial_20260515_032316_b2c951,top_cups_01,main,scene_013,bottle_only,[],Pick up my bottle.,ambiguous,vlm_best_question,,,,1778782997.7994323,/home/haoandong/ask2act/services/a6000_web/artifacts/offline_experiments/top_cups_01/scenes/scene_013/observation.jpg,b90afaa4-b0d9-4850-ad35-e674986035d8,finished,4,2,cand_004,83.30591344833374,1778783081.1054988,correct,,1778783081.1052153,,False,True,Pick up my bottle.,4,"{'plausible': ['cand_004'], 'eliminated': ['cand_001', 'cand_002', 'cand_003'], 'last_removed': ['cand_002', 'cand_003']}",1,2,83.30591344833374,18,,,Pick up my bottle.,scene_013::Pick up my bottle.,pick up my bottle,1,0,0,0,0,1,bottle,scene_013|ambiguous,13,1,0.9230769230769231,13
trial_20260515_032442_7e0dd5,top_cups_01,main,scene_013,bottle_only,[],Pick up my bottle.,ambiguous,vlm_best_question,,,,1778783082.9870746,/home/haoandong/ask2act/services/a6000_web/artifacts/offline_experiments/top_cups_01/scenes/scene_013/observation.jpg,e57dadbf-8ba4-4e29-aee6-b7ea3b8824b4,finished,4,3,cand_003,78.61287903785706,1778783161.60017,correct,,1778783161.5997903,,False,True,Pick up my bottle.,4,"{'plausible': ['cand_003'], 'eliminated': ['cand_001', 'cand_002', 'cand_004'], 'last_removed': ['cand_002']}",1,3,78.61287903785706,18,,,Pick up my bottle.,scene_013::Pick up my bottle.,pick up my bottle,1,0,0,0,0,1,bottle,scene_013|ambiguous,13,1,0.9230769230769231,13
trial_20260515_032627_124d5f,top_cups_01,main,scene_013,bottle_only,[],Pick up left bottle.,partial,vlm_best_question,,,,1778783188.7684045,/home/haoandong/ask2act/services/a6000_web/artifacts/offline_experiments/top_cups_01/scenes/scene_013/observation.jpg,5d2faefd-e059-4d2b-9a92-30cf48a1495f,finished,1,1,cand_001,70.87542057037354,1778783259.6439025,correct,,1778783259.643747,,False,True,Pick up left bottle.,1,"{'plausible': ['cand_001'], 'eliminated': [], 'last_removed': []}",1,1,70.87542057037354,20,,,Pick up left bottle.,scene_013::Pick up left bottle.,pick up left bottle,0,0,1,0,0,1,bottle,scene_013|partial,14,5,0.6428571428571428,1
trial_20260515_032750_fd8f7c,top_cups_01,main,scene_013,bottle_only,[],Pick up the right bottle.,partial,vlm_best_question,,,,1778783271.874871,/home/haoandong/ask2act/services/a6000_web/artifacts/offline_experiments/top_cups_01/scenes/scene_013/observation.jpg,a2c51b09-8c98-4bcf-88c0-8ce2e684c09b,finished,1,0,cand_001,18.35584259033203,1778783290.230837,correct,,1778783290.2306278,,False,True,Pick up the right bottle.,1,"{'plausible': ['cand_001'], 'eliminated': [], 'last_removed': []}",1,0,18.35584259033203,25,,,Pick up the right bottle.,scene_013::Pick up the right bottle.,pick up the right bottle,0,0,1,0,0,1,bottle,scene_013|partial,14,5,0.6428571428571428,6
trial_20260515_032819_9afbac,top_cups_01,main,scene_013,bottle_only,[],Pick up the green bottle.,clear,vlm_best_question,,,,1778783300.5948367,/home/haoandong/ask2act/services/a6000_web/artifacts/offline_experiments/top_cups_01/scenes/scene_013/observation.jpg,289a77e3-562d-40db-94b8-55a236b1bfa0,finished,1,0,cand_001,2.3527870178222656,1778783302.9477155,correct,,1778783302.9475508,,False,True,Pick up the green bottle.,1,"{'plausible': ['cand_001'], 'eliminated': [], 'last_removed': []}",1,0,2.3527870178222656,25,,,Pick up the green bottle.,scene_013::Pick up the green bottle.,pick up the green bottle,0,1,0,0,0,1,bottle,scene_013|clear,14,7,0.5,6
trial_20260515_032827_8f3714,top_cups_01,main,scene_013,bottle_only,[],Pick up the blue bottle.,clear,vlm_best_question,,,,1778783308.7366154,/home/haoandong/ask2act/services/a6000_web/artifacts/offline_experiments/top_cups_01/scenes/scene_013/observation.jpg,0274f785-686f-45ad-bbad-88a40682c684,finished,1,0,cand_001,1.683652400970459,1778783310.4204,correct,,1778783310.420178,,False,True,Pick up the blue bottle.,1,"{'plausible': ['cand_001'], 'eliminated': [], 'last_removed': []}",1,0,1.683652400970459,24,,,Pick up the blue bottle.,scene_013::Pick up the blue bottle.,pick up the blue bottle,0,1,0,0,0,1,bottle,scene_013|clear,14,7,0.5,3
trial_20260515_032834_8f89b5,top_cups_01,main,scene_013,bottle_only,[],Pick up the blue bottle.,clear,proposed_efe,,,,1778783315.589738,/home/haoandong/ask2act/services/a6000_web/artifacts/offline_experiments/top_cups_01/scenes/scene_013/observation.jpg,8e0b49d0-e7ec-4515-8322-ef01d837ca3f,finished,1,0,cand_001,8.421828031539917,1778783324.01171,correct,,1778783324.0114713,,False,True,Pick up the blue bottle.,1,"{'plausible': ['cand_001'], 'eliminated': [], 'last_removed': []}",1,0,8.421828031539917,24,,,Pick up the blue bottle.,scene_013::Pick up the blue bottle.,pick up the blue bottle,0,1,0,0,0,1,bottle,scene_013|clear,14,7,0.5,3
trial_20260515_032850_18a17f,top_cups_01,main,scene_013,bottle_only,[],Pick up the green bottle.,clear,proposed_efe,,,,1778783331.4296882,/home/haoandong/ask2act/services/a6000_web/artifacts/offline_experiments/top_cups_01/scenes/scene_013/observation.jpg,0ec47ded-2881-4cfa-b75f-e3d677c1cb6b,finished,1,0,cand_001,1.817176103591919,1778783333.24702,correct,,1778783333.246772,,False,True,Pick up the green bottle.,1,"{'plausible': ['cand_001'], 'eliminated': [], 'last_removed': []}",1,0,1.817176103591919,25,,,Pick up the green bottle.,scene_013::Pick up the green bottle.,pick up the green bottle,0,1,0,0,0,1,bottle,scene_013|clear,14,7,0.5,6
trial_20260515_032901_5f284d,top_cups_01,main,scene_013,bottle_only,[],Pick up the left bottle.,partial,proposed_efe,,,,1778783342.7033641,/home/haoandong/ask2act/services/a6000_web/artifacts/offline_experiments/top_cups_01/scenes/scene_013/observation.jpg,e42f1990-2586-40c9-a485-304b288162ce,finished,1,1,cand_001,82.07059717178345,1778783424.774159,correct,,1778783424.773833,,False,True,Pick up the left bottle.,1,"{'plausible': ['cand_001'], 'eliminated': [], 'last_removed': []}",1,1,82.07059717178345,24,,,Pick up the left bottle.,scene_013::Pick up the left bottle.,pick up the left bottle,0,0,1,0,0,1,bottle,scene_013|partial,14,5,0.6428571428571428,5
trial_20260515_033035_d25d3e,top_cups_01,main,scene_013,bottle_only,[],Pick up the right bottle.,partial,proposed_efe,,,,1778783436.7438772,/home/haoandong/ask2act/services/a6000_web/artifacts/offline_experiments/top_cups_01/scenes/scene_013/observation.jpg,2c92a14e-8361-4af1-bb86-38a8c9fa3cb4,finished,1,1,cand_001,116.26792621612549,1778783553.0120153,correct,,1778783553.011662,,False,True,Pick up the right bottle.,1,"{'plausible': ['cand_001'], 'eliminated': [], 'last_removed': []}",1,1,116.26792621612549,25,,,Pick up the right bottle.,scene_013::Pick up the right bottle.,pick up the right bottle,0,0,1,0,0,1,bottle,scene_013|partial,14,5,0.6428571428571428,6
trial_20260515_033246_3aea0a,top_cups_01,main,scene_013,bottle_only,[],Pick up my bottle.,ambiguous,proposed_efe,,,,1778783567.7549107,/home/haoandong/ask2act/services/a6000_web/artifacts/offline_experiments/top_cups_01/scenes/scene_013/observation.jpg,4c39ec73-ae5c-457d-a7e7-3c8a5244dc0e,finished,4,1,cand_004,65.61916923522949,1778783633.3741612,correct,,1778783633.3740036,,False,True,Pick up my bottle.,4,"{'plausible': ['cand_004'], 'eliminated': ['cand_001', 'cand_002', 'cand_003'], 'last_removed': ['cand_001', 'cand_002', 'cand_003']}",1,1,65.61916923522949,18,,,Pick up my bottle.,scene_013::Pick up my bottle.,pick up my bottle,1,0,0,0,0,1,bottle,scene_013|ambiguous,13,1,0.9230769230769231,13
trial_20260515_033354_cfe3e2,top_cups_01,main,scene_013,bottle_only,[],Pick up my bottle.,ambiguous,proposed_efe,,,,1778783634.9867308,/home/haoandong/ask2act/services/a6000_web/artifacts/offline_experiments/top_cups_01/scenes/scene_013/observation.jpg,76887a92-f439-4107-9089-d6a02f9630e8,finished,4,3,cand_003,144.48623967170715,1778783779.473087,correct,,1778783779.4728663,,False,True,Pick up my bottle.,4,"{'plausible': ['cand_003'], 'eliminated': ['cand_001', 'cand_002', 'cand_004'], 'last_removed': ['cand_001']}",1,3,144.48623967170715,18,,,Pick up my bottle.,scene_013::Pick up my bottle.,pick up my bottle,1,0,0,0,0,1,bottle,scene_013|ambiguous,13,1,0.9230769230769231,13
trial_20260515_214032_d3f2c8,top_cups_01,main,scene_014,bottle_only,[],Pick up the green bottle.,clear,top_score,,,,1778848842.3753393,/home/haoandong/ask2act/services/a6000_web/artifacts/offline_experiments/top_cups_01/scenes/scene_014/observation.jpg,7cfae23c-da3b-463e-a7bf-cf64fe9f1694,finished,1,0,cand_001,3.8806204795837402,1778848846.256035,correct,,1778848846.2558966,,False,True,Pick up the green bottle.,1,"{'plausible': ['cand_001'], 'eliminated': [], 'last_removed': []}",1,0,3.8806204795837402,25,,,Pick up the green bottle.,scene_014::Pick up the green bottle.,pick up the green bottle,0,1,0,0,0,1,bottle,scene_014|clear,13,6,0.5384615384615384,3
trial_20260515_214053_eb6a41,top_cups_01,main,scene_014,bottle_only,[],Pick up the red bottle.,clear,top_score,,,,1778848854.8807333,/home/haoandong/ask2act/services/a6000_web/artifacts/offline_experiments/top_cups_01/scenes/scene_014/observation.jpg,d2760d4d-0506-47ed-8d4d-d8e26256e455,finished,1,0,cand_001,2.959974527359009,1778848857.8408248,correct,,1778848857.8406327,,False,True,Pick up the red bottle.,1,"{'plausible': ['cand_001'], 'eliminated': [], 'last_removed': []}",1,0,2.959974527359009,23,,,Pick up the red bottle.,scene_014::Pick up the red bottle.,pick up the red bottle,0,1,0,0,0,1,bottle,scene_014|clear,13,6,0.5384615384615384,3
trial_20260515_214214_329057,top_cups_01,main,scene_014,bottle_only,[],Pick up the left bottle.,partial,top_score,,,,1778848935.9150507,/home/haoandong/ask2act/services/a6000_web/artifacts/offline_experiments/top_cups_01/scenes/scene_014/observation.jpg,2b00f707-cc8a-4da6-b111-864b3bd716a6,finished,2,0,cand_001,4.611601114273071,1779206750.0508714,wrong,,1778848940.526589,ambiguity_not_solved,True,True,Pick up the left bottle.,2,"{'plausible': ['cand_001'], 'eliminated': ['cand_002'], 'last_removed': ['cand_002']}",0,0,4.611601114273071,24,,,Pick up the left bottle.,scene_014::Pick up the left bottle.,pick up the left bottle,0,0,1,0,0,1,bottle,scene_014|partial,12,2,0.8333333333333334,7
trial_20260515_214257_6ca6ee,top_cups_01,main,scene_014,bottle_only,[],Pick up my bottle.,ambiguous,top_score,,,,1778848978.3160775,/home/haoandong/ask2act/services/a6000_web/artifacts/offline_experiments/top_cups_01/scenes/scene_014/observation.jpg,2e038d76-bdb1-4ce8-b04c-dc0bef544eb1,finished,4,0,cand_001,1.9884438514709473,1778848980.3045812,correct,,1778848980.3044577,,False,True,Pick up my bottle.,4,"{'plausible': ['cand_001'], 'eliminated': ['cand_002', 'cand_003', 'cand_004'], 'last_removed': ['cand_002', 'cand_003', 'cand_004']}",1,0,1.9884438514709473,18,,,Pick up my bottle.,scene_014::Pick up my bottle.,pick up my bottle,1,0,0,0,0,1,bottle,scene_014|ambiguous,14,1,0.9285714285714286,14
trial_20260515_214300_f3be80,top_cups_01,main,scene_014,bottle_only,[],Pick up my bottle.,ambiguous,top_score,,,,1778848981.8502731,/home/haoandong/ask2act/services/a6000_web/artifacts/offline_experiments/top_cups_01/scenes/scene_014/observation.jpg,3e8855cc-d7ba-48c7-8bbb-16ca6538c4ad,finished,4,0,cand_001,2.2766199111938477,1779206743.9716418,wrong,,1778848984.1268206,ambiguity_not_solved,True,True,Pick up my bottle.,4,"{'plausible': ['cand_001'], 'eliminated': ['cand_002', 'cand_003', 'cand_004'], 'last_removed': ['cand_002', 'cand_003', 'cand_004']}",0,0,2.2766199111938477,18,,,Pick up my bottle.,scene_014::Pick up my bottle.,pick up my bottle,1,0,0,0,0,1,bottle,scene_014|ambiguous,14,1,0.9285714285714286,14
trial_20260515_214310_fa1cc4,top_cups_01,main,scene_014,bottle_only,[],Pick up my bottle.,ambiguous,random_candidate,,,,1778848991.0695415,/home/haoandong/ask2act/services/a6000_web/artifacts/offline_experiments/top_cups_01/scenes/scene_014/observation.jpg,38528654-8d36-4cef-ae08-068968fdb580,finished,4,0,cand_002,3.7392737865448,1779206740.6954622,wrong,,1778848994.8087606,ambiguity_not_solved,True,True,Pick up my bottle.,4,"{'plausible': ['cand_002'], 'eliminated': ['cand_001', 'cand_003', 'cand_004'], 'last_removed': ['cand_001', 'cand_003', 'cand_004']}",0,0,3.7392737865448,18,,,Pick up my bottle.,scene_014::Pick up my bottle.,pick up my bottle,1,0,0,0,0,1,bottle,scene_014|ambiguous,14,1,0.9285714285714286,14
trial_20260515_214319_8197d7,top_cups_01,main,scene_014,bottle_only,[],Pick up my bottle.,ambiguous,random_candidate,,,,1778849000.1354423,/home/haoandong/ask2act/services/a6000_web/artifacts/offline_experiments/top_cups_01/scenes/scene_014/observation.jpg,3664870f-e220-4049-aad1-523718a3b5e6,finished,4,0,cand_001,3.192617416381836,1779206737.8041503,wrong,,1778849003.3279896,ambiguity_not_solved,True,True,Pick up my bottle.,4,"{'plausible': ['cand_001'], 'eliminated': ['cand_002', 'cand_003', 'cand_004'], 'last_removed': ['cand_002', 'cand_003', 'cand_004']}",0,0,3.192617416381836,18,,,Pick up my bottle.,scene_014::Pick up my bottle.,pick up my bottle,1,0,0,0,0,1,bottle,scene_014|ambiguous,14,1,0.9285714285714286,14
trial_20260515_214334_188190,top_cups_01,main,scene_014,bottle_only,[],Pick up the left bottle.,partial,random_candidate,,,,1778849015.9811852,/home/haoandong/ask2act/services/a6000_web/artifacts/offline_experiments/top_cups_01/scenes/scene_014/observation.jpg,69531ec5-ba9f-4824-9b3f-f5e01f9bc669,finished,2,0,cand_002,5.502527713775635,1778849021.483789,correct,,1778849021.483651,,False,True,Pick up the left bottle.,2,"{'plausible': ['cand_002'], 'eliminated': ['cand_001'], 'last_removed': ['cand_001']}",1,0,5.502527713775635,24,,,Pick up the left bottle.,scene_014::Pick up the left bottle.,pick up the left bottle,0,0,1,0,0,1,bottle,scene_014|partial,12,2,0.8333333333333334,7
trial_20260515_214347_4dc2c9,top_cups_01,main,scene_014,bottle_only,[],Pick up the right bottle.,partial,random_candidate,,,,1778849028.3555574,/home/haoandong/ask2act/services/a6000_web/artifacts/offline_experiments/top_cups_01/scenes/scene_014/observation.jpg,8a440a84-c911-4e53-a101-5ebc64327b1d,finished,1,0,cand_001,2.4027671813964844,1778849030.7584062,correct,,1778849030.7582598,,False,True,Pick up the right bottle.,1,"{'plausible': ['cand_001'], 'eliminated': [], 'last_removed': []}",1,0,2.4027671813964844,25,,,Pick up the right bottle.,scene_014::Pick up the right bottle.,pick up the right bottle,0,0,1,0,0,1,bottle,scene_014|partial,12,2,0.8333333333333334,5
trial_20260515_214412_2baaa0,top_cups_01,main,scene_014,bottle_only,[],Pick up the black bottle.,clear,random_candidate,,,,1778849053.626827,/home/haoandong/ask2act/services/a6000_web/artifacts/offline_experiments/top_cups_01/scenes/scene_014/observation.jpg,1321c765-3ada-482a-af37-a3b225258771,finished,1,0,cand_001,4.175769567489624,1778849057.8026607,correct,,1778849057.8025446,,False,True,Pick up the black bottle.,1,"{'plausible': ['cand_001'], 'eliminated': [], 'last_removed': []}",1,0,4.175769567489624,25,,,Pick up the black bottle.,scene_014::Pick up the black bottle.,pick up the black bottle,0,1,0,0,0,1,bottle,scene_014|clear,13,6,0.5384615384615384,2
trial_20260515_214423_eb0ad4,top_cups_01,main,scene_014,bottle_only,[],Pick up the tall bottle.,clear,random_candidate,,,,1778849064.3209445,/home/haoandong/ask2act/services/a6000_web/artifacts/offline_experiments/top_cups_01/scenes/scene_014/observation.jpg,201f8942-c7d8-4c74-b672-0fdddd5129e0,finished,1,0,cand_001,4.418861627578735,1778849068.739931,correct,,1778849068.7397401,,False,True,Pick up the tall bottle.,1,"{'plausible': ['cand_001'], 'eliminated': [], 'last_removed': []}",1,0,4.418861627578735,24,,,Pick up the tall bottle.,scene_014::Pick up the tall bottle.,pick up the tall bottle,0,0,0,0,1,1,bottle,scene_014|clear,13,6,0.5384615384615384,3
trial_20260515_214434_4bb50c,top_cups_01,main,scene_014,bottle_only,[],Pick up the tall bottle.,clear,vlm_direct,,,,1778849076.013494,/home/haoandong/ask2act/services/a6000_web/artifacts/offline_experiments/top_cups_01/scenes/scene_014/observation.jpg,a6dd00e1-324f-4243-ac93-e98378bcedd8,finished,1,0,cand_001,1.9477744102478027,1778849077.9613307,correct,,1778849077.9612083,,False,True,Pick up the tall bottle.,1,"{'plausible': ['cand_001'], 'eliminated': [], 'last_removed': []}",1,0,1.9477744102478027,24,,,Pick up the tall bottle.,scene_014::Pick up the tall bottle.,pick up the tall bottle,0,0,0,0,1,1,bottle,scene_014|clear,13,6,0.5384615384615384,3
trial_20260515_214442_75e7a3,top_cups_01,main,scene_014,bottle_only,[],Pick up the red bottle.,clear,vlm_direct,,,,1778849084.2122846,/home/haoandong/ask2act/services/a6000_web/artifacts/offline_experiments/top_cups_01/scenes/scene_014/observation.jpg,753ad8b8-4cee-4037-adc9-0947fd77194e,finished,1,0,cand_001,2.607081890106201,1778849086.8194184,correct,,1778849086.819321,,False,True,Pick up the red bottle.,1,"{'plausible': ['cand_001'], 'eliminated': [], 'last_removed': []}",1,0,2.607081890106201,23,,,Pick up the red bottle.,scene_014::Pick up the red bottle.,pick up the red bottle,0,1,0,0,0,1,bottle,scene_014|clear,13,6,0.5384615384615384,3
trial_20260515_214454_6776ba,top_cups_01,main,scene_014,bottle_only,[],Pick up the right bottle.,partial,vlm_direct,,,,1778849095.9704244,/home/haoandong/ask2act/services/a6000_web/artifacts/offline_experiments/top_cups_01/scenes/scene_014/observation.jpg,e3a975b5-884f-40d2-9bcc-3e2b27aedb30,finished,1,0,cand_001,5.059552907943726,1778849101.030184,correct,,1778849101.0298584,,False,True,Pick up the right bottle.,1,"{'plausible': ['cand_001'], 'eliminated': [], 'last_removed': []}",1,0,5.059552907943726,25,,,Pick up the right bottle.,scene_014::Pick up the right bottle.,pick up the right bottle,0,0,1,0,0,1,bottle,scene_014|partial,12,2,0.8333333333333334,5
trial_20260515_214508_42cac3,top_cups_01,main,scene_014,bottle_only,[],Pick up the left bottle.,partial,vlm_direct,,,,1778849110.1405792,/home/haoandong/ask2act/services/a6000_web/artifacts/offline_experiments/top_cups_01/scenes/scene_014/observation.jpg,4ccc30a4-db8a-4b63-a1c8-37e87914a787,finished,2,0,cand_001,69.80244588851929,1778849179.943101,correct,,1778849179.9429536,,False,True,Pick up the left bottle.,2,"{'plausible': ['cand_001'], 'eliminated': ['cand_002'], 'last_removed': ['cand_002']}",1,0,69.80244588851929,24,,,Pick up the left bottle.,scene_014::Pick up the left bottle.,pick up the left bottle,0,0,1,0,0,1,bottle,scene_014|partial,12,2,0.8333333333333334,7
trial_20260515_214636_202a20,top_cups_01,main,scene_014,bottle_only,[],Pick up my bottle.,ambiguous,vlm_direct,,,,1778849197.7507274,/home/haoandong/ask2act/services/a6000_web/artifacts/offline_experiments/top_cups_01/scenes/scene_014/observation.jpg,a57ae00e-f33b-4cd5-81e8-d40986113bf1,finished,4,0,cand_001,49.98415160179138,1779206725.6955495,wrong,,1778849247.7348225,ambiguity_not_solved,True,True,Pick up my bottle.,4,"{'plausible': ['cand_001'], 'eliminated': ['cand_002', 'cand_003', 'cand_004'], 'last_removed': ['cand_002', 'cand_003', 'cand_004']}",0,0,49.98415160179138,18,,,Pick up my bottle.,scene_014::Pick up my bottle.,pick up my bottle,1,0,0,0,0,1,bottle,scene_014|ambiguous,14,1,0.9285714285714286,14
trial_20260515_214728_475501,top_cups_01,main,scene_014,bottle_only,[],Pick up my bottle.,ambiguous,vlm_direct,,,,1778849249.8937888,/home/haoandong/ask2act/services/a6000_web/artifacts/offline_experiments/top_cups_01/scenes/scene_014/observation.jpg,71dc4a5e-5320-4007-b576-eb8f06f1a04b,finished,4,0,cand_001,79.17787384986877,1779206729.0304878,wrong,,1778849329.0715241,ambiguity_not_solved,True,True,Pick up my bottle.,4,"{'plausible': ['cand_001'], 'eliminated': ['cand_002', 'cand_003', 'cand_004'], 'last_removed': ['cand_002', 'cand_003', 'cand_004']}",0,0,79.17787384986877,18,,,Pick up my bottle.,scene_014::Pick up my bottle.,pick up my bottle,1,0,0,0,0,1,bottle,scene_014|ambiguous,14,1,0.9285714285714286,14
trial_20260515_214857_08c705,top_cups_01,main,scene_014,bottle_only,[],Pick up my bottle.,ambiguous,first_question,,,,1778849338.3676958,/home/haoandong/ask2act/services/a6000_web/artifacts/offline_experiments/top_cups_01/scenes/scene_014/observation.jpg,37c49853-a4bb-45c5-94e6-b19ae4edf751,finished,4,3,cand_003,219.8278567790985,1778849558.1956482,correct,,1778849558.1954691,,False,True,Pick up my bottle.,4,"{'plausible': ['cand_003'], 'eliminated': ['cand_001', 'cand_002', 'cand_004'], 'last_removed': ['cand_002']}",1,3,219.8278567790985,18,,,Pick up my bottle.,scene_014::Pick up my bottle.,pick up my bottle,1,0,0,0,0,1,bottle,scene_014|ambiguous,14,1,0.9285714285714286,14
trial_20260515_215239_01cb10,top_cups_01,main,scene_014,bottle_only,[],Pick up my bottle.,ambiguous,first_question,,,,1778849560.0399685,/home/haoandong/ask2act/services/a6000_web/artifacts/offline_experiments/top_cups_01/scenes/scene_014/observation.jpg,ce7bb11c-f131-4e4e-9b3e-03f57a368d0e,finished,4,1,cand_004,34.27328824996948,1778849594.3133163,correct,,1778849594.3131833,,False,True,Pick up my bottle.,4,"{'plausible': ['cand_004'], 'eliminated': ['cand_001', 'cand_002', 'cand_003'], 'last_removed': ['cand_001', 'cand_002', 'cand_003']}",1,1,34.27328824996948,18,,,Pick up my bottle.,scene_014::Pick up my bottle.,pick up my bottle,1,0,0,0,0,1,bottle,scene_014|ambiguous,14,1,0.9285714285714286,14
trial_20260515_215642_826bd1,top_cups_01,main,scene_014,bottle_only,[],Pick up the left bottle.,partial,first_question,,,,1778849803.3029642,/home/haoandong/ask2act/services/a6000_web/artifacts/offline_experiments/top_cups_01/scenes/scene_014/observation.jpg,ad4eef6b-b86f-47eb-b9ed-353e0d7fe489,finished,2,1,cand_001,32.06686782836914,1778849835.370034,correct,,1778849835.369696,,False,True,Pick up the left bottle.,2,"{'plausible': ['cand_001'], 'eliminated': ['cand_002'], 'last_removed': ['cand_002']}",1,1,32.06686782836914,24,,,Pick up the left bottle.,scene_014::Pick up the left bottle.,pick up the left bottle,0,0,1,0,0,1,bottle,scene_014|partial,12,2,0.8333333333333334,7
trial_20260515_215723_3210b3,top_cups_01,main,scene_014,bottle_only,[],Pick up the right bottle.,partial,first_question,,,,1778849844.2825432,/home/haoandong/ask2act/services/a6000_web/artifacts/offline_experiments/top_cups_01/scenes/scene_014/observation.jpg,21b632ab-dee6-4435-81ca-7444bd67df14,finished,1,0,cand_001,29.265700817108154,1778849873.5483098,correct,,1778849873.5481842,,False,True,Pick up the right bottle.,1,"{'plausible': ['cand_001'], 'eliminated': [], 'last_removed': []}",1,0,29.265700817108154,25,,,Pick up the right bottle.,scene_014::Pick up the right bottle.,pick up the right bottle,0,0,1,0,0,1,bottle,scene_014|partial,12,2,0.8333333333333334,5
trial_20260515_215812_b63f67,top_cups_01,main,scene_014,bottle_only,[],Pick up the red bottle.,clear,first_question,,,,1778849893.6078453,/home/haoandong/ask2act/services/a6000_web/artifacts/offline_experiments/top_cups_01/scenes/scene_014/observation.jpg,d87a89f0-0079-4f2a-9d65-b3ed7944e370,finished,1,0,cand_001,2.375781297683716,1778849895.9836867,correct,,1778849895.9835703,,False,True,Pick up the red bottle.,1,"{'plausible': ['cand_001'], 'eliminated': [], 'last_removed': []}",1,0,2.375781297683716,23,,,Pick up the red bottle.,scene_014::Pick up the red bottle.,pick up the red bottle,0,1,0,0,0,1,bottle,scene_014|clear,13,6,0.5384615384615384,3
trial_20260515_215834_022024,top_cups_01,main,scene_014,bottle_only,[],Pick up the black bottle.,clear,random_question,,,,1778849915.6306124,/home/haoandong/ask2act/services/a6000_web/artifacts/offline_experiments/top_cups_01/scenes/scene_014/observation.jpg,f4ee9f68-3061-4ae5-b817-8b8ff9f2a774,finished,1,0,cand_001,5.593486070632935,1778849921.224162,correct,,1778849921.2240303,,False,True,Pick up the black bottle.,1,"{'plausible': ['cand_001'], 'eliminated': [], 'last_removed': []}",1,0,5.593486070632935,25,,,Pick up the black bottle.,scene_014::Pick up the black bottle.,pick up the black bottle,0,1,0,0,0,1,bottle,scene_014|clear,13,6,0.5384615384615384,2
trial_20260515_215850_e2d6f8,top_cups_01,main,scene_014,bottle_only,[],Pick up the bottom bottle.,clear,random_question,,,,1778849931.4651628,/home/haoandong/ask2act/services/a6000_web/artifacts/offline_experiments/top_cups_01/scenes/scene_014/observation.jpg,7fac3801-17fb-49cc-90cb-ee8c1b147d07,finished,1,0,cand_001,3.263676404953003,1778849934.728897,correct,,1778849934.7287838,,False,True,Pick up the bottom bottle.,1,"{'plausible': ['cand_001'], 'eliminated': [], 'last_removed': []}",1,0,3.263676404953003,26,,,Pick up the bottom bottle.,scene_014::Pick up the bottom bottle.,pick up the bottom bottle,0,0,1,0,0,1,bottle,scene_014|clear,13,6,0.5384615384615384,1
trial_20260515_220034_06dd6d,top_cups_01,main,scene_014,bottle_only,[],Pick up the left bottle.,partial,random_question,,,,1778850035.750103,/home/haoandong/ask2act/services/a6000_web/artifacts/offline_experiments/top_cups_01/scenes/scene_014/observation.jpg,cbbb1292-2259-40be-ad0a-0dec2ccd4e09,finished,2,1,cand_001,184.05069160461426,1778850219.8008587,correct,,1778850219.800727,,False,True,Pick up the left bottle.,2,"{'plausible': ['cand_001'], 'eliminated': ['cand_002'], 'last_removed': ['cand_002']}",1,1,184.05069160461426,24,,,Pick up the left bottle.,scene_014::Pick up the left bottle.,pick up the left bottle,0,0,1,0,0,1,bottle,scene_014|partial,12,2,0.8333333333333334,7
trial_20260515_220353_3d6f12,top_cups_01,main,scene_014,bottle_only,[],Pick up my bottle.,ambiguous,random_question,,,,1778850234.8411646,/home/haoandong/ask2act/services/a6000_web/artifacts/offline_experiments/top_cups_01/scenes/scene_014/observation.jpg,80dc2b79-24ef-49b9-b08e-51564c165c60,finished,4,3,cand_003,173.12877869606018,1778850407.9701753,correct,,1778850407.9697611,,False,True,Pick up my bottle.,4,"{'plausible': ['cand_003'], 'eliminated': ['cand_001', 'cand_002', 'cand_004'], 'last_removed': ['cand_002']}",1,3,173.12877869606018,18,,,Pick up my bottle.,scene_014::Pick up my bottle.,pick up my bottle,1,0,0,0,0,1,bottle,scene_014|ambiguous,14,1,0.9285714285714286,14
trial_20260515_220649_faba41,top_cups_01,main,scene_014,bottle_only,[],Pick up my bottle.,ambiguous,random_question,,,,1778850410.7579093,/home/haoandong/ask2act/services/a6000_web/artifacts/offline_experiments/top_cups_01/scenes/scene_014/observation.jpg,96820d3e-353f-470f-8a5c-9e8e8313e6a8,finished,4,1,cand_004,56.96672797203064,1778850467.7247531,correct,,1778850467.724556,,False,True,Pick up my bottle.,4,"{'plausible': ['cand_004'], 'eliminated': ['cand_001', 'cand_002', 'cand_003'], 'last_removed': ['cand_001', 'cand_002', 'cand_003']}",1,1,56.96672797203064,18,,,Pick up my bottle.,scene_014::Pick up my bottle.,pick up my bottle,1,0,0,0,0,1,bottle,scene_014|ambiguous,14,1,0.9285714285714286,14
trial_20260515_220808_96dd4f,top_cups_01,main,scene_014,bottle_only,[],Pick up my bottle.,ambiguous,vlm_best_question,,,,1778850489.7330546,/home/haoandong/ask2act/services/a6000_web/artifacts/offline_experiments/top_cups_01/scenes/scene_014/observation.jpg,d4b9131d-0957-480f-95a3-e8d8839b99e7,finished,4,2,cand_003,120.09259366989136,1778850609.8257084,correct,,1778850609.8255754,,False,True,Pick up my bottle.,4,"{'plausible': ['cand_003'], 'eliminated': ['cand_001', 'cand_002', 'cand_004'], 'last_removed': ['cand_001', 'cand_002']}",1,2,120.09259366989136,18,,,Pick up my bottle.,scene_014::Pick up my bottle.,pick up my bottle,1,0,0,0,0,1,bottle,scene_014|ambiguous,14,1,0.9285714285714286,14
trial_20260515_221012_c2f200,top_cups_01,main,scene_014,bottle_only,[],Pick up my bottle.,ambiguous,vlm_best_question,,,,1778850613.3323078,/home/haoandong/ask2act/services/a6000_web/artifacts/offline_experiments/top_cups_01/scenes/scene_014/observation.jpg,d5812599-40dc-42e4-b663-ed55e3b3f25e,finished,4,1,cand_004,53.23301982879639,1778850666.5654671,correct,,1778850666.5652146,,False,True,Pick up my bottle.,4,"{'plausible': ['cand_004'], 'eliminated': ['cand_001', 'cand_002', 'cand_003'], 'last_removed': ['cand_001', 'cand_002', 'cand_003']}",1,1,53.23301982879639,18,,,Pick up my bottle.,scene_014::Pick up my bottle.,pick up my bottle,1,0,0,0,0,1,bottle,scene_014|ambiguous,14,1,0.9285714285714286,14
trial_20260515_221120_1e7ab2,top_cups_01,main,scene_014,bottle_only,[],Pick up the left bottle.,partial,vlm_best_question,,,,1778850681.4813874,/home/haoandong/ask2act/services/a6000_web/artifacts/offline_experiments/top_cups_01/scenes/scene_014/observation.jpg,a2d49c80-5978-4949-9c6d-a4257f3387eb,finished,2,1,cand_002,26.30248188972473,1778850707.784007,correct,,1778850707.7837667,,False,True,Pick up the left bottle.,2,"{'plausible': ['cand_002'], 'eliminated': ['cand_001'], 'last_removed': ['cand_001']}",1,1,26.30248188972473,24,,,Pick up the left bottle.,scene_014::Pick up the left bottle.,pick up the left bottle,0,0,1,0,0,1,bottle,scene_014|partial,12,2,0.8333333333333334,7
trial_20260515_221155_8ba714,top_cups_01,main,scene_014,bottle_only,[],Pick up the right bottle.,partial,vlm_best_question,,,,1778850716.7446432,/home/haoandong/ask2act/services/a6000_web/artifacts/offline_experiments/top_cups_01/scenes/scene_014/observation.jpg,f58f22bf-0008-4008-81f4-e6244b14847e,finished,1,0,cand_001,21.187912225723267,1778850737.9326181,correct,,1778850737.9325,,False,True,Pick up the right bottle.,1,"{'plausible': ['cand_001'], 'eliminated': [], 'last_removed': []}",1,0,21.187912225723267,25,,,Pick up the right bottle.,scene_014::Pick up the right bottle.,pick up the right bottle,0,0,1,0,0,1,bottle,scene_014|partial,12,2,0.8333333333333334,5
trial_20260515_221226_d56ed5,top_cups_01,main,scene_014,bottle_only,[],Pick up the tall bottle.,clear,vlm_best_question,,,,1778850747.3039877,/home/haoandong/ask2act/services/a6000_web/artifacts/offline_experiments/top_cups_01/scenes/scene_014/observation.jpg,21abe159-5a66-4aca-83a7-82bb8c612593,finished,1,0,cand_001,1.9503893852233887,1778850749.2544336,correct,,1778850749.2543223,,False,True,Pick up the tall bottle.,1,"{'plausible': ['cand_001'], 'eliminated': [], 'last_removed': []}",1,0,1.9503893852233887,24,,,Pick up the tall bottle.,scene_014::Pick up the tall bottle.,pick up the tall bottle,0,0,0,0,1,1,bottle,scene_014|clear,13,6,0.5384615384615384,3
trial_20260515_221234_31fa49,top_cups_01,main,scene_014,bottle_only,[],Pick up the green bottle.,clear,vlm_best_question,,,,1778850755.8743546,/home/haoandong/ask2act/services/a6000_web/artifacts/offline_experiments/top_cups_01/scenes/scene_014/observation.jpg,e1c91609-650d-44e9-bdb4-33074daa7095,finished,1,0,cand_001,1.5207111835479736,1778850757.39527,correct,,1778850757.3949463,,False,True,Pick up the green bottle.,1,"{'plausible': ['cand_001'], 'eliminated': [], 'last_removed': []}",1,0,1.5207111835479736,25,,,Pick up the green bottle.,scene_014::Pick up the green bottle.,pick up the green bottle,0,1,0,0,0,1,bottle,scene_014|clear,13,6,0.5384615384615384,3
trial_20260515_221257_2a7567,top_cups_01,main,scene_014,bottle_only,[],Pick up the green bottle.,clear,proposed_efe,,,,1778850779.1517076,/home/haoandong/ask2act/services/a6000_web/artifacts/offline_experiments/top_cups_01/scenes/scene_014/observation.jpg,cfe08e9e-0c60-43a0-a07b-e8f80a88a545,finished,1,0,cand_001,1.5035021305084229,1778850780.6552637,correct,,1778850780.6551588,,False,True,Pick up the green bottle.,1,"{'plausible': ['cand_001'], 'eliminated': [], 'last_removed': []}",1,0,1.5035021305084229,25,,,Pick up the green bottle.,scene_014::Pick up the green bottle.,pick up the green bottle,0,1,0,0,0,1,bottle,scene_014|clear,13,6,0.5384615384615384,3
trial_20260515_221307_ba3996,top_cups_01,main,scene_014,bottle_only,[],Pick up the left most bottle.,clear,proposed_efe,,,,1778850788.362261,/home/haoandong/ask2act/services/a6000_web/artifacts/offline_experiments/top_cups_01/scenes/scene_014/observation.jpg,7b0e0b42-03e5-4aa1-8a55-3ca676245840,finished,1,0,cand_001,1.8323307037353516,1778850790.1946676,correct,,1778850790.1945286,,False,True,Pick up the left most bottle.,1,"{'plausible': ['cand_001'], 'eliminated': [], 'last_removed': []}",1,0,1.8323307037353516,29,,,Pick up the left most bottle.,scene_014::Pick up the left most bottle.,pick up the left most bottle,0,0,1,0,0,1,bottle,scene_014|clear,13,6,0.5384615384615384,1
trial_20260515_221317_e83cec,top_cups_01,main,scene_014,bottle_only,[],Pick up the right bottle.,partial,proposed_efe,,,,1778850798.624827,/home/haoandong/ask2act/services/a6000_web/artifacts/offline_experiments/top_cups_01/scenes/scene_014/observation.jpg,3ff42927-2d7a-4aa8-8527-036e32c9baab,finished,1,1,cand_001,87.96769309043884,1778850886.5925796,correct,,1778850886.592455,,False,True,Pick up the right bottle.,1,"{'plausible': ['cand_001'], 'eliminated': [], 'last_removed': []}",1,1,87.96769309043884,25,,,Pick up the right bottle.,scene_014::Pick up the right bottle.,pick up the right bottle,0,0,1,0,0,1,bottle,scene_014|partial,12,2,0.8333333333333334,5
trial_20260515_221454_372484,top_cups_01,main,scene_014,bottle_only,[],Pick up the left bottle.,partial,proposed_efe,,,,1778850895.2638812,/home/haoandong/ask2act/services/a6000_web/artifacts/offline_experiments/top_cups_01/scenes/scene_014/observation.jpg,7ac191c0-5f3e-42cc-9e44-3c16df8f0194,finished,2,1,cand_001,84.36288547515869,1778850979.6268268,correct,,1778850979.6267014,,False,True,Pick up the left bottle.,2,"{'plausible': ['cand_001'], 'eliminated': ['cand_002'], 'last_removed': ['cand_002']}",1,1,84.36288547515869,24,,,Pick up the left bottle.,scene_014::Pick up the left bottle.,pick up the left bottle,0,0,1,0,0,1,bottle,scene_014|partial,12,2,0.8333333333333334,7
trial_20260515_221634_0662f1,top_cups_01,main,scene_014,bottle_only,[],Pick up my bottle.,ambiguous,proposed_efe,,,,1778850995.4282804,/home/haoandong/ask2act/services/a6000_web/artifacts/offline_experiments/top_cups_01/scenes/scene_014/observation.jpg,ee980ef1-7e96-4571-885f-7535bb8ca8a8,finished,4,2,cand_004,81.47529983520508,1778851076.9037225,correct,,1778851076.9034648,,False,True,Pick up my bottle.,4,"{'plausible': ['cand_004'], 'eliminated': ['cand_001', 'cand_002', 'cand_003'], 'last_removed': ['cand_002']}",1,2,81.47529983520508,18,,,Pick up my bottle.,scene_014::Pick up my bottle.,pick up my bottle,1,0,0,0,0,1,bottle,scene_014|ambiguous,14,1,0.9285714285714286,14
trial_20260515_221759_b67ad0,top_cups_01,main,scene_014,bottle_only,[],Pick up my bottle.,ambiguous,proposed_efe,,,,1778851080.983438,/home/haoandong/ask2act/services/a6000_web/artifacts/offline_experiments/top_cups_01/scenes/scene_014/observation.jpg,6434a085-a87a-43c5-ace7-0bfc1c3f4db2,finished,4,2,cand_003,94.14760637283325,1778851175.1311023,correct,,1778851175.1309686,,False,True,Pick up my bottle.,4,"{'plausible': ['cand_003'], 'eliminated': ['cand_001', 'cand_002', 'cand_004'], 'last_removed': ['cand_001']}",1,2,94.14760637283325,18,,,Pick up my bottle.,scene_014::Pick up my bottle.,pick up my bottle,1,0,0,0,0,1,bottle,scene_014|ambiguous,14,1,0.9285714285714286,14
trial_20260515_222025_830546,top_cups_01,main,scene_015,bottle_only,[],Pick up my bottle.,ambiguous,top_score,,,,1778851226.3948085,/home/haoandong/ask2act/services/a6000_web/artifacts/offline_experiments/top_cups_01/scenes/scene_015/observation.jpg,1ce722d6-ea3a-4353-91b2-6c87afa79cf4,finished,4,0,cand_001,5.402482748031616,1779206702.6669104,wrong,,1778851231.7971516,ambiguity_not_solved,True,True,Pick up my bottle.,4,"{'plausible': ['cand_001'], 'eliminated': ['cand_002', 'cand_003', 'cand_004'], 'last_removed': ['cand_002', 'cand_003', 'cand_004']}",0,0,5.402482748031616,18,,,Pick up my bottle.,scene_015::Pick up my bottle.,pick up my bottle,1,0,0,0,0,1,bottle,scene_015|ambiguous,14,1,0.9285714285714286,14
trial_20260515_222032_d722d7,top_cups_01,main,scene_015,bottle_only,[],Pick up my bottle.,ambiguous,top_score,,,,1778851233.6570199,/home/haoandong/ask2act/services/a6000_web/artifacts/offline_experiments/top_cups_01/scenes/scene_015/observation.jpg,6ae38d6b-bc99-4340-8759-a6ce3f15cea1,finished,4,0,cand_001,4.546382665634155,1779206711.3911707,wrong,,1778851238.203258,ambiguity_not_solved,True,True,Pick up my bottle.,4,"{'plausible': ['cand_001'], 'eliminated': ['cand_002', 'cand_003', 'cand_004'], 'last_removed': ['cand_002', 'cand_003', 'cand_004']}",0,0,4.546382665634155,18,,,Pick up my bottle.,scene_015::Pick up my bottle.,pick up my bottle,1,0,0,0,0,1,bottle,scene_015|ambiguous,14,1,0.9285714285714286,14
trial_20260515_222050_4aa3d1,top_cups_01,main,scene_015,bottle_only,[],Pick up the left bottle.,partial,top_score,,,,1778851252.2562788,/home/haoandong/ask2act/services/a6000_web/artifacts/offline_experiments/top_cups_01/scenes/scene_015/observation.jpg,a8e38b17-16c8-4caa-b945-afe6884b8092,finished,1,0,cand_001,5.144510984420776,1779206716.6959665,unresolved,,1778851257.4006982,ambiguity_not_solved,True,True,Pick up the left bottle.,1,"{'plausible': ['cand_001'], 'eliminated': [], 'last_removed': []}",0,0,5.144510984420776,24,,,Pick up the left bottle.,scene_015::Pick up the left bottle.,pick up the left bottle,0,0,1,0,0,1,bottle,scene_015|partial,15,2,0.8666666666666667,7
trial_20260515_222105_c7d089,top_cups_01,main,scene_015,bottle_only,[],Pick up the right bottle.,partial,top_score,,,,1778851266.9702075,/home/haoandong/ask2act/services/a6000_web/artifacts/offline_experiments/top_cups_01/scenes/scene_015/observation.jpg,314d7789-7817-41e8-8dd8-d90fae849eb5,finished,1,0,cand_001,2.2697455883026123,1778851269.2400122,correct,,1778851269.2398927,,False,True,Pick up the right bottle.,1,"{'plausible': ['cand_001'], 'eliminated': [], 'last_removed': []}",1,0,2.2697455883026123,25,,,Pick up the right bottle.,scene_015::Pick up the right bottle.,pick up the right bottle,0,0,1,0,0,1,bottle,scene_015|partial,15,2,0.8666666666666667,8
trial_20260515_222124_1c12d6,top_cups_01,main,scene_015,bottle_only,[],Pick up the green bottle.,clear,top_score,,,,1778851286.142248,/home/haoandong/ask2act/services/a6000_web/artifacts/offline_experiments/top_cups_01/scenes/scene_015/observation.jpg,94ab69eb-712e-4ee3-ab6e-b5c4e873355c,finished,1,0,cand_001,2.4910006523132324,1778851288.6333039,correct,,1778851288.633195,,False,True,Pick up the green bottle.,1,"{'plausible': ['cand_001'], 'eliminated': [], 'last_removed': []}",1,0,2.4910006523132324,25,,,Pick up the green bottle.,scene_015::Pick up the green bottle.,pick up the green bottle,0,1,0,0,0,1,bottle,scene_015|clear,14,8,0.4285714285714286,1
trial_20260515_222132_ab7d0c,top_cups_01,main,scene_015,bottle_only,[],Pick up the red bottle.,clear,top_score,,,,1778851293.9507456,/home/haoandong/ask2act/services/a6000_web/artifacts/offline_experiments/top_cups_01/scenes/scene_015/observation.jpg,1d4d5c78-4778-434b-ada4-bcf76cb1af34,finished,1,0,cand_001,2.428354501724243,1778851296.379152,correct,,1778851296.3790445,,False,True,Pick up the red bottle.,1,"{'plausible': ['cand_001'], 'eliminated': [], 'last_removed': []}",1,0,2.428354501724243,23,,,Pick up the red bottle.,scene_015::Pick up the red bottle.,pick up the red bottle,0,1,0,0,0,1,bottle,scene_015|clear,14,8,0.4285714285714286,4
trial_20260515_222146_9e3b43,top_cups_01,main,scene_015,bottle_only,[],Pick up the blue bottle.,clear,random_candidate,,,,1778851308.0571554,/home/haoandong/ask2act/services/a6000_web/artifacts/offline_experiments/top_cups_01/scenes/scene_015/observation.jpg,2a0004cf-acb0-4be5-9268-c4fc0b394a70,finished,1,0,cand_001,2.5836164951324463,1778851310.6408267,correct,,1778851310.6407166,,False,True,Pick up the blue bottle.,1,"{'plausible': ['cand_001'], 'eliminated': [], 'last_removed': []}",1,0,2.5836164951324463,24,,,Pick up the blue bottle.,scene_015::Pick up the blue bottle.,pick up the blue bottle,0,1,0,0,0,1,bottle,scene_015|clear,14,8,0.4285714285714286,1
trial_20260515_222201_f5f7db,top_cups_01,main,scene_015,bottle_only,[],Pick up the black bottle.,clear,random_candidate,,,,1778851322.5598805,/home/haoandong/ask2act/services/a6000_web/artifacts/offline_experiments/top_cups_01/scenes/scene_015/observation.jpg,a2ab75c5-f51a-4822-ad6f-af1b21ca07f8,finished,1,0,cand_001,2.833319902420044,1778851325.3933916,correct,,1778851325.3930862,,False,True,Pick up the black bottle.,1,"{'plausible': ['cand_001'], 'eliminated': [], 'last_removed': []}",1,0,2.833319902420044,25,,,Pick up the black bottle.,scene_015::Pick up the black bottle.,pick up the black bottle,0,1,0,0,0,1,bottle,scene_015|clear,14,8,0.4285714285714286,3
trial_20260515_222222_83c837,top_cups_01,main,scene_015,bottle_only,[],Pick up the tall bottle.,clear,vlm_direct,,,,1778851344.0736248,/home/haoandong/ask2act/services/a6000_web/artifacts/offline_experiments/top_cups_01/scenes/scene_015/observation.jpg,2a794e8b-c5f6-47be-a08f-342c3da6384e,finished,1,0,cand_001,2.170846700668335,1778851346.2445297,correct,,1778851346.2444224,,False,True,Pick up the tall bottle.,1,"{'plausible': ['cand_001'], 'eliminated': [], 'last_removed': []}",1,0,2.170846700668335,24,,,Pick up the tall bottle.,scene_015::Pick up the tall bottle.,pick up the tall bottle,0,0,0,0,1,1,bottle,scene_015|clear,14,8,0.4285714285714286,2
trial_20260515_222239_f83568,top_cups_01,main,scene_015,bottle_only,[],Pick up the bottom bottle.,clear,vlm_direct,,,,1778851360.3687637,/home/haoandong/ask2act/services/a6000_web/artifacts/offline_experiments/top_cups_01/scenes/scene_015/observation.jpg,fef1477e-5b17-403b-bcf4-4f62765fc3da,finished,1,0,cand_001,4.134406805038452,1778851364.503226,correct,,1778851364.5031216,,False,True,Pick up the bottom bottle.,1,"{'plausible': ['cand_001'], 'eliminated': [], 'last_removed': []}",1,0,4.134406805038452,26,,,Pick up the bottom bottle.,scene_015::Pick up the bottom bottle.,pick up the bottom bottle,0,0,1,0,0,1,bottle,scene_015|clear,14,8,0.4285714285714286,1
trial_20260515_222256_271f21,top_cups_01,main,scene_015,bottle_only,[],Pick up the left most bottle.,clear,first_question,,,,1778851377.6625712,/home/haoandong/ask2act/services/a6000_web/artifacts/offline_experiments/top_cups_01/scenes/scene_015/observation.jpg,0e23af7d-b504-42c7-9335-75c0649fd715,finished,1,0,cand_001,2.896160840988159,1778851380.5588398,correct,,1778851380.5586362,,False,True,Pick up the left most bottle.,1,"{'plausible': ['cand_001'], 'eliminated': [], 'last_removed': []}",1,0,2.896160840988159,29,,,Pick up the left most bottle.,scene_015::Pick up the left most bottle.,pick up the left most bottle,0,0,1,0,0,1,bottle,scene_015|clear,14,8,0.4285714285714286,1
trial_20260515_222314_84dd15,top_cups_01,main,scene_015,bottle_only,[],Pick up the right most bottle.,clear,first_question,,,,1778851396.268794,/home/haoandong/ask2act/services/a6000_web/artifacts/offline_experiments/top_cups_01/scenes/scene_015/observation.jpg,51ae8ca2-9a41-4881-aca0-0d1ad1102958,finished,1,0,cand_001,1.7520217895507812,1778851398.0210006,correct,,1778851398.020703,,False,True,Pick up the right most bottle.,1,"{'plausible': ['cand_001'], 'eliminated': [], 'last_removed': []}",1,0,1.7520217895507812,30,,,Pick up the right most bottle.,scene_015::Pick up the right most bottle.,pick up the right most bottle,0,0,1,0,0,1,bottle,scene_015|clear,14,8,0.4285714285714286,1
trial_20260515_222336_ed4841,top_cups_01,main,scene_015,bottle_only,[],Pick up the right bottle.,partial,random_candidate,,,,1778851418.1329262,/home/haoandong/ask2act/services/a6000_web/artifacts/offline_experiments/top_cups_01/scenes/scene_015/observation.jpg,30a48b87-1b6a-4897-a647-7e5c11205910,finished,1,0,cand_001,2.644822835922241,1778851420.7778006,correct,,1778851420.7777,,False,True,Pick up the right bottle.,1,"{'plausible': ['cand_001'], 'eliminated': [], 'last_removed': []}",1,0,2.644822835922241,25,,,Pick up the right bottle.,scene_015::Pick up the right bottle.,pick up the right bottle,0,0,1,0,0,1,bottle,scene_015|partial,15,2,0.8666666666666667,8
trial_20260515_222348_ccaaab,top_cups_01,main,scene_015,bottle_only,[],Pick up the left bottle.,partial,random_candidate,,,,1778851429.3877559,/home/haoandong/ask2act/services/a6000_web/artifacts/offline_experiments/top_cups_01/scenes/scene_015/observation.jpg,d86fb629-ecbf-4d8f-accb-d2e6199a7c06,finished,1,0,cand_001,2.6928024291992188,1779206674.7278695,unresolved,,1778851432.0804932,wrong_object_selected,True,True,Pick up the left bottle.,1,"{'plausible': ['cand_001'], 'eliminated': [], 'last_removed': []}",0,0,2.6928024291992188,24,,,Pick up the left bottle.,scene_015::Pick up the left bottle.,pick up the left bottle,0,0,1,0,0,1,bottle,scene_015|partial,15,2,0.8666666666666667,7
trial_20260515_222357_8caadc,top_cups_01,main,scene_015,bottle_only,[],Pick up my bottle.,ambiguous,random_candidate,,,,1778851438.7046154,/home/haoandong/ask2act/services/a6000_web/artifacts/offline_experiments/top_cups_01/scenes/scene_015/observation.jpg,fc212fe6-0430-4354-a7c6-462105fef4b6,finished,4,0,cand_003,8.777440071105957,1778851447.4821072,correct,,1778851447.481992,,False,True,Pick up my bottle.,4,"{'plausible': ['cand_003'], 'eliminated': ['cand_001', 'cand_002', 'cand_004'], 'last_removed': ['cand_001', 'cand_002', 'cand_004']}",1,0,8.777440071105957,18,,,Pick up my bottle.,scene_015::Pick up my bottle.,pick up my bottle,1,0,0,0,0,1,bottle,scene_015|ambiguous,14,1,0.9285714285714286,14
trial_20260515_222408_336b22,top_cups_01,main,scene_015,bottle_only,[],Pick up my bottle.,ambiguous,random_candidate,,,,1778851449.058312,/home/haoandong/ask2act/services/a6000_web/artifacts/offline_experiments/top_cups_01/scenes/scene_015/observation.jpg,ebda4982-a2c9-42c0-a8dc-715c60805346,finished,4,0,cand_004,2.392145872116089,1779206694.0532413,wrong,,1778851451.4503489,ambiguity_not_solved,True,True,Pick up my bottle.,4,"{'plausible': ['cand_004'], 'eliminated': ['cand_001', 'cand_002', 'cand_003'], 'last_removed': ['cand_001', 'cand_002', 'cand_003']}",0,0,2.392145872116089,18,,,Pick up my bottle.,scene_015::Pick up my bottle.,pick up my bottle,1,0,0,0,0,1,bottle,scene_015|ambiguous,14,1,0.9285714285714286,14
trial_20260515_222429_cb0801,top_cups_01,main,scene_015,bottle_only,[],Pick up my bottle.,ambiguous,vlm_direct,,,,1778851470.8287315,/home/haoandong/ask2act/services/a6000_web/artifacts/offline_experiments/top_cups_01/scenes/scene_015/observation.jpg,cfde64e5-71dc-436e-80f2-5527fc3e953f,finished,4,0,cand_001,119.94797825813293,1779206776.84963,wrong,,1778851590.776629,ambiguity_not_solved,True,True,Pick up my bottle.,4,"{'plausible': ['cand_001'], 'eliminated': ['cand_002', 'cand_003', 'cand_004'], 'last_removed': ['cand_002', 'cand_003', 'cand_004']}",0,0,119.94797825813293,18,,,Pick up my bottle.,scene_015::Pick up my bottle.,pick up my bottle,1,0,0,0,0,1,bottle,scene_015|ambiguous,14,1,0.9285714285714286,14
trial_20260515_222632_c0db24,top_cups_01,main,scene_015,bottle_only,[],Pick up my bottle.,ambiguous,vlm_direct,,,,1778851593.1006935,/home/haoandong/ask2act/services/a6000_web/artifacts/offline_experiments/top_cups_01/scenes/scene_015/observation.jpg,d149f78d-3bd7-4cac-939d-fe1d22828b24,finished,4,0,cand_001,60.506361961364746,1779206784.1148221,wrong,,1778851653.6069813,ambiguity_not_solved,True,True,Pick up my bottle.,4,"{'plausible': ['cand_001'], 'eliminated': ['cand_002', 'cand_003', 'cand_004'], 'last_removed': ['cand_002', 'cand_003', 'cand_004']}",0,0,60.506361961364746,18,,,Pick up my bottle.,scene_015::Pick up my bottle.,pick up my bottle,1,0,0,0,0,1,bottle,scene_015|ambiguous,14,1,0.9285714285714286,14
trial_20260515_222758_47feb7,top_cups_01,main,scene_015,bottle_only,[],Pick up the left bottle.,partial,vlm_direct,,,,1778851679.5833337,/home/haoandong/ask2act/services/a6000_web/artifacts/offline_experiments/top_cups_01/scenes/scene_015/observation.jpg,b8572d66-57e4-45ff-a987-3f1923e21aa6,finished,1,0,cand_001,6.702166795730591,1779206798.978446,unresolved,,1778851686.2854047,wrong_object_selected,True,True,Pick up the left bottle.,1,"{'plausible': ['cand_001'], 'eliminated': [], 'last_removed': []}",0,0,6.702166795730591,24,,,Pick up the left bottle.,scene_015::Pick up the left bottle.,pick up the left bottle,0,0,1,0,0,1,bottle,scene_015|partial,15,2,0.8666666666666667,7
trial_20260515_222812_448cd7,top_cups_01,main,scene_015,bottle_only,[],Pick up the right bottle.,partial,vlm_direct,,,,1778851693.7638104,/home/haoandong/ask2act/services/a6000_web/artifacts/offline_experiments/top_cups_01/scenes/scene_015/observation.jpg,bc2b5298-cff0-4e23-950b-7800b135b219,finished,1,0,cand_001,3.2162766456604004,1778851696.9802904,correct,,1778851696.9799669,,False,True,Pick up the right bottle.,1,"{'plausible': ['cand_001'], 'eliminated': [], 'last_removed': []}",1,0,3.2162766456604004,25,,,Pick up the right bottle.,scene_015::Pick up the right bottle.,pick up the right bottle,0,0,1,0,0,1,bottle,scene_015|partial,15,2,0.8666666666666667,8
trial_20260515_222821_2475ab,top_cups_01,main,scene_015,bottle_only,[],Pick up the right bottle.,partial,first_question,,,,1778851701.993397,/home/haoandong/ask2act/services/a6000_web/artifacts/offline_experiments/top_cups_01/scenes/scene_015/observation.jpg,ac9aa3f7-5547-4684-b81f-5f6da41fba1b,finished,1,0,,60.0345504283905,1778851762.0280166,correct,,1778851762.027897,,False,True,Pick up the right bottle.,1,"{'plausible': ['cand_001'], 'eliminated': [], 'last_removed': []}",1,0,60.0345504283905,25,,,Pick up the right bottle.,scene_015::Pick up the right bottle.,pick up the right bottle,0,0,1,0,0,1,bottle,scene_015|partial,15,2,0.8666666666666667,8
trial_20260515_222901_144121,top_cups_01,main,scene_015,bottle_only,[],Pick up the right bottle.,partial,first_question,,,,1778851742.3439693,/home/haoandong/ask2act/services/a6000_web/artifacts/offline_experiments/top_cups_01/scenes/scene_015/observation.jpg,43f63584-cc39-4f1f-b08e-68ff92725ba1,finished,1,1,cand_001,55.51770853996277,1778851797.8617318,correct,,1778851797.8616161,,False,True,Pick up the right bottle.,1,"{'plausible': ['cand_001'], 'eliminated': [], 'last_removed': []}",1,1,55.51770853996277,25,,,Pick up the right bottle.,scene_015::Pick up the right bottle.,pick up the right bottle,0,0,1,0,0,1,bottle,scene_015|partial,15,2,0.8666666666666667,8
trial_20260515_223001_7d8df9,top_cups_01,main,scene_015,bottle_only,[],Pick up the left bottle.,partial,first_question,,,,1778851802.2212076,/home/haoandong/ask2act/services/a6000_web/artifacts/offline_experiments/top_cups_01/scenes/scene_015/observation.jpg,3506740f-8327-4f1a-ac0d-19630b042f8a,finished,1,0,cand_001,150.8054494857788,1778851953.0267143,unresolved,,1778851953.0265987,,False,True,Pick up the left bottle.,1,"{'plausible': ['cand_001'], 'eliminated': [], 'last_removed': []}",0,0,150.8054494857788,24,,,Pick up the left bottle.,scene_015::Pick up the left bottle.,pick up the left bottle,0,0,1,0,0,1,bottle,scene_015|partial,15,2,0.8666666666666667,7
trial_20260515_223246_b6ff1f,top_cups_01,main,scene_015,bottle_only,[],Pick up my bottle.,ambiguous,first_question,,,,1778851967.842311,/home/haoandong/ask2act/services/a6000_web/artifacts/offline_experiments/top_cups_01/scenes/scene_015/observation.jpg,32e99358-9271-416a-9f04-8b9d452158a3,finished,4,2,cand_003,107.97477221488953,1778852075.8172145,correct,,1778852075.8169906,,False,True,Pick up my bottle.,4,"{'plausible': ['cand_003'], 'eliminated': ['cand_001', 'cand_002', 'cand_004'], 'last_removed': ['cand_001', 'cand_002']}",1,2,107.97477221488953,18,,,Pick up my bottle.,scene_015::Pick up my bottle.,pick up my bottle,1,0,0,0,0,1,bottle,scene_015|ambiguous,14,1,0.9285714285714286,14
trial_20260515_223442_3427b0,top_cups_01,main,scene_015,bottle_only,[],Pick up my bottle.,ambiguous,first_question,,,,1778852083.2474387,/home/haoandong/ask2act/services/a6000_web/artifacts/offline_experiments/top_cups_01/scenes/scene_015/observation.jpg,139ec319-d977-420e-bc91-098b4b62bfb6,finished,4,2,cand_001,79.47702884674072,1778852162.724524,correct,,1778852162.7244031,,False,True,Pick up my bottle.,4,"{'plausible': ['cand_001'], 'eliminated': ['cand_002', 'cand_003', 'cand_004'], 'last_removed': ['cand_002', 'cand_003']}",1,2,79.47702884674072,18,,,Pick up my bottle.,scene_015::Pick up my bottle.,pick up my bottle,1,0,0,0,0,1,bottle,scene_015|ambiguous,14,1,0.9285714285714286,14
trial_20260515_223621_8a74b7,top_cups_01,main,scene_015,bottle_only,[],Pick up my bottle.,ambiguous,random_question,,,,1778852182.1261675,/home/haoandong/ask2act/services/a6000_web/artifacts/offline_experiments/top_cups_01/scenes/scene_015/observation.jpg,d64e9907-a419-4818-8a4e-6eb8737e6fbd,finished,4,3,cand_004,152.93481397628784,1778852335.0610347,correct,,1778852335.060917,,False,True,Pick up my bottle.,4,"{'plausible': ['cand_004'], 'eliminated': ['cand_001', 'cand_002', 'cand_003'], 'last_removed': ['cand_003']}",1,3,152.93481397628784,18,,,Pick up my bottle.,scene_015::Pick up my bottle.,pick up my bottle,1,0,0,0,0,1,bottle,scene_015|ambiguous,14,1,0.9285714285714286,14
trial_20260515_223856_2498ac,top_cups_01,main,scene_015,bottle_only,[],Pick up my bottle.,ambiguous,random_question,,,,1778852337.7883656,/home/haoandong/ask2act/services/a6000_web/artifacts/offline_experiments/top_cups_01/scenes/scene_015/observation.jpg,f9eace37-4d2b-4fa2-98a5-24f0c32b01ad,finished,4,3,cand_003,198.88993382453918,1778852536.6784375,correct,,1778852536.678184,,False,True,Pick up my bottle.,4,"{'plausible': ['cand_003'], 'eliminated': ['cand_001', 'cand_002', 'cand_004'], 'last_removed': ['cand_001']}",1,3,198.88993382453918,18,,,Pick up my bottle.,scene_015::Pick up my bottle.,pick up my bottle,1,0,0,0,0,1,bottle,scene_015|ambiguous,14,1,0.9285714285714286,14
trial_20260515_224235_e03f87,top_cups_01,main,scene_015,bottle_only,[],Pick up the left bottle.,partial,random_question,,,,1778852556.557939,/home/haoandong/ask2act/services/a6000_web/artifacts/offline_experiments/top_cups_01/scenes/scene_015/observation.jpg,4d38f7ee-10bc-45b0-ab3f-adde0329c1f5,finished,1,1,cand_001,59.7016179561615,1779206835.34933,unresolved,,1778852616.259508,wrong_object_selected,True,True,Pick up the left bottle.,1,"{'plausible': ['cand_001'], 'eliminated': [], 'last_removed': []}",0,1,59.7016179561615,24,,,Pick up the left bottle.,scene_015::Pick up the left bottle.,pick up the left bottle,0,0,1,0,0,1,bottle,scene_015|partial,15,2,0.8666666666666667,7
trial_20260515_224345_d8cf0d,top_cups_01,main,scene_015,bottle_only,[],Pick up the right bottle.,partial,random_question,,,,1778852626.595448,/home/haoandong/ask2act/services/a6000_web/artifacts/offline_experiments/top_cups_01/scenes/scene_015/observation.jpg,e858e112-1ffc-4a80-b6b4-82e39fbcbfb2,finished,1,1,cand_001,78.962162733078,1778852705.5576668,correct,,1778852705.5575452,,False,True,Pick up the right bottle.,1,"{'plausible': ['cand_001'], 'eliminated': [], 'last_removed': []}",1,1,78.962162733078,25,,,Pick up the right bottle.,scene_015::Pick up the right bottle.,pick up the right bottle,0,0,1,0,0,1,bottle,scene_015|partial,15,2,0.8666666666666667,8
trial_20260515_224518_b23169,top_cups_01,main,scene_015,bottle_only,[],Pick up the black bottle.,clear,random_question,,,,1778852720.2060955,/home/haoandong/ask2act/services/a6000_web/artifacts/offline_experiments/top_cups_01/scenes/scene_015/observation.jpg,5cf11f3c-e208-40ce-a516-afa7154abdbf,finished,1,0,cand_001,1.7921419143676758,1778852721.9983044,correct,,1778852721.9981802,,False,True,Pick up the black bottle.,1,"{'plausible': ['cand_001'], 'eliminated': [], 'last_removed': []}",1,0,1.7921419143676758,25,,,Pick up the black bottle.,scene_015::Pick up the black bottle.,pick up the black bottle,0,1,0,0,0,1,bottle,scene_015|clear,14,8,0.4285714285714286,3
trial_20260515_224526_be1879,top_cups_01,main,scene_015,bottle_only,[],Pick up the red bottle.,clear,random_question,,,,1778852727.6708934,/home/haoandong/ask2act/services/a6000_web/artifacts/offline_experiments/top_cups_01/scenes/scene_015/observation.jpg,dffee6d2-aa51-480c-8428-60e952e8e662,finished,1,0,cand_001,3.493518829345703,1778852731.1644647,correct,,1778852731.1643543,,False,True,Pick up the red bottle.,1,"{'plausible': ['cand_001'], 'eliminated': [], 'last_removed': []}",1,0,3.493518829345703,23,,,Pick up the red bottle.,scene_015::Pick up the red bottle.,pick up the red bottle,0,1,0,0,0,1,bottle,scene_015|clear,14,8,0.4285714285714286,4
trial_20260515_224537_8c71d7,top_cups_01,main,scene_015,bottle_only,[],Pick up the red bottle.,clear,vlm_best_question,,,,1778852738.539165,/home/haoandong/ask2act/services/a6000_web/artifacts/offline_experiments/top_cups_01/scenes/scene_015/observation.jpg,9ac89a04-6e88-433e-98cb-59146e9f9a85,finished,1,0,cand_001,2.723392963409424,1778852741.2627244,correct,,1778852741.2624624,,False,True,Pick up the red bottle.,1,"{'plausible': ['cand_001'], 'eliminated': [], 'last_removed': []}",1,0,2.723392963409424,23,,,Pick up the red bottle.,scene_015::Pick up the red bottle.,pick up the red bottle,0,1,0,0,0,1,bottle,scene_015|clear,14,8,0.4285714285714286,4
trial_20260515_224546_8d76ef,top_cups_01,main,scene_015,bottle_only,[],Pick up the tall bottle.,clear,vlm_best_question,,,,1778852747.3882754,/home/haoandong/ask2act/services/a6000_web/artifacts/offline_experiments/top_cups_01/scenes/scene_015/observation.jpg,76dd9020-3b70-44fb-a66c-35492d524266,finished,1,0,cand_001,2.3723108768463135,1778852749.760653,correct,,1778852749.7605283,,False,True,Pick up the tall bottle.,1,"{'plausible': ['cand_001'], 'eliminated': [], 'last_removed': []}",1,0,2.3723108768463135,24,,,Pick up the tall bottle.,scene_015::Pick up the tall bottle.,pick up the tall bottle,0,0,0,0,1,1,bottle,scene_015|clear,14,8,0.4285714285714286,2
trial_20260515_224744_df00d0,top_cups_01,main,scene_015,bottle_only,[],Pick up the right bottle.,partial,vlm_best_question,,,,1778852865.0476377,/home/haoandong/ask2act/services/a6000_web/artifacts/offline_experiments/top_cups_01/scenes/scene_015/observation.jpg,62112e94-4395-40e6-9be3-bbc49069409c,finished,1,0,cand_001,25.19723105430603,1778852890.2449248,correct,,1778852890.2448156,,False,True,Pick up the right bottle.,1,"{'plausible': ['cand_001'], 'eliminated': [], 'last_removed': []}",1,0,25.19723105430603,25,,,Pick up the right bottle.,scene_015::Pick up the right bottle.,pick up the right bottle,0,0,1,0,0,1,bottle,scene_015|partial,15,2,0.8666666666666667,8
trial_20260515_224821_69e7d9,top_cups_01,main,scene_015,bottle_only,[],Pick up the left bottle.,partial,vlm_best_question,,,,1778852902.0398507,/home/haoandong/ask2act/services/a6000_web/artifacts/offline_experiments/top_cups_01/scenes/scene_015/observation.jpg,947808af-a548-471f-b522-963c0b812a8c,finished,1,1,cand_001,86.28098797798157,1779206862.4236963,unresolved,,1778852988.3207762,wrong_object_selected,True,True,Pick up the left bottle.,1,"{'plausible': ['cand_001'], 'eliminated': [], 'last_removed': []}",0,1,86.28098797798157,24,,,Pick up the left bottle.,scene_015::Pick up the left bottle.,pick up the left bottle,0,0,1,0,0,1,bottle,scene_015|partial,15,2,0.8666666666666667,7
trial_20260515_224959_3d0b38,top_cups_01,main,scene_015,bottle_only,[],Pick up my bottle.,ambiguous,vlm_best_question,,,,1778853000.8957455,/home/haoandong/ask2act/services/a6000_web/artifacts/offline_experiments/top_cups_01/scenes/scene_015/observation.jpg,dc19913c-3b79-4434-8aa7-5ec640b2ca23,finished,4,2,cand_004,151.34630870819092,1778853152.2422078,correct,,1778853152.241932,,False,True,Pick up my bottle.,4,"{'plausible': ['cand_004'], 'eliminated': ['cand_001', 'cand_002', 'cand_003'], 'last_removed': ['cand_002']}",1,2,151.34630870819092,18,,,Pick up my bottle.,scene_015::Pick up my bottle.,pick up my bottle,1,0,0,0,0,1,bottle,scene_015|ambiguous,14,1,0.9285714285714286,14
trial_20260515_225234_975605,top_cups_01,main,scene_015,bottle_only,[],Pick up my bottle.,ambiguous,vlm_best_question,,,,1778853155.3816695,/home/haoandong/ask2act/services/a6000_web/artifacts/offline_experiments/top_cups_01/scenes/scene_015/observation.jpg,3a7b7e44-383d-42b2-9392-0358193636eb,finished,4,2,cand_003,304.08064889907837,1778853459.4625537,correct,,1778853459.4621434,,False,True,Pick up my bottle.,4,"{'plausible': ['cand_003'], 'eliminated': ['cand_001', 'cand_002', 'cand_004'], 'last_removed': ['cand_001']}",1,2,304.08064889907837,18,,,Pick up my bottle.,scene_015::Pick up my bottle.,pick up my bottle,1,0,0,0,0,1,bottle,scene_015|ambiguous,14,1,0.9285714285714286,14
trial_20260515_225743_ed6d04,top_cups_01,main,scene_015,bottle_only,[],Pick up my bottle.,ambiguous,proposed_efe,,,,1778853464.0532196,/home/haoandong/ask2act/services/a6000_web/artifacts/offline_experiments/top_cups_01/scenes/scene_015/observation.jpg,9383254e-1576-42cc-869b-0834c2c5b9a7,finished,4,1,cand_004,119.0454363822937,1778853583.0987093,correct,,1778853583.098582,,False,True,Pick up my bottle.,4,"{'plausible': ['cand_004'], 'eliminated': ['cand_001', 'cand_002', 'cand_003'], 'last_removed': ['cand_001', 'cand_002', 'cand_003']}",1,1,119.0454363822937,18,,,Pick up my bottle.,scene_015::Pick up my bottle.,pick up my bottle,1,0,0,0,0,1,bottle,scene_015|ambiguous,14,1,0.9285714285714286,14
trial_20260515_225944_1fb1d8,top_cups_01,main,scene_015,bottle_only,[],Pick up my bottle.,ambiguous,proposed_efe,,,,1778853585.0136092,/home/haoandong/ask2act/services/a6000_web/artifacts/offline_experiments/top_cups_01/scenes/scene_015/observation.jpg,65472627-cc49-497f-9e41-4e4e593bf5c5,finished,4,2,cand_003,117.92993807792664,1778853702.9437597,correct,,1778853702.9433916,,False,True,Pick up my bottle.,4,"{'plausible': ['cand_003'], 'eliminated': ['cand_001', 'cand_002', 'cand_004'], 'last_removed': ['cand_001']}",1,2,117.92993807792664,18,,,Pick up my bottle.,scene_015::Pick up my bottle.,pick up my bottle,1,0,0,0,0,1,bottle,scene_015|ambiguous,14,1,0.9285714285714286,14
trial_20260515_230207_0f8ec2,top_cups_01,main,scene_015,bottle_only,[],Pick up the left bottle.,partial,proposed_efe,,,,1778853728.1657643,/home/haoandong/ask2act/services/a6000_web/artifacts/offline_experiments/top_cups_01/scenes/scene_015/observation.jpg,abde97a6-16cd-4a81-acef-122cc9a26e50,finished,1,0,cand_001,146.22119688987732,1779206898.2264352,wrong,,1778853874.3869061,wrong_object_selected,True,True,Pick up the left bottle.,1,"{'plausible': ['cand_001'], 'eliminated': [], 'last_removed': []}",0,0,146.22119688987732,24,,,Pick up the left bottle.,scene_015::Pick up the left bottle.,pick up the left bottle,0,0,1,0,0,1,bottle,scene_015|partial,15,2,0.8666666666666667,7
trial_20260515_230443_fb564a,top_cups_01,main,scene_015,bottle_only,[],Pick up the right bottle.,partial,proposed_efe,,,,1778853884.7567906,/home/haoandong/ask2act/services/a6000_web/artifacts/offline_experiments/top_cups_01/scenes/scene_015/observation.jpg,e9199d20-8aab-4a6d-a8bb-359d21d762d6,finished,1,1,cand_001,58.358097553253174,1778853943.1149447,correct,,1778853943.1148283,,False,True,Pick up the right bottle.,1,"{'plausible': ['cand_001'], 'eliminated': [], 'last_removed': []}",1,1,58.358097553253174,25,,,Pick up the right bottle.,scene_015::Pick up the right bottle.,pick up the right bottle,0,0,1,0,0,1,bottle,scene_015|partial,15,2,0.8666666666666667,8
trial_20260515_230553_ee2000,top_cups_01,main,scene_015,bottle_only,[],Pick up the red bottle.,clear,proposed_efe,,,,1778853954.3592293,/home/haoandong/ask2act/services/a6000_web/artifacts/offline_experiments/top_cups_01/scenes/scene_015/observation.jpg,d5354286-89b1-4152-8daf-b1c4f3ab0f13,finished,1,0,cand_001,2.2797529697418213,1778853956.6390455,correct,,1778853956.6389258,,False,True,Pick up the red bottle.,1,"{'plausible': ['cand_001'], 'eliminated': [], 'last_removed': []}",1,0,2.2797529697418213,23,,,Pick up the red bottle.,scene_015::Pick up the red bottle.,pick up the red bottle,0,1,0,0,0,1,bottle,scene_015|clear,14,8,0.4285714285714286,4
trial_20260515_230602_4f1f7f,top_cups_01,main,scene_015,bottle_only,[],Pick up the black bottle.,clear,proposed_efe,,,,1778853963.9606032,/home/haoandong/ask2act/services/a6000_web/artifacts/offline_experiments/top_cups_01/scenes/scene_015/observation.jpg,2fd111e6-6373-40ff-bb2f-98dc2c0fd037,finished,1,0,cand_001,7.962525367736816,1778853971.9231818,correct,,1778853971.9230747,,False,True,Pick up the black bottle.,1,"{'plausible': ['cand_001'], 'eliminated': [], 'last_removed': []}",1,0,7.962525367736816,25,,,Pick up the black bottle.,scene_015::Pick up the black bottle.,pick up the black bottle,0,1,0,0,0,1,bottle,scene_015|clear,14,8,0.4285714285714286,3
trial_20260516_010832_dffc62,top_cups_01,main,scene_016,utensil_only,[],Pick up the blue fork.,clear,top_score,,,,1778861314.265692,/home/haoandong/ask2act/services/a6000_web/artifacts/offline_experiments/top_cups_01/scenes/scene_016/observation.jpg,0ae70179-7d00-4fc5-b580-69f73b6a88d3,finished,1,0,cand_001,5.1966962814331055,1778861319.4624407,correct,,1778861319.4623275,,False,True,Pick up the blue fork.,1,"{'plausible': ['cand_001'], 'eliminated': [], 'last_removed': []}",1,0,5.1966962814331055,22,,,Pick up the blue fork.,scene_016::Pick up the blue fork.,pick up the blue fork,0,1,0,0,0,1,fork,scene_016|clear,12,7,0.41666666666666663,2
trial_20260516_010849_d0a949,top_cups_01,main,scene_016,utensil_only,[],Pick up the yellow fork.,clear,top_score,,,,1778861330.7735918,/home/haoandong/ask2act/services/a6000_web/artifacts/offline_experiments/top_cups_01/scenes/scene_016/observation.jpg,6504f58e-f046-479b-b79f-e619e7323883,finished,1,0,cand_001,2.902175188064575,1778861333.6758218,correct,,1778861333.6757128,,False,True,Pick up the yellow fork.,1,"{'plausible': ['cand_001'], 'eliminated': [], 'last_removed': []}",1,0,2.902175188064575,24,,,Pick up the yellow fork.,scene_016::Pick up the yellow fork.,pick up the yellow fork,0,1,0,0,0,1,fork,scene_016|clear,12,7,0.41666666666666663,2
trial_20260516_010910_d6aeff,top_cups_01,main,scene_016,utensil_only,[],Pick up the green fork.,clear,random_candidate,,,,1778861351.578512,/home/haoandong/ask2act/services/a6000_web/artifacts/offline_experiments/top_cups_01/scenes/scene_016/observation.jpg,58e8e1a8-a21b-4ef5-86f6-f5a1685e03c7,finished,1,0,cand_001,4.764615297317505,1778861356.343214,correct,,1778861356.3430636,,False,True,Pick up the green fork.,1,"{'plausible': ['cand_001'], 'eliminated': [], 'last_removed': []}",1,0,4.764615297317505,23,,,Pick up the green fork.,scene_016::Pick up the green fork.,pick up the green fork,0,1,0,0,0,1,fork,scene_016|clear,12,7,0.41666666666666663,2
trial_20260516_011028_12b45d,top_cups_01,main,scene_016,utensil_only,[],Pick up the right folk.,clear,vlm_direct,,,,1778861429.6195648,/home/haoandong/ask2act/services/a6000_web/artifacts/offline_experiments/top_cups_01/scenes/scene_016/observation.jpg,5050f3a0-b59a-4064-b1d5-a30cfc112e89,finished,7,0,cand_001,33.43638229370117,1778861463.056009,correct,,1778861463.0558765,,False,True,Pick up the right folk.,7,"{'plausible': ['cand_001'], 'eliminated': ['cand_002', 'cand_003', 'cand_004', 'cand_005', 'cand_006', 'cand_007'], 'last_removed': ['cand_002', 'cand_003', 'cand_004', 'cand_005', 'cand_006', 'cand_007']}",1,0,33.43638229370117,23,,,Pick up the right folk.,scene_016::Pick up the right folk.,pick up the right folk,0,0,1,0,0,1,unknown,scene_016|clear,12,7,0.41666666666666663,1
trial_20260516_011120_55329c,top_cups_01,main,scene_016,utensil_only,[],Pick up the blue spoon.,clear,first_question,,,,1778861481.9876678,/home/haoandong/ask2act/services/a6000_web/artifacts/offline_experiments/top_cups_01/scenes/scene_016/observation.jpg,c5030924-4ff7-49f4-9a8d-0ea7bbae1412,finished,1,0,cand_001,3.509835720062256,1778861485.4975848,correct,,1778861485.4974422,,False,True,Pick up the blue spoon.,1,"{'plausible': ['cand_001'], 'eliminated': [], 'last_removed': []}",1,0,3.509835720062256,23,,,Pick up the blue spoon.,scene_016::Pick up the blue spoon.,pick up the blue spoon,0,1,0,0,0,1,spoon,scene_016|clear,12,7,0.41666666666666663,2
trial_20260516_011245_d832e2,top_cups_01,main,scene_016,utensil_only,[],Pick up the red fork.,partial,top_score,,,,1778861566.764597,/home/haoandong/ask2act/services/a6000_web/artifacts/offline_experiments/top_cups_01/scenes/scene_016/observation.jpg,72b7f7d4-5e6b-4fbb-af29-a25ef1f23b1c,finished,1,0,cand_001,3.657487630844116,1779206954.8929646,wrong,,1778861570.4220285,wrong_object_selected,True,True,Pick up the red fork.,1,"{'plausible': ['cand_001'], 'eliminated': [], 'last_removed': []}",0,0,3.657487630844116,21,,,Pick up the red fork.,scene_016::Pick up the red fork.,pick up the red fork,0,1,0,0,0,1,fork,scene_016|partial,14,6,0.5714285714285714,1
trial_20260516_011256_1914a9,top_cups_01,main,scene_016,utensil_only,[],Pick up the red spoon.,partial,top_score,,,,1778861577.9722664,/home/haoandong/ask2act/services/a6000_web/artifacts/offline_experiments/top_cups_01/scenes/scene_016/observation.jpg,725129d4-5e5d-40a9-8221-289d3b330930,finished,1,0,cand_001,2.883211851119995,1778861580.8555331,correct,,1778861580.8554215,,False,True,Pick up the red spoon.,1,"{'plausible': ['cand_001'], 'eliminated': [], 'last_removed': []}",1,0,2.883211851119995,22,,,Pick up the red spoon.,scene_016::Pick up the red spoon.,pick up the red spoon,0,1,0,0,0,1,spoon,scene_016|partial,14,6,0.5714285714285714,1
trial_20260516_011313_aa428d,top_cups_01,main,scene_016,utensil_only,[],Pick up my spoon.,ambiguous,top_score,,,,1778861594.7244039,/home/haoandong/ask2act/services/a6000_web/artifacts/offline_experiments/top_cups_01/scenes/scene_016/observation.jpg,1dc91b88-aafb-4ee2-8669-a5954d648354,finished,3,0,cand_001,8.20161247253418,1779206977.723953,wrong,,1778861602.9259515,ambiguity_not_solved,True,True,Pick up my spoon.,3,"{'plausible': ['cand_001'], 'eliminated': ['cand_002', 'cand_003'], 'last_removed': ['cand_002', 'cand_003']}",0,0,8.20161247253418,17,,,Pick up my spoon.,scene_016::Pick up my spoon.,pick up my spoon,1,0,0,0,0,1,spoon,scene_016|ambiguous,12,2,0.8333333333333334,5
trial_20260516_012422_ba3f5f,top_cups_01,main,scene_016,utensil_only,[],Pick up the blue fork.,clear,random_question,,,,1778862263.9143305,/home/haoandong/ask2act/services/a6000_web/artifacts/offline_experiments/top_cups_01/scenes/scene_016/observation.jpg,71f1205d-9096-4eba-90ab-c313c6771b36,finished,1,0,cand_001,2.849837303161621,1778862266.764367,correct,,1778862266.7640502,,False,True,Pick up the blue fork.,1,"{'plausible': ['cand_001'], 'eliminated': [], 'last_removed': []}",1,0,2.849837303161621,22,,,Pick up the blue fork.,scene_016::Pick up the blue fork.,pick up the blue fork,0,1,0,0,0,1,fork,scene_016|clear,12,7,0.41666666666666663,2
trial_20260516_012433_f2bcff,top_cups_01,main,scene_016,utensil_only,[],Pick up the blue spoon.,clear,random_question,,,,1778862274.2943501,/home/haoandong/ask2act/services/a6000_web/artifacts/offline_experiments/top_cups_01/scenes/scene_016/observation.jpg,5495b8ef-3baa-489f-80a9-b8142459e9f8,finished,1,0,cand_001,3.1613173484802246,1778862277.4557228,correct,,1778862277.4556148,,False,True,Pick up the blue spoon.,1,"{'plausible': ['cand_001'], 'eliminated': [], 'last_removed': []}",1,0,3.1613173484802246,23,,,Pick up the blue spoon.,scene_016::Pick up the blue spoon.,pick up the blue spoon,0,1,0,0,0,1,spoon,scene_016|clear,12,7,0.41666666666666663,2
trial_20260516_012450_5aa8e0,top_cups_01,main,scene_016,utensil_only,[],Pick up the yellow fork.,clear,vlm_best_question,,,,1778862291.5510645,/home/haoandong/ask2act/services/a6000_web/artifacts/offline_experiments/top_cups_01/scenes/scene_016/observation.jpg,839048c5-a318-4723-bb3b-d21043b14c49,finished,1,0,cand_001,3.130105972290039,1778862294.6813672,correct,,1778862294.6810544,,False,True,Pick up the yellow fork.,1,"{'plausible': ['cand_001'], 'eliminated': [], 'last_removed': []}",1,0,3.130105972290039,24,,,Pick up the yellow fork.,scene_016::Pick up the yellow fork.,pick up the yellow fork,0,1,0,0,0,1,fork,scene_016|clear,12,7,0.41666666666666663,2
trial_20260516_012501_26f555,top_cups_01,main,scene_016,utensil_only,[],Pick up the left fork.,clear,vlm_best_question,,,,1778862303.2342849,/home/haoandong/ask2act/services/a6000_web/artifacts/offline_experiments/top_cups_01/scenes/scene_016/observation.jpg,8837eec5-a2ec-404d-9c00-6adfeb037cab,finished,1,0,cand_001,3.738053798675537,1778862306.9723947,correct,,1778862306.9722838,,False,True,Pick up the left fork.,1,"{'plausible': ['cand_001'], 'eliminated': [], 'last_removed': []}",1,0,3.738053798675537,22,,,Pick up the left fork.,scene_016::Pick up the left fork.,pick up the left fork,0,0,1,0,0,1,fork,scene_016|clear,12,7,0.41666666666666663,2
trial_20260516_012515_b5cc30,top_cups_01,main,scene_016,utensil_only,[],Pick up the left fork.,clear,proposed_efe,,,,1778862316.9440615,/home/haoandong/ask2act/services/a6000_web/artifacts/offline_experiments/top_cups_01/scenes/scene_016/observation.jpg,fe05bf0e-e8e3-43e1-a952-f40e06fc4d1c,finished,1,0,cand_001,6.2184765338897705,1778862323.1625974,correct,,1778862323.162489,,False,True,Pick up the left fork.,1,"{'plausible': ['cand_001'], 'eliminated': [], 'last_removed': []}",1,0,6.2184765338897705,22,,,Pick up the left fork.,scene_016::Pick up the left fork.,pick up the left fork,0,0,1,0,0,1,fork,scene_016|clear,12,7,0.41666666666666663,2
trial_20260516_012547_79efb8,top_cups_01,main,scene_016,utensil_only,[],Pick up the pink spoon.,clear,proposed_efe,,,,1778862348.5860517,/home/haoandong/ask2act/services/a6000_web/artifacts/offline_experiments/top_cups_01/scenes/scene_016/observation.jpg,a54341c6-3988-4769-b879-b0bec5a9d252,finished,1,0,cand_001,23.933719158172607,1778862372.5198987,correct,,1778862372.519692,,False,True,Pick up the pink spoon.,1,"{'plausible': ['cand_001'], 'eliminated': [], 'last_removed': []}",1,0,23.933719158172607,23,,,Pick up the pink spoon.,scene_016::Pick up the pink spoon.,pick up the pink spoon,0,1,0,0,0,1,spoon,scene_016|clear,12,7,0.41666666666666663,1
trial_20260516_013047_8ab6c9,top_cups_01,main,scene_016,utensil_only,[],Pick up my fork.,ambiguous,top_score,,,,1778862654.5432003,/home/haoandong/ask2act/services/a6000_web/artifacts/offline_experiments/top_cups_01/scenes/scene_016/observation.jpg,3ec17cb6-7a0b-44a9-aa3a-d6c1bd15b9be,finished,4,0,cand_001,8.728782653808594,1779207009.2457964,wrong,,1778862663.2719185,ambiguity_not_solved,True,True,Pick up my fork.,4,"{'plausible': ['cand_001'], 'eliminated': ['cand_002', 'cand_003', 'cand_004'], 'last_removed': ['cand_002', 'cand_003', 'cand_004']}",0,0,8.728782653808594,16,,,Pick up my fork.,scene_016::Pick up my fork.,pick up my fork,1,0,0,0,0,1,fork,scene_016|ambiguous,12,2,0.8333333333333334,7
trial_20260516_013124_dcee5c,top_cups_01,main,scene_016,utensil_only,[],Pick up my fork.,ambiguous,random_candidate,,,,1778862685.2127903,/home/haoandong/ask2act/services/a6000_web/artifacts/offline_experiments/top_cups_01/scenes/scene_016/observation.jpg,4354141a-d5a6-4972-a2cc-1ad72357fd47,finished,4,0,cand_004,4.790352821350098,1778862690.0032344,correct,,1778862690.0030646,,False,True,Pick up my fork.,4,"{'plausible': ['cand_004'], 'eliminated': ['cand_001', 'cand_002', 'cand_003'], 'last_removed': ['cand_001', 'cand_002', 'cand_003']}",1,0,4.790352821350098,16,,,Pick up my fork.,scene_016::Pick up my fork.,pick up my fork,1,0,0,0,0,1,fork,scene_016|ambiguous,12,2,0.8333333333333334,7
trial_20260516_013154_d25575,top_cups_01,main,scene_016,utensil_only,[],Pick up the right fork.,partial,random_candidate,,,,1778862715.6347246,/home/haoandong/ask2act/services/a6000_web/artifacts/offline_experiments/top_cups_01/scenes/scene_016/observation.jpg,a924fe5f-1823-49f0-8404-b2d86a45d532,finished,1,0,cand_001,3.326589345932007,1778862718.9613883,correct,,1778862718.9612546,,False,True,Pick up the right fork.,1,"{'plausible': ['cand_001'], 'eliminated': [], 'last_removed': []}",1,0,3.326589345932007,23,,,Pick up the right fork.,scene_016::Pick up the right fork.,pick up the right fork,0,0,1,0,0,1,fork,scene_016|partial,14,6,0.5714285714285714,6
trial_20260516_013214_77eb12,top_cups_01,main,scene_016,utensil_only,[],Pick up the blue fork.,partial,random_candidate,,,,1778862736.232714,/home/haoandong/ask2act/services/a6000_web/artifacts/offline_experiments/top_cups_01/scenes/scene_016/observation.jpg,59694af9-7383-429f-9f76-f233244672a6,finished,1,0,cand_001,3.3956832885742188,1778862739.6284556,correct,,1778862739.628335,,False,True,Pick up the blue fork.,1,"{'plausible': ['cand_001'], 'eliminated': [], 'last_removed': []}",1,0,3.3956832885742188,22,,,Pick up the blue fork.,scene_016::Pick up the blue fork.,pick up the blue fork,0,1,0,0,0,1,fork,scene_016|partial,14,6,0.5714285714285714,2
trial_20260516_013228_b1cff2,top_cups_01,main,scene_016,utensil_only,[],Pick up the blue fork.,partial,vlm_direct,,,,1778862749.6711864,/home/haoandong/ask2act/services/a6000_web/artifacts/offline_experiments/top_cups_01/scenes/scene_016/observation.jpg,c6fefb1c-b8ac-4ac6-9b95-02c398fa7ae4,finished,1,0,cand_001,3.570784568786621,1778862753.2420645,correct,,1778862753.2419016,,False,True,Pick up the blue fork.,1,"{'plausible': ['cand_001'], 'eliminated': [], 'last_removed': []}",1,0,3.570784568786621,22,,,Pick up the blue fork.,scene_016::Pick up the blue fork.,pick up the blue fork,0,1,0,0,0,1,fork,scene_016|partial,14,6,0.5714285714285714,2
trial_20260516_013239_2fb4f4,top_cups_01,main,scene_016,utensil_only,[],Pick up the right fork.,partial,vlm_direct,,,,1778862760.4971325,/home/haoandong/ask2act/services/a6000_web/artifacts/offline_experiments/top_cups_01/scenes/scene_016/observation.jpg,c1ea06ea-288e-49b9-b61b-75d96ca77195,finished,1,0,cand_001,5.616394519805908,1778862766.113728,correct,,1778862766.1134062,,False,True,Pick up the right fork.,1,"{'plausible': ['cand_001'], 'eliminated': [], 'last_removed': []}",1,0,5.616394519805908,23,,,Pick up the right fork.,scene_016::Pick up the right fork.,pick up the right fork,0,0,1,0,0,1,fork,scene_016|partial,14,6,0.5714285714285714,6
trial_20260516_013258_18fca1,top_cups_01,main,scene_016,utensil_only,[],Pick up my fork.,ambiguous,vlm_direct,,,,1778862779.2280872,/home/haoandong/ask2act/services/a6000_web/artifacts/offline_experiments/top_cups_01/scenes/scene_016/observation.jpg,adc7a8ee-5941-414d-b015-1e7a782ccb1c,finished,4,0,cand_001,64.18293786048889,1779207106.5868196,wrong,,1778862843.4109523,ambiguity_not_solved,True,True,Pick up my fork.,4,"{'plausible': ['cand_001'], 'eliminated': ['cand_002', 'cand_003', 'cand_004'], 'last_removed': ['cand_002', 'cand_003', 'cand_004']}",0,0,64.18293786048889,16,,,Pick up my fork.,scene_016::Pick up my fork.,pick up my fork,1,0,0,0,0,1,fork,scene_016|ambiguous,12,2,0.8333333333333334,7
trial_20260516_013405_195a16,top_cups_01,main,scene_016,utensil_only,[],Pick up my fork.,ambiguous,vlm_direct,,,,1778862846.331026,/home/haoandong/ask2act/services/a6000_web/artifacts/offline_experiments/top_cups_01/scenes/scene_016/observation.jpg,4f83a2d7-e80c-41fa-801e-32e73d12c5cc,finished,4,0,cand_001,57.69769620895386,1779207112.6895733,wrong,,1778862904.0286653,ambiguity_not_solved,True,True,Pick up my fork.,4,"{'plausible': ['cand_001'], 'eliminated': ['cand_002', 'cand_003', 'cand_004'], 'last_removed': ['cand_002', 'cand_003', 'cand_004']}",0,0,57.69769620895386,16,,,Pick up my fork.,scene_016::Pick up my fork.,pick up my fork,1,0,0,0,0,1,fork,scene_016|ambiguous,12,2,0.8333333333333334,7
trial_20260516_013516_7a4f89,top_cups_01,main,scene_016,utensil_only,[],Pick up my fork.,ambiguous,first_question,,,,1778862917.5815296,/home/haoandong/ask2act/services/a6000_web/artifacts/offline_experiments/top_cups_01/scenes/scene_016/observation.jpg,04c656fa-95bf-4770-95b2-b03560651819,finished,4,3,cand_004,199.43989753723145,1778863117.0215652,correct,,1778863117.0213184,,False,True,Pick up my fork.,4,"{'plausible': ['cand_004'], 'eliminated': ['cand_001', 'cand_002', 'cand_003'], 'last_removed': ['cand_002']}",1,3,199.43989753723145,16,,,Pick up my fork.,scene_016::Pick up my fork.,pick up my fork,1,0,0,0,0,1,fork,scene_016|ambiguous,12,2,0.8333333333333334,7
trial_20260516_013845_0a22ee,top_cups_01,main,scene_016,utensil_only,[],Pick up my spoon.,ambiguous,first_question,,,,1778863126.8441436,/home/haoandong/ask2act/services/a6000_web/artifacts/offline_experiments/top_cups_01/scenes/scene_016/observation.jpg,f9f9069d-f338-4c91-87c4-b9c5f945d7d9,finished,3,2,cand_003,83.12543177604675,1778863209.969635,correct,,1778863209.9695065,,False,True,Pick up my spoon.,3,"{'plausible': ['cand_003'], 'eliminated': ['cand_001', 'cand_002'], 'last_removed': ['cand_001']}",1,2,83.12543177604675,17,,,Pick up my spoon.,scene_016::Pick up my spoon.,pick up my spoon,1,0,0,0,0,1,spoon,scene_016|ambiguous,12,2,0.8333333333333334,5
trial_20260516_014048_cc3a51,top_cups_01,main,scene_016,utensil_only,[],Pick up the right spoon.,partial,first_question,,,,1778863249.3814566,/home/haoandong/ask2act/services/a6000_web/artifacts/offline_experiments/top_cups_01/scenes/scene_016/observation.jpg,6b0a3280-3da4-4233-8982-156ad9e41479,finished,1,0,,32.20054483413696,1779207185.9769378,unresolved,,1778863281.5819433,gd_missing_target_candidate,True,True,Pick up the right spoon.,1,"{'plausible': ['cand_001'], 'eliminated': [], 'last_removed': []}",0,0,32.20054483413696,24,,,Pick up the right spoon.,scene_016::Pick up the right spoon.,pick up the right spoon,0,0,1,0,0,1,spoon,scene_016|partial,14,6,0.5714285714285714,1
trial_20260516_020340_f61ea5,top_cups_01,main,scene_016,utensil_only,[],Pick up the right fork.,partial,first_question,,,,1778864626.7962785,/home/haoandong/ask2act/services/a6000_web/artifacts/offline_experiments/top_cups_01/scenes/scene_016/observation.jpg,83610d22-4c18-48b9-880a-4224fae1005d,finished,1,0,cand_001,32.92799782752991,1778864659.724462,correct,,1778864659.724162,,False,True,Pick up the right fork.,1,"{'plausible': ['cand_001'], 'eliminated': [], 'last_removed': []}",1,0,32.92799782752991,23,,,Pick up the right fork.,scene_016::Pick up the right fork.,pick up the right fork,0,0,1,0,0,1,fork,scene_016|partial,14,6,0.5714285714285714,6
trial_20260516_020439_fef12a,top_cups_01,main,scene_016,utensil_only,[],Pick up the green fork.,clear,first_question,,,,1778864681.1164808,/home/haoandong/ask2act/services/a6000_web/artifacts/offline_experiments/top_cups_01/scenes/scene_016/observation.jpg,2a74aa83-d139-4594-97ed-73d6ca846115,finished,1,0,cand_001,3.85538649559021,1778864684.9719193,correct,,1778864684.9718077,,False,True,Pick up the green fork.,1,"{'plausible': ['cand_001'], 'eliminated': [], 'last_removed': []}",1,0,3.85538649559021,23,,,Pick up the green fork.,scene_016::Pick up the green fork.,pick up the green fork,0,1,0,0,0,1,fork,scene_016|clear,12,7,0.41666666666666663,2
trial_20260516_020508_ec3aea,top_cups_01,main,scene_016,utensil_only,[],Pick up the right fork.,partial,random_question,,,,1778864709.5385957,/home/haoandong/ask2act/services/a6000_web/artifacts/offline_experiments/top_cups_01/scenes/scene_016/observation.jpg,b7714bab-d095-456d-86b9-c5cbbd1a7998,finished,1,0,cand_001,16.769646167755127,1778864726.308299,correct,,1778864726.3081903,,False,True,Pick up the right fork.,1,"{'plausible': ['cand_001'], 'eliminated': [], 'last_removed': []}",1,0,16.769646167755127,23,,,Pick up the right fork.,scene_016::Pick up the right fork.,pick up the right fork,0,0,1,0,0,1,fork,scene_016|partial,14,6,0.5714285714285714,6
trial_20260516_020534_0203b5,top_cups_01,main,scene_016,utensil_only,[],Pick up the left fork.,partial,random_question,,,,1778864735.625251,/home/haoandong/ask2act/services/a6000_web/artifacts/offline_experiments/top_cups_01/scenes/scene_016/observation.jpg,3db87b03-3184-445b-b816-ae221f36690b,finished,1,0,cand_001,33.344005823135376,1778864768.9693527,correct,,1778864768.9691863,,False,True,Pick up the left fork.,1,"{'plausible': ['cand_001'], 'eliminated': [], 'last_removed': []}",1,0,33.344005823135376,22,,,Pick up the left fork.,scene_016::Pick up the left fork.,pick up the left fork,0,0,1,0,0,1,fork,scene_016|partial,14,6,0.5714285714285714,3
trial_20260516_020618_18d428,top_cups_01,main,scene_016,utensil_only,[],Pick up my fork.,ambiguous,random_question,,,,1778864779.7499256,/home/haoandong/ask2act/services/a6000_web/artifacts/offline_experiments/top_cups_01/scenes/scene_016/observation.jpg,130ca161-ea6d-43cc-9aa7-3ed91872eb17,finished,4,3,cand_004,172.4519419670105,1778864952.2020605,correct,,1778864952.2017145,,False,True,Pick up my fork.,4,"{'plausible': ['cand_004'], 'eliminated': ['cand_001', 'cand_002', 'cand_003'], 'last_removed': ['cand_001']}",1,3,172.4519419670105,16,,,Pick up my fork.,scene_016::Pick up my fork.,pick up my fork,1,0,0,0,0,1,fork,scene_016|ambiguous,12,2,0.8333333333333334,7
trial_20260516_020932_33543f,top_cups_01,main,scene_016,utensil_only,[],Pick up my spoon.,ambiguous,random_question,,,,1778864973.1694589,/home/haoandong/ask2act/services/a6000_web/artifacts/offline_experiments/top_cups_01/scenes/scene_016/observation.jpg,16466eb4-c0a3-43c1-af0e-091022caf874,finished,3,2,cand_003,172.065532207489,1778865145.2350476,correct,,1778865145.2349246,,False,True,Pick up my spoon.,3,"{'plausible': ['cand_003'], 'eliminated': ['cand_001', 'cand_002'], 'last_removed': ['cand_002']}",1,2,172.065532207489,17,,,Pick up my spoon.,scene_016::Pick up my spoon.,pick up my spoon,1,0,0,0,0,1,spoon,scene_016|ambiguous,12,2,0.8333333333333334,5
trial_20260516_021229_7733d8,top_cups_01,main,scene_016,utensil_only,[],Pick up my spoon.,ambiguous,vlm_best_question,,,,1778865151.0411794,/home/haoandong/ask2act/services/a6000_web/artifacts/offline_experiments/top_cups_01/scenes/scene_016/observation.jpg,2597ca55-8b15-4cca-b9cd-a0a87c8ede5e,finished,3,2,cand_003,111.56608986854553,1778865262.607432,correct,,1778865262.607147,,False,True,Pick up my spoon.,3,"{'plausible': ['cand_003'], 'eliminated': ['cand_001', 'cand_002'], 'last_removed': ['cand_001']}",1,2,111.56608986854553,17,,,Pick up my spoon.,scene_016::Pick up my spoon.,pick up my spoon,1,0,0,0,0,1,spoon,scene_016|ambiguous,12,2,0.8333333333333334,5
trial_20260516_021429_8808a7,top_cups_01,main,scene_016,utensil_only,[],Pick up my fork.,ambiguous,vlm_best_question,,,,1778865271.1926494,/home/haoandong/ask2act/services/a6000_web/artifacts/offline_experiments/top_cups_01/scenes/scene_016/observation.jpg,fbed12c9-43e5-45e3-bce2-cd41113c9ccc,finished,4,3,cand_004,136.87455821037292,1778865408.067278,correct,,1778865408.0671318,,False,True,Pick up my fork.,4,"{'plausible': ['cand_004'], 'eliminated': ['cand_001', 'cand_002', 'cand_003'], 'last_removed': ['cand_002']}",1,3,136.87455821037292,16,,,Pick up my fork.,scene_016::Pick up my fork.,pick up my fork,1,0,0,0,0,1,fork,scene_016|ambiguous,12,2,0.8333333333333334,7
trial_20260516_021700_a74ab1,top_cups_01,main,scene_016,utensil_only,[],Pick up the left fork.,partial,vlm_best_question,,,,1778865421.4336715,/home/haoandong/ask2act/services/a6000_web/artifacts/offline_experiments/top_cups_01/scenes/scene_016/observation.jpg,91e902ca-d223-4673-b2ff-0f64481f261d,finished,1,0,cand_001,25.93111538887024,1778865447.36484,correct,,1778865447.3647282,,False,True,Pick up the left fork.,1,"{'plausible': ['cand_001'], 'eliminated': [], 'last_removed': []}",1,0,25.93111538887024,22,,,Pick up the left fork.,scene_016::Pick up the left fork.,pick up the left fork,0,0,1,0,0,1,fork,scene_016|partial,14,6,0.5714285714285714,3
trial_20260516_021733_ba6818,top_cups_01,main,scene_016,utensil_only,[],Pick up the right fork.,partial,vlm_best_question,,,,1778865454.9047854,/home/haoandong/ask2act/services/a6000_web/artifacts/offline_experiments/top_cups_01/scenes/scene_016/observation.jpg,fdc06209-e04e-4c39-9856-d675b5b12878,finished,1,0,cand_001,22.406211137771606,1778865477.3110507,correct,,1778865477.310941,,False,True,Pick up the right fork.,1,"{'plausible': ['cand_001'], 'eliminated': [], 'last_removed': []}",1,0,22.406211137771606,23,,,Pick up the right fork.,scene_016::Pick up the right fork.,pick up the right fork,0,0,1,0,0,1,fork,scene_016|partial,14,6,0.5714285714285714,6
trial_20260516_021833_0f8c03,top_cups_01,main,scene_016,utensil_only,[],Pick up the right fork.,partial,proposed_efe,,,,1778865514.0968914,/home/haoandong/ask2act/services/a6000_web/artifacts/offline_experiments/top_cups_01/scenes/scene_016/observation.jpg,f2b5d7f8-0ebc-44f2-ba61-f2d614ddce25,finished,1,0,cand_001,24.851557731628418,1778865538.9485066,correct,,1778865538.9483893,,False,True,Pick up the right fork.,1,"{'plausible': ['cand_001'], 'eliminated': [], 'last_removed': []}",1,0,24.851557731628418,23,,,Pick up the right fork.,scene_016::Pick up the right fork.,pick up the right fork,0,0,1,0,0,1,fork,scene_016|partial,14,6,0.5714285714285714,6
trial_20260516_021920_36d913,top_cups_01,main,scene_016,utensil_only,[],Pick up the left fork.,partial,proposed_efe,,,,1778865561.0121846,/home/haoandong/ask2act/services/a6000_web/artifacts/offline_experiments/top_cups_01/scenes/scene_016/observation.jpg,34045c96-43d9-436f-a1ef-a3d9cec4a7ca,finished,1,0,cand_001,23.385863065719604,1778865584.398106,correct,,1778865584.3979928,,False,True,Pick up the left fork.,1,"{'plausible': ['cand_001'], 'eliminated': [], 'last_removed': []}",1,0,23.385863065719604,22,,,Pick up the left fork.,scene_016::Pick up the left fork.,pick up the left fork,0,0,1,0,0,1,fork,scene_016|partial,14,6,0.5714285714285714,3
trial_20260516_022112_39afba,top_cups_01,main,scene_016,utensil_only,[],Pick up my spoon.,ambiguous,proposed_efe,,,,1778865673.7100112,/home/haoandong/ask2act/services/a6000_web/artifacts/offline_experiments/top_cups_01/scenes/scene_016/observation.jpg,60eae419-d121-40d5-837b-0d1e3e601a19,finished,3,2,cand_002,100.76672339439392,1779207208.1611853,wrong,,1778865774.476668,ambiguity_not_solved,True,True,Pick up my spoon.,3,"{'plausible': ['cand_002'], 'eliminated': ['cand_001', 'cand_003'], 'last_removed': ['cand_003']}",0,2,100.76672339439392,17,,,Pick up my spoon.,scene_016::Pick up my spoon.,pick up my spoon,1,0,0,0,0,1,spoon,scene_016|ambiguous,12,2,0.8333333333333334,5
trial_20260516_022329_cc45d2,top_cups_01,main,scene_017,utensil_only,[],Pick up my spoon.,ambiguous,top_score,,,,1778865809.9529612,/home/haoandong/ask2act/services/a6000_web/artifacts/offline_experiments/top_cups_01/scenes/scene_017/observation.jpg,2b080899-63b2-4884-ad33-3906a4b0171e,finished,3,0,cand_001,6.589204788208008,1778865816.5423481,correct,,1778865816.5420403,,False,True,Pick up my spoon.,3,"{'plausible': ['cand_001'], 'eliminated': ['cand_002', 'cand_003'], 'last_removed': ['cand_002', 'cand_003']}",1,0,6.589204788208008,17,,,Pick up my spoon.,scene_017::Pick up my spoon.,pick up my spoon,1,0,0,0,0,1,spoon,scene_017|ambiguous,15,5,0.6666666666666667,5
trial_20260516_022339_e953fd,top_cups_01,main,scene_017,utensil_only,[],Pick up my spoon.,ambiguous,top_score,,,,1778865820.6244411,/home/haoandong/ask2act/services/a6000_web/artifacts/offline_experiments/top_cups_01/scenes/scene_017/observation.jpg,fef24e1b-40e8-41bf-a973-d1be47a2eca0,finished,3,0,cand_001,2.235227346420288,1779207218.0303314,wrong,,1778865822.8595994,ambiguity_not_solved,True,True,Pick up my spoon.,3,"{'plausible': ['cand_001'], 'eliminated': ['cand_002', 'cand_003'], 'last_removed': ['cand_002', 'cand_003']}",0,0,2.235227346420288,17,,,Pick up my spoon.,scene_017::Pick up my spoon.,pick up my spoon,1,0,0,0,0,1,spoon,scene_017|ambiguous,15,5,0.6666666666666667,5
trial_20260516_022419_ae82b5,top_cups_01,main,scene_017,utensil_only,[],Pick up the blue spoon.,clear,top_score,,,,1778865860.2991042,/home/haoandong/ask2act/services/a6000_web/artifacts/offline_experiments/top_cups_01/scenes/scene_017/observation.jpg,a44812f0-ebc9-4590-ac1f-c8f9df05c1bf,finished,1,0,cand_001,3.598445415496826,1778865863.8977358,correct,,1778865863.8973036,,False,True,Pick up the blue spoon.,1,"{'plausible': ['cand_001'], 'eliminated': [], 'last_removed': []}",1,0,3.598445415496826,23,,,Pick up the blue spoon.,scene_017::Pick up the blue spoon.,pick up the blue spoon,0,1,0,0,0,1,spoon,scene_017|clear,14,12,0.1428571428571429,1
trial_20260516_022433_8caeb5,top_cups_01,main,scene_017,utensil_only,[],Pick up the pink spoon.,clear,random_candidate,,,,1778865874.3728487,/home/haoandong/ask2act/services/a6000_web/artifacts/offline_experiments/top_cups_01/scenes/scene_017/observation.jpg,f946dc6d-922c-4f7e-afa4-bc2615b0585a,finished,1,0,cand_001,2.8739585876464844,1778865877.246864,correct,,1778865877.246749,,False,True,Pick up the pink spoon.,1,"{'plausible': ['cand_001'], 'eliminated': [], 'last_removed': []}",1,0,2.8739585876464844,23,,,Pick up the pink spoon.,scene_017::Pick up the pink spoon.,pick up the pink spoon,0,1,0,0,0,1,spoon,scene_017|clear,14,12,0.1428571428571429,1
trial_20260516_022628_c7d12f,top_cups_01,main,scene_017,utensil_only,[],Pick up the yellow fork.,clear,random_candidate,,,,1778865990.073045,/home/haoandong/ask2act/services/a6000_web/artifacts/offline_experiments/top_cups_01/scenes/scene_017/observation.jpg,b5ea9858-28b6-4fb8-8b8e-6f0c159b287a,finished,1,0,cand_001,2.4646525382995605,1778865992.537746,correct,,1778865992.5376449,,False,True,Pick up the yellow fork.,1,"{'plausible': ['cand_001'], 'eliminated': [], 'last_removed': []}",1,0,2.4646525382995605,24,,,Pick up the yellow fork.,scene_017::Pick up the yellow fork.,pick up the yellow fork,0,1,0,0,0,1,fork,scene_017|clear,14,12,0.1428571428571429,1
trial_20260516_022651_4a49a7,top_cups_01,main,scene_017,utensil_only,[],Pick up the blue fork.,clear,vlm_direct,,,,1778866012.895449,/home/haoandong/ask2act/services/a6000_web/artifacts/offline_experiments/top_cups_01/scenes/scene_017/observation.jpg,0873f2bd-dabe-40ba-b60d-346a0932931a,finished,1,0,cand_001,2.5889546871185303,1778866015.4845152,correct,,1778866015.4843283,,False,True,Pick up the blue fork.,1,"{'plausible': ['cand_001'], 'eliminated': [], 'last_removed': []}",1,0,2.5889546871185303,22,,,Pick up the blue fork.,scene_017::Pick up the blue fork.,pick up the blue fork,0,1,0,0,0,1,fork,scene_017|clear,14,12,0.1428571428571429,2
trial_20260516_022703_569c03,top_cups_01,main,scene_017,utensil_only,[],Pick up the green fork.,clear,vlm_direct,,,,1778866024.5613978,/home/haoandong/ask2act/services/a6000_web/artifacts/offline_experiments/top_cups_01/scenes/scene_017/observation.jpg,d26e0f72-08b8-48a2-a662-e5d03bd9bc9c,finished,1,0,cand_001,4.9094178676605225,1778866029.4709532,correct,,1778866029.47074,,False,True,Pick up the green fork.,1,"{'plausible': ['cand_001'], 'eliminated': [], 'last_removed': []}",1,0,4.9094178676605225,23,,,Pick up the green fork.,scene_017::Pick up the green fork.,pick up the green fork,0,1,0,0,0,1,fork,scene_017|clear,14,12,0.1428571428571429,2
trial_20260516_022736_de5fb2,top_cups_01,main,scene_017,utensil_only,[],Pick up the small red fork.,clear,first_question,,,,1778866057.4496474,/home/haoandong/ask2act/services/a6000_web/artifacts/offline_experiments/top_cups_01/scenes/scene_017/observation.jpg,64a1b67b-535f-49a5-8357-7ef08a04d9da,finished,2,1,cand_002,26.711228132247925,1778866084.1611013,correct,,1778866084.1607258,,False,True,Pick up the small red fork.,2,"{'plausible': ['cand_002'], 'eliminated': ['cand_001'], 'last_removed': ['cand_001']}",1,1,26.711228132247925,27,,,Pick up the small red fork.,scene_017::Pick up the small red fork.,pick up the small red fork,0,1,0,0,1,1,fork,scene_017|clear,14,12,0.1428571428571429,1
trial_20260516_022826_cef7db,top_cups_01,main,scene_017,utensil_only,[],Pick up the bottom fork.,clear,first_question,,,,1778866107.264615,/home/haoandong/ask2act/services/a6000_web/artifacts/offline_experiments/top_cups_01/scenes/scene_017/observation.jpg,48b9313e-49d4-46eb-9b0d-b9b779092467,finished,1,0,cand_001,5.648345470428467,1778866112.913106,correct,,1778866112.9128544,,False,True,Pick up the bottom fork.,1,"{'plausible': ['cand_001'], 'eliminated': [], 'last_removed': []}",1,0,5.648345470428467,24,,,Pick up the bottom fork.,scene_017::Pick up the bottom fork.,pick up the bottom fork,0,0,1,0,0,1,fork,scene_017|clear,14,12,0.1428571428571429,1
trial_20260516_022846_81fd6d,top_cups_01,main,scene_017,utensil_only,[],Pick up the right fork.,clear,random_question,,,,1778866127.6907213,/home/haoandong/ask2act/services/a6000_web/artifacts/offline_experiments/top_cups_01/scenes/scene_017/observation.jpg,a0369a4b-d84a-473e-beaa-83aae48aa762,finished,1,0,cand_001,3.1096959114074707,1778866130.8005927,correct,,1778866130.800301,,False,True,Pick up the right fork.,1,"{'plausible': ['cand_001'], 'eliminated': [], 'last_removed': []}",1,0,3.1096959114074707,23,,,Pick up the right fork.,scene_017::Pick up the right fork.,pick up the right fork,0,0,1,0,0,1,fork,scene_017|clear,14,12,0.1428571428571429,1
trial_20260516_022901_a94566,top_cups_01,main,scene_017,utensil_only,[],Pick up the right spoon.,clear,random_question,,,,1778866143.1779766,/home/haoandong/ask2act/services/a6000_web/artifacts/offline_experiments/top_cups_01/scenes/scene_017/observation.jpg,256110c8-ed64-4c08-919b-dd0f5d0cf19d,finished,1,0,cand_001,2.7615439891815186,1778866145.939635,correct,,1778866145.9394383,,False,True,Pick up the right spoon.,1,"{'plausible': ['cand_001'], 'eliminated': [], 'last_removed': []}",1,0,2.7615439891815186,24,,,Pick up the right spoon.,scene_017::Pick up the right spoon.,pick up the right spoon,0,0,1,0,0,1,spoon,scene_017|clear,14,12,0.1428571428571429,1
trial_20260516_022915_aeddc1,top_cups_01,main,scene_017,utensil_only,[],Pick up the left spoon.,clear,vlm_best_question,,,,1778866156.4205034,/home/haoandong/ask2act/services/a6000_web/artifacts/offline_experiments/top_cups_01/scenes/scene_017/observation.jpg,fe89f22b-8c50-45a0-9527-444115b8ddf7,finished,1,0,cand_001,2.768510341644287,1778866159.189123,correct,,1778866159.1889384,,False,True,Pick up the left spoon.,1,"{'plausible': ['cand_001'], 'eliminated': [], 'last_removed': []}",1,0,2.768510341644287,23,,,Pick up the left spoon.,scene_017::Pick up the left spoon.,pick up the left spoon,0,0,1,0,0,1,spoon,scene_017|clear,14,12,0.1428571428571429,1
trial_20260516_022931_382351,top_cups_01,main,scene_017,utensil_only,[],Pick up the left fork.,clear,vlm_best_question,,,,1778866172.8882358,/home/haoandong/ask2act/services/a6000_web/artifacts/offline_experiments/top_cups_01/scenes/scene_017/observation.jpg,d4e6b4a6-2c54-451a-8fde-acabd688493d,finished,2,1,cand_002,52.10099649429321,1778866224.9894388,correct,,1778866224.9890857,,False,True,Pick up the left fork.,2,"{'plausible': ['cand_002'], 'eliminated': ['cand_001'], 'last_removed': ['cand_001']}",1,1,52.10099649429321,22,,,Pick up the left fork.,scene_017::Pick up the left fork.,pick up the left fork,0,0,1,0,0,1,fork,scene_017|clear,14,12,0.1428571428571429,1
trial_20260516_023037_ab71ad,top_cups_01,main,scene_017,utensil_only,[],Pick up the blue fork.,clear,proposed_efe,,,,1778866239.0413454,/home/haoandong/ask2act/services/a6000_web/artifacts/offline_experiments/top_cups_01/scenes/scene_017/observation.jpg,8c78ddc1-ebfb-47f0-a9b6-296ee25d6ba2,finished,1,0,cand_001,2.5525662899017334,1778866241.5940685,correct,,1778866241.5938075,,False,True,Pick up the blue fork.,1,"{'plausible': ['cand_001'], 'eliminated': [], 'last_removed': []}",1,0,2.5525662899017334,22,,,Pick up the blue fork.,scene_017::Pick up the blue fork.,pick up the blue fork,0,1,0,0,0,1,fork,scene_017|clear,14,12,0.1428571428571429,2
trial_20260516_023047_732365,top_cups_01,main,scene_017,utensil_only,[],Pick up the green fork.,clear,proposed_efe,,,,1778866248.8524091,/home/haoandong/ask2act/services/a6000_web/artifacts/offline_experiments/top_cups_01/scenes/scene_017/observation.jpg,7ef783da-573f-4820-b871-74dee8758953,finished,1,0,cand_001,4.80939507484436,1778866253.6619425,correct,,1778866253.6617153,,False,True,Pick up the green fork.,1,"{'plausible': ['cand_001'], 'eliminated': [], 'last_removed': []}",1,0,4.80939507484436,23,,,Pick up the green fork.,scene_017::Pick up the green fork.,pick up the green fork,0,1,0,0,0,1,fork,scene_017|clear,14,12,0.1428571428571429,2
trial_20260516_023122_20627f,top_cups_01,main,scene_017,utensil_only,[],Pick up my fork.,ambiguous,top_score,,,,1778866283.9112964,/home/haoandong/ask2act/services/a6000_web/artifacts/offline_experiments/top_cups_01/scenes/scene_017/observation.jpg,7ff4922e-1e0c-4668-93ae-a4ab5a7a3a63,finished,1,0,cand_001,8.797888994216919,1779207242.6870003,wrong,,1778866292.7090473,ambiguity_not_solved,True,True,Pick up my fork.,1,"{'plausible': ['cand_001'], 'eliminated': [], 'last_removed': []}",0,0,8.797888994216919,16,,,Pick up my fork.,scene_017::Pick up my fork.,pick up my fork,1,0,0,0,0,1,fork,scene_017|ambiguous,15,5,0.6666666666666667,5
trial_20260516_023134_e41df9,top_cups_01,main,scene_017,utensil_only,[],Pick up my fork.,ambiguous,top_score,,,,1778866295.392923,/home/haoandong/ask2act/services/a6000_web/artifacts/offline_experiments/top_cups_01/scenes/scene_017/observation.jpg,22ad4ffc-984d-4c17-b1a1-0ebdb309936d,finished,1,0,cand_001,20.32779812812805,1779207248.3479774,wrong,,1778866315.7205982,ambiguity_not_solved,True,True,Pick up my fork.,1,"{'plausible': ['cand_001'], 'eliminated': [], 'last_removed': []}",0,0,20.32779812812805,16,,,Pick up my fork.,scene_017::Pick up my fork.,pick up my fork,1,0,0,0,0,1,fork,scene_017|ambiguous,15,5,0.6666666666666667,5
trial_20260516_023341_485e38,top_cups_01,main,scene_017,utensil_only,[],Pick up my fork.,ambiguous,random_candidate,,,,1778866422.391159,/home/haoandong/ask2act/services/a6000_web/artifacts/offline_experiments/top_cups_01/scenes/scene_017/observation.jpg,cac1b1ef-67d3-46bd-852c-6113bb5d28fe,finished,1,0,cand_001,2.6934168338775635,1779207256.0082188,wrong,,1778866425.0845017,ambiguity_not_solved,True,True,Pick up my fork.,1,"{'plausible': ['cand_001'], 'eliminated': [], 'last_removed': []}",0,0,2.6934168338775635,16,,,Pick up my fork.,scene_017::Pick up my fork.,pick up my fork,1,0,0,0,0,1,fork,scene_017|ambiguous,15,5,0.6666666666666667,5
trial_20260516_023417_1b72ca,top_cups_01,main,scene_017,utensil_only,[],Pick up the left fork.,partial,random_candidate,,,,1778866457.9838004,/home/haoandong/ask2act/services/a6000_web/artifacts/offline_experiments/top_cups_01/scenes/scene_017/observation.jpg,2b423f92-1510-4d3d-81ce-82a83fc02a8c,finished,2,0,cand_002,5.807012319564819,1778866463.7909331,correct,,1778866463.7907295,,False,True,Pick up the left fork.,2,"{'plausible': ['cand_002'], 'eliminated': ['cand_001'], 'last_removed': ['cand_001']}",1,0,5.807012319564819,22,,,Pick up the left fork.,scene_017::Pick up the left fork.,pick up the left fork,0,0,1,0,0,1,fork,scene_017|partial,10,5,0.5,3
trial_20260516_023441_59d6b6,top_cups_01,main,scene_017,utensil_only,[],Pick up the right spoon.,partial,random_candidate,,,,1778866482.534305,/home/haoandong/ask2act/services/a6000_web/artifacts/offline_experiments/top_cups_01/scenes/scene_017/observation.jpg,e8a63916-6edd-48ab-a706-94c7d0426ce8,finished,1,0,cand_001,7.417574167251587,1778866489.952081,correct,,1778866489.9517446,,False,True,Pick up the right spoon.,1,"{'plausible': ['cand_001'], 'eliminated': [], 'last_removed': []}",1,0,7.417574167251587,24,,,Pick up the right spoon.,scene_017::Pick up the right spoon.,pick up the right spoon,0,0,1,0,0,1,spoon,scene_017|partial,10,5,0.5,4
trial_20260516_023514_d0f475,top_cups_01,main,scene_017,utensil_only,[],Pick up the right spoon.,partial,vlm_direct,,,,1778866515.7494285,/home/haoandong/ask2act/services/a6000_web/artifacts/offline_experiments/top_cups_01/scenes/scene_017/observation.jpg,e470a9f5-ea1e-4ec0-a9a1-dff973d7d07b,finished,1,0,cand_001,2.148642063140869,1778866517.8982306,correct,,1778866517.8979669,,False,True,Pick up the right spoon.,1,"{'plausible': ['cand_001'], 'eliminated': [], 'last_removed': []}",1,0,2.148642063140869,24,,,Pick up the right spoon.,scene_017::Pick up the right spoon.,pick up the right spoon,0,0,1,0,0,1,spoon,scene_017|partial,10,5,0.5,4
trial_20260516_023530_b561b0,top_cups_01,main,scene_017,utensil_only,[],Pick up the left spoon.,partial,vlm_direct,,,,1778866531.2740805,/home/haoandong/ask2act/services/a6000_web/artifacts/offline_experiments/top_cups_01/scenes/scene_017/observation.jpg,535f3f2b-8da8-46a6-9ef9-a96f5fb237c8,finished,1,0,cand_001,3.632608652114868,1778866534.906905,correct,,1778866534.9065468,,False,True,Pick up the left spoon.,1,"{'plausible': ['cand_001'], 'eliminated': [], 'last_removed': []}",1,0,3.632608652114868,23,,,Pick up the left spoon.,scene_017::Pick up the left spoon.,pick up the left spoon,0,0,1,0,0,1,spoon,scene_017|partial,10,5,0.5,1
trial_20260516_023549_a4b164,top_cups_01,main,scene_017,utensil_only,[],Pick up the my fork.,ambiguous,vlm_direct,,,,1778866550.744847,/home/haoandong/ask2act/services/a6000_web/artifacts/offline_experiments/top_cups_01/scenes/scene_017/observation.jpg,48e3e67f-f154-4aaf-b97c-5c7ed8ab33cb,finished,1,0,cand_001,4.21075439453125,1779207271.9012601,wrong,,1778866554.9555247,ambiguity_not_solved,True,True,Pick up the my fork.,1,"{'plausible': ['cand_001'], 'eliminated': [], 'last_removed': []}",0,0,4.21075439453125,20,,,Pick up the my fork.,scene_017::Pick up the my fork.,pick up the my fork,1,0,0,0,0,1,fork,scene_017|ambiguous,15,5,0.6666666666666667,2
trial_20260516_023556_cb7cf4,top_cups_01,main,scene_017,utensil_only,[],Pick up the my fork.,ambiguous,vlm_direct,,,,1778866557.2219477,/home/haoandong/ask2act/services/a6000_web/artifacts/offline_experiments/top_cups_01/scenes/scene_017/observation.jpg,1033b51f-ae71-4458-a493-01cae1799f41,finished,1,0,cand_001,10.335840225219727,1778866567.5578532,correct,,1778866567.557725,,False,True,Pick up the my fork.,1,"{'plausible': ['cand_001'], 'eliminated': [], 'last_removed': []}",1,0,10.335840225219727,20,,,Pick up the my fork.,scene_017::Pick up the my fork.,pick up the my fork,1,0,0,0,0,1,fork,scene_017|ambiguous,15,5,0.6666666666666667,2
trial_20260516_023613_45994f,top_cups_01,main,scene_017,utensil_only,[],Pick up the my spoon.,ambiguous,vlm_direct,,,,1778866574.4434826,/home/haoandong/ask2act/services/a6000_web/artifacts/offline_experiments/top_cups_01/scenes/scene_017/observation.jpg,4d2afa94-6a62-46a2-a48e-6f7eef49868f,finished,3,0,cand_001,75.63517475128174,1779207348.7001584,wrong,,1778866650.0785403,ambiguity_not_solved,True,True,Pick up the my spoon.,3,"{'plausible': ['cand_001'], 'eliminated': ['cand_002', 'cand_003'], 'last_removed': ['cand_002', 'cand_003']}",0,0,75.63517475128174,21,,,Pick up the my spoon.,scene_017::Pick up the my spoon.,pick up the my spoon,1,0,0,0,0,1,spoon,scene_017|ambiguous,15,5,0.6666666666666667,1
trial_20260516_024727_16adc9,top_cups_01,main,scene_017,utensil_only,[],Pick the left fork.,partial,first_question,,,,1778867253.0505776,/home/haoandong/ask2act/services/a6000_web/artifacts/offline_experiments/top_cups_01/scenes/scene_017/observation.jpg,be45543e-6dd6-49fd-9fa5-9cde37a775c7,finished,2,1,cand_001,37.11134696006775,1778867290.1621354,correct,,1778867290.161773,,False,True,Pick the left fork.,2,"{'plausible': ['cand_001'], 'eliminated': ['cand_002'], 'last_removed': ['cand_002']}",1,1,37.11134696006775,19,,,Pick the left fork.,scene_017::Pick the left fork.,pick the left fork,0,0,1,0,0,1,fork,scene_017|partial,10,5,0.5,1
trial_20260516_024818_76aac8,top_cups_01,main,scene_017,utensil_only,[],Pick the right spoon.,partial,first_question,,,,1778867299.0579505,/home/haoandong/ask2act/services/a6000_web/artifacts/offline_experiments/top_cups_01/scenes/scene_017/observation.jpg,7db2be37-7d49-425d-a56d-5eea86af455a,finished,15,0,,496.87981605529785,1778867795.9379096,correct,,1778867795.9377666,,False,True,Pick the right spoon.,15,"{'plausible': ['cand_001', 'cand_002', 'cand_003', 'cand_004', 'cand_005', 'cand_006', 'cand_007', 'cand_008', 'cand_009', 'cand_010', 'cand_011', 'cand_012', 'cand_013', 'cand_014', 'cand_015'], 'eliminated': [], 'last_removed': []}",1,0,496.87981605529785,21,,,Pick the right spoon.,scene_017::Pick the right spoon.,pick the right spoon,0,0,1,0,0,1,spoon,scene_017|partial,10,5,0.5,1
trial_20260516_030447_836b8f,top_cups_01,main,scene_017,utensil_only,[],Pick up the spoon.,clear,first_question,,,,1778868292.616014,/home/haoandong/ask2act/services/a6000_web/artifacts/offline_experiments/top_cups_01/scenes/scene_017/observation.jpg,e246de54-03ce-4fc3-b419-2c34d94a1a8d,finished,4,3,cand_003,158.1314196586609,1778868450.7475033,correct,,1778868450.7473469,,False,True,Pick up the spoon.,4,"{'plausible': ['cand_003'], 'eliminated': ['cand_001', 'cand_002', 'cand_004'], 'last_removed': ['cand_004']}",1,3,158.1314196586609,18,,,Pick up the spoon.,scene_017::Pick up the spoon.,pick up the spoon,0,0,0,0,0,0,spoon,scene_017|clear,14,12,0.1428571428571429,1
trial_20260516_030829_78383a,top_cups_01,main,scene_017,utensil_only,[],Pick up my fork.,ambiguous,first_question,,,,1778868515.7650054,/home/haoandong/ask2act/services/a6000_web/artifacts/offline_experiments/top_cups_01/scenes/scene_017/observation.jpg,63aaf82d-f386-4739-84fa-8a6719a0da4f,finished,1,0,cand_001,11.521985292434692,1779207530.1282644,unresolved,,1778868527.2869275,gd_missing_target_candidate,True,True,Pick up my fork.,1,"{'plausible': ['cand_001'], 'eliminated': [], 'last_removed': []}",0,0,11.521985292434692,16,,,Pick up my fork.,scene_017::Pick up my fork.,pick up my fork,1,0,0,0,0,1,fork,scene_017|ambiguous,15,5,0.6666666666666667,5
trial_20260516_030855_7c14be,top_cups_01,main,scene_017,utensil_only,[],Pick up my fork.,ambiguous,random_question,,,,1778868536.852318,/home/haoandong/ask2act/services/a6000_web/artifacts/offline_experiments/top_cups_01/scenes/scene_017/observation.jpg,8d645903-6094-4fe2-acb1-dd42f8d12be7,finished,1,0,cand_001,4.321314573287964,1779207553.6209352,unresolved,,1778868541.1735754,gd_missing_target_candidate,True,True,Pick up my fork.,1,"{'plausible': ['cand_001'], 'eliminated': [], 'last_removed': []}",0,0,4.321314573287964,16,,,Pick up my fork.,scene_017::Pick up my fork.,pick up my fork,1,0,0,0,0,1,fork,scene_017|ambiguous,15,5,0.6666666666666667,5
trial_20260516_030907_c25da4,top_cups_01,main,scene_017,utensil_only,[],Pick up my spoon.,ambiguous,random_question,,,,1778868548.2075262,/home/haoandong/ask2act/services/a6000_web/artifacts/offline_experiments/top_cups_01/scenes/scene_017/observation.jpg,26568114-7e47-4df1-8408-6dd5edf6ec9b,finished,3,2,cand_003,120.48949861526489,1778868668.697144,correct,,1778868668.6969275,,False,True,Pick up my spoon.,3,"{'plausible': ['cand_003'], 'eliminated': ['cand_001', 'cand_002'], 'last_removed': ['cand_002']}",1,2,120.48949861526489,17,,,Pick up my spoon.,scene_017::Pick up my spoon.,pick up my spoon,1,0,0,0,0,1,spoon,scene_017|ambiguous,15,5,0.6666666666666667,5
trial_20260516_031122_84902b,top_cups_01,main,scene_017,utensil_only,[],Pick up the right spoon.,partial,random_question,,,,1778868684.2532673,/home/haoandong/ask2act/services/a6000_web/artifacts/offline_experiments/top_cups_01/scenes/scene_017/observation.jpg,f2ec13ef-100b-4f78-ba4c-91486e5a6095,finished,1,0,cand_001,4.087787628173828,1778868688.3412664,correct,,1778868688.3409321,,False,True,Pick up the right spoon.,1,"{'plausible': ['cand_001'], 'eliminated': [], 'last_removed': []}",1,0,4.087787628173828,24,,,Pick up the right spoon.,scene_017::Pick up the right spoon.,pick up the right spoon,0,0,1,0,0,1,spoon,scene_017|partial,10,5,0.5,4
trial_20260516_031147_11cd91,top_cups_01,main,scene_017,utensil_only,[],Pick up the left fork.,partial,random_question,,,,1778868708.3131318,/home/haoandong/ask2act/services/a6000_web/artifacts/offline_experiments/top_cups_01/scenes/scene_017/observation.jpg,d5c423c2-1061-4af3-92b0-4c0da2fc260f,finished,2,1,cand_002,44.54900670051575,1778868752.8623464,correct,,1778868752.8620007,,False,True,Pick up the left fork.,2,"{'plausible': ['cand_002'], 'eliminated': ['cand_001'], 'last_removed': ['cand_001']}",1,1,44.54900670051575,22,,,Pick up the left fork.,scene_017::Pick up the left fork.,pick up the left fork,0,0,1,0,0,1,fork,scene_017|partial,10,5,0.5,3
trial_20260516_031239_21d395,top_cups_01,main,scene_017,utensil_only,[],Pick up the left fork.,partial,vlm_best_question,,,,1778868760.3821976,/home/haoandong/ask2act/services/a6000_web/artifacts/offline_experiments/top_cups_01/scenes/scene_017/observation.jpg,f447027e-1ef6-4845-9a53-8727fa401084,finished,2,1,cand_001,55.48850774765015,1778868815.8707936,correct,,1778868815.8706226,,False,True,Pick up the left fork.,2,"{'plausible': ['cand_001'], 'eliminated': ['cand_002'], 'last_removed': ['cand_002']}",1,1,55.48850774765015,22,,,Pick up the left fork.,scene_017::Pick up the left fork.,pick up the left fork,0,0,1,0,0,1,fork,scene_017|partial,10,5,0.5,3
trial_20260516_031400_f69cea,top_cups_01,main,scene_017,utensil_only,[],Pick up the right spoon.,partial,vlm_best_question,,,,1778868841.5362248,/home/haoandong/ask2act/services/a6000_web/artifacts/offline_experiments/top_cups_01/scenes/scene_017/observation.jpg,90e7a551-b91a-45aa-a8be-34d8959934cb,finished,1,0,cand_001,39.707985162734985,1778868881.2442708,correct,,1778868881.2441518,,False,True,Pick up the right spoon.,1,"{'plausible': ['cand_001'], 'eliminated': [], 'last_removed': []}",1,0,39.707985162734985,24,,,Pick up the right spoon.,scene_017::Pick up the right spoon.,pick up the right spoon,0,0,1,0,0,1,spoon,scene_017|partial,10,5,0.5,4
trial_20260516_031452_8c938d,top_cups_01,main,scene_017,utensil_only,[],Pick up my spoon.,ambiguous,vlm_best_question,,,,1778868893.1423764,/home/haoandong/ask2act/services/a6000_web/artifacts/offline_experiments/top_cups_01/scenes/scene_017/observation.jpg,da9d08e7-dd13-467e-be1f-830fbf4acf14,finished,3,2,cand_003,190.9213855266571,1778869084.0638275,correct,,1778869084.0636847,,False,True,Pick up my spoon.,3,"{'plausible': ['cand_003'], 'eliminated': ['cand_001', 'cand_002'], 'last_removed': ['cand_002']}",1,2,190.9213855266571,17,,,Pick up my spoon.,scene_017::Pick up my spoon.,pick up my spoon,1,0,0,0,0,1,spoon,scene_017|ambiguous,15,5,0.6666666666666667,5
trial_20260516_031810_4d4a99,top_cups_01,main,scene_017,utensil_only,[],Pick up my folk.,ambiguous,vlm_best_question,,,,1778869090.9317684,/home/haoandong/ask2act/services/a6000_web/artifacts/offline_experiments/top_cups_01/scenes/scene_017/observation.jpg,09576510-4bd2-47aa-91a6-298ce4ebd608,finished,5,4,cand_005,225.13584351539612,1778869316.0678406,correct,,1778869316.0674295,,False,True,Pick up my folk.,5,"{'plausible': ['cand_005'], 'eliminated': ['cand_001', 'cand_002', 'cand_003', 'cand_004'], 'last_removed': ['cand_004']}",1,4,225.13584351539612,16,,,Pick up my folk.,scene_017::Pick up my folk.,pick up my folk,1,0,0,0,0,1,unknown,scene_017|ambiguous,15,5,0.6666666666666667,2
trial_20260516_032211_15af74,top_cups_01,main,scene_017,utensil_only,[],Pick up my folk.,ambiguous,proposed_efe,,,,1778869332.817519,/home/haoandong/ask2act/services/a6000_web/artifacts/offline_experiments/top_cups_01/scenes/scene_017/observation.jpg,243fafb1-0369-4c35-9a46-7ae08fc04afb,finished,5,3,cand_005,140.03167605400085,1778869472.8494325,correct,,1778869472.8490098,,False,True,Pick up my folk.,5,"{'plausible': ['cand_005'], 'eliminated': ['cand_001', 'cand_002', 'cand_003', 'cand_004'], 'last_removed': ['cand_001', 'cand_004']}",1,3,140.03167605400085,16,,,Pick up my folk.,scene_017::Pick up my folk.,pick up my folk,1,0,0,0,0,1,unknown,scene_017|ambiguous,15,5,0.6666666666666667,2
trial_20260516_032444_f64d03,top_cups_01,main,scene_017,utensil_only,[],Pick up my spoon.,ambiguous,proposed_efe,,,,1778869484.9215062,/home/haoandong/ask2act/services/a6000_web/artifacts/offline_experiments/top_cups_01/scenes/scene_017/observation.jpg,a9eb8b15-1677-434b-a978-f8d3967043f4,finished,3,2,cand_003,194.13040399551392,1778869679.0521228,correct,,1778869679.0517516,,False,True,Pick up my spoon.,3,"{'plausible': ['cand_003'], 'eliminated': ['cand_001', 'cand_002'], 'last_removed': ['cand_002']}",1,2,194.13040399551392,17,,,Pick up my spoon.,scene_017::Pick up my spoon.,pick up my spoon,1,0,0,0,0,1,spoon,scene_017|ambiguous,15,5,0.6666666666666667,5
trial_20260516_033637_3b58e8,top_cups_01,main,scene_018,utensil_only,[],Pick up the blue folk.,clear,top_score,,,,1778870198.771574,/home/haoandong/ask2act/services/a6000_web/artifacts/offline_experiments/top_cups_01/scenes/scene_018/observation.jpg,cd7a86a3-a1f4-43ed-b068-21e724430036,finished,1,0,cand_001,6.206899642944336,1778870204.9786253,correct,,1778870204.978372,,False,True,Pick up the blue folk.,1,"{'plausible': ['cand_001'], 'eliminated': [], 'last_removed': []}",1,0,6.206899642944336,22,,,Pick up the blue folk.,scene_018::Pick up the blue folk.,pick up the blue folk,0,1,0,0,0,1,unknown,scene_018|clear,13,9,0.3076923076923077,1
trial_20260516_033736_a95740,top_cups_01,main,scene_018,utensil_only,[],Pick up the yellow folk.,clear,top_score,,,,1778870257.4647055,/home/haoandong/ask2act/services/a6000_web/artifacts/offline_experiments/top_cups_01/scenes/scene_018/observation.jpg,bfa39067-5d8e-46be-a138-aeb60adc27c6,finished,7,0,cand_001,8.067261695861816,1779207577.6812923,correct,,1778870265.5317948,,True,True,Pick up the yellow folk.,7,"{'plausible': ['cand_001'], 'eliminated': ['cand_002', 'cand_003', 'cand_004', 'cand_005', 'cand_006', 'cand_007'], 'last_removed': ['cand_002', 'cand_003', 'cand_004', 'cand_005', 'cand_006', 'cand_007']}",1,0,8.067261695861816,24,,,Pick up the yellow folk.,scene_018::Pick up the yellow folk.,pick up the yellow folk,0,1,0,0,0,1,unknown,scene_018|clear,13,9,0.3076923076923077,1
trial_20260516_033809_ddb85a,top_cups_01,main,scene_018,utensil_only,[],Pick up the green folk.,clear,random_candidate,,,,1778870290.9870942,/home/haoandong/ask2act/services/a6000_web/artifacts/offline_experiments/top_cups_01/scenes/scene_018/observation.jpg,8ae65269-1b9b-4322-97fc-fb3e9ff0a7dc,finished,7,0,cand_002,9.488136053085327,1779207596.593572,correct,,1778870300.475126,,True,True,Pick up the green folk.,7,"{'plausible': ['cand_002'], 'eliminated': ['cand_001', 'cand_003', 'cand_004', 'cand_005', 'cand_006', 'cand_007'], 'last_removed': ['cand_001', 'cand_003', 'cand_004', 'cand_005', 'cand_006', 'cand_007']}",1,0,9.488136053085327,23,,,Pick up the green folk.,scene_018::Pick up the green folk.,pick up the green folk,0,1,0,0,0,1,unknown,scene_018|clear,13,9,0.3076923076923077,2
trial_20260516_033833_83b50a,top_cups_01,main,scene_018,utensil_only,[],Pick up the blue spoon.,clear,random_candidate,,,,1778870315.3123038,/home/haoandong/ask2act/services/a6000_web/artifacts/offline_experiments/top_cups_01/scenes/scene_018/observation.jpg,63a053ad-c546-4c14-b45b-c9dfbb47abf7,finished,1,0,cand_001,3.5994253158569336,1778870318.91179,correct,,1778870318.9116752,,False,True,Pick up the blue spoon.,1,"{'plausible': ['cand_001'], 'eliminated': [], 'last_removed': []}",1,0,3.5994253158569336,23,,,Pick up the blue spoon.,scene_018::Pick up the blue spoon.,pick up the blue spoon,0,1,0,0,0,1,spoon,scene_018|clear,13,9,0.3076923076923077,1
trial_20260516_033854_d454f9,top_cups_01,main,scene_018,utensil_only,[],Pick up the pink spoon.,clear,vlm_direct,,,,1778870335.5993292,/home/haoandong/ask2act/services/a6000_web/artifacts/offline_experiments/top_cups_01/scenes/scene_018/observation.jpg,dd8fe989-3220-4f90-81d6-508cbbdfdc61,finished,2,0,cand_001,70.81569123268127,1779207628.12534,correct,,1778870406.4149435,,True,True,Pick up the pink spoon.,2,"{'plausible': ['cand_001'], 'eliminated': ['cand_002'], 'last_removed': ['cand_002']}",1,0,70.81569123268127,23,,,Pick up the pink spoon.,scene_018::Pick up the pink spoon.,pick up the pink spoon,0,1,0,0,0,1,spoon,scene_018|clear,13,9,0.3076923076923077,1
trial_20260516_034040_cc1287,top_cups_01,main,scene_018,utensil_only,[],Pick up the right spoon.,partial,top_score,,,,1778870442.1666412,/home/haoandong/ask2act/services/a6000_web/artifacts/offline_experiments/top_cups_01/scenes/scene_018/observation.jpg,dcb3559f-5610-42b5-8892-9cfc19efdabe,finished,1,0,cand_001,5.45498514175415,1778870447.6217356,correct,,1778870447.621551,,False,True,Pick up the right spoon.,1,"{'plausible': ['cand_001'], 'eliminated': [], 'last_removed': []}",1,0,5.45498514175415,24,,,Pick up the right spoon.,scene_018::Pick up the right spoon.,pick up the right spoon,0,0,1,0,0,1,spoon,scene_018|partial,13,8,0.3846153846153846,5
trial_20260516_034057_04ccce,top_cups_01,main,scene_018,utensil_only,[],Pick up the left spoon.,partial,top_score,,,,1778870458.3419695,/home/haoandong/ask2act/services/a6000_web/artifacts/offline_experiments/top_cups_01/scenes/scene_018/observation.jpg,58af3e33-68d5-4076-9da8-876d9e8824cf,finished,1,0,cand_001,3.388510227203369,1778870461.7306376,correct,,1778870461.7303813,,False,True,Pick up the left spoon.,1,"{'plausible': ['cand_001'], 'eliminated': [], 'last_removed': []}",1,0,3.388510227203369,23,,,Pick up the left spoon.,scene_018::Pick up the left spoon.,pick up the left spoon,0,0,1,0,0,1,spoon,scene_018|partial,13,8,0.3846153846153846,1
trial_20260516_034120_011bda,top_cups_01,main,scene_018,utensil_only,[],Pick up my spoon.,ambiguous,top_score,,,,1778870481.4835913,/home/haoandong/ask2act/services/a6000_web/artifacts/offline_experiments/top_cups_01/scenes/scene_018/observation.jpg,99ad9cbb-6a64-407a-84a0-80d3a7001583,finished,2,0,cand_001,9.505183696746826,1779207692.7830215,wrong,,1778870490.9886441,ambiguity_not_solved,True,True,Pick up my spoon.,2,"{'plausible': ['cand_001'], 'eliminated': ['cand_002'], 'last_removed': ['cand_002']}",0,0,9.505183696746826,17,,,Pick up my spoon.,scene_018::Pick up my spoon.,pick up my spoon,1,0,0,0,0,1,spoon,scene_018|ambiguous,15,3,0.8,9
trial_20260516_034131_b1a042,top_cups_01,main,scene_018,utensil_only,[],Pick up my spoon.,ambiguous,top_score,,,,1778870492.7053933,/home/haoandong/ask2act/services/a6000_web/artifacts/offline_experiments/top_cups_01/scenes/scene_018/observation.jpg,5184c917-0001-413d-9eca-bbe7abe62baf,finished,2,0,cand_001,2.615340232849121,1779207698.6330736,wrong,,1778870495.3206723,ambiguity_not_solved,True,True,Pick up my spoon.,2,"{'plausible': ['cand_001'], 'eliminated': ['cand_002'], 'last_removed': ['cand_002']}",0,0,2.615340232849121,17,,,Pick up my spoon.,scene_018::Pick up my spoon.,pick up my spoon,1,0,0,0,0,1,spoon,scene_018|ambiguous,15,3,0.8,9
trial_20260516_034139_df547d,top_cups_01,main,scene_018,utensil_only,[],Pick up my spoon.,ambiguous,random_candidate,,,,1778870500.7527459,/home/haoandong/ask2act/services/a6000_web/artifacts/offline_experiments/top_cups_01/scenes/scene_018/observation.jpg,67476701-e1c8-40ff-aa7c-419c02a85f89,finished,2,0,cand_001,8.632467031478882,1778870509.385281,correct,,1778870509.3851445,,False,True,Pick up my spoon.,2,"{'plausible': ['cand_001'], 'eliminated': ['cand_002'], 'last_removed': ['cand_002']}",1,0,8.632467031478882,17,,,Pick up my spoon.,scene_018::Pick up my spoon.,pick up my spoon,1,0,0,0,0,1,spoon,scene_018|ambiguous,15,3,0.8,9
trial_20260516_034152_9c9b12,top_cups_01,main,scene_018,utensil_only,[],Pick up my spoon.,ambiguous,random_candidate,,,,1778870513.7241385,/home/haoandong/ask2act/services/a6000_web/artifacts/offline_experiments/top_cups_01/scenes/scene_018/observation.jpg,9eeda192-9333-494a-a026-c3c46ba2b2b1,finished,2,0,cand_002,3.4923508167266846,1779207708.9571364,wrong,,1778870517.216338,ambiguity_not_solved,True,True,Pick up my spoon.,2,"{'plausible': ['cand_002'], 'eliminated': ['cand_001'], 'last_removed': ['cand_001']}",0,0,3.4923508167266846,17,,,Pick up my spoon.,scene_018::Pick up my spoon.,pick up my spoon,1,0,0,0,0,1,spoon,scene_018|ambiguous,15,3,0.8,9
trial_20260516_034211_478b52,top_cups_01,main,scene_018,utensil_only,[],Pick up the right spoon.,partial,random_candidate,,,,1778870532.694823,/home/haoandong/ask2act/services/a6000_web/artifacts/offline_experiments/top_cups_01/scenes/scene_018/observation.jpg,80119515-d3f0-4bcc-92d5-a07c27cefebd,finished,1,0,cand_001,3.105246067047119,1778870535.8002992,correct,,1778870535.7999392,,False,True,Pick up the right spoon.,1,"{'plausible': ['cand_001'], 'eliminated': [], 'last_removed': []}",1,0,3.105246067047119,24,,,Pick up the right spoon.,scene_018::Pick up the right spoon.,pick up the right spoon,0,0,1,0,0,1,spoon,scene_018|partial,13,8,0.3846153846153846,5
trial_20260516_034223_23f42b,top_cups_01,main,scene_018,utensil_only,[],Pick up the top spoon.,partial,random_candidate,,,,1778870544.5909111,/home/haoandong/ask2act/services/a6000_web/artifacts/offline_experiments/top_cups_01/scenes/scene_018/observation.jpg,af4777b8-1f0c-45ca-a178-5f0f5e1d5a6e,finished,1,0,cand_001,2.9067115783691406,1779207744.9294775,wrong,,1778870547.4975483,wrong_object_selected,True,True,Pick up the top spoon.,1,"{'plausible': ['cand_001'], 'eliminated': [], 'last_removed': []}",0,0,2.9067115783691406,22,,,Pick up the top spoon.,scene_018::Pick up the top spoon.,pick up the top spoon,0,0,1,0,0,1,spoon,scene_018|partial,13,8,0.3846153846153846,2
trial_20260516_034232_500a65,top_cups_01,main,scene_018,utensil_only,[],Pick up the top spoon.,partial,vlm_direct,,,,1778870553.446582,/home/haoandong/ask2act/services/a6000_web/artifacts/offline_experiments/top_cups_01/scenes/scene_018/observation.jpg,330b74d7-094d-4f33-a47c-4a87208488cf,finished,1,0,cand_001,2.591797351837158,1779207806.1486125,wrong,,1778870556.0382597,wrong_object_selected,True,True,Pick up the top spoon.,1,"{'plausible': ['cand_001'], 'eliminated': [], 'last_removed': []}",0,0,2.591797351837158,22,,,Pick up the top spoon.,scene_018::Pick up the top spoon.,pick up the top spoon,0,0,1,0,0,1,spoon,scene_018|partial,13,8,0.3846153846153846,2
trial_20260516_034243_b7f723,top_cups_01,main,scene_018,utensil_only,[],Pick up the right spoon.,partial,vlm_direct,,,,1778870565.0940197,/home/haoandong/ask2act/services/a6000_web/artifacts/offline_experiments/top_cups_01/scenes/scene_018/observation.jpg,d61b9878-77fa-4776-9a7c-eaab54563348,finished,1,0,cand_001,2.9468226432800293,1778870568.041063,correct,,1778870568.0407295,,False,True,Pick up the right spoon.,1,"{'plausible': ['cand_001'], 'eliminated': [], 'last_removed': []}",1,0,2.9468226432800293,24,,,Pick up the right spoon.,scene_018::Pick up the right spoon.,pick up the right spoon,0,0,1,0,0,1,spoon,scene_018|partial,13,8,0.3846153846153846,5
trial_20260516_034255_99b2e7,top_cups_01,main,scene_018,utensil_only,[],Pick up my spoon.,ambiguous,vlm_direct,,,,1778870575.9480972,/home/haoandong/ask2act/services/a6000_web/artifacts/offline_experiments/top_cups_01/scenes/scene_018/observation.jpg,a11da67a-9511-4c1b-99f7-d7f9ae5275f4,finished,2,0,cand_001,74.8735773563385,1779207839.104119,wrong,,1778870650.8215415,ambiguity_not_solved,True,True,Pick up my spoon.,2,"{'plausible': ['cand_001'], 'eliminated': ['cand_002'], 'last_removed': ['cand_002']}",0,0,74.8735773563385,17,,,Pick up my spoon.,scene_018::Pick up my spoon.,pick up my spoon,1,0,0,0,0,1,spoon,scene_018|ambiguous,15,3,0.8,9
trial_20260516_034417_cef004,top_cups_01,main,scene_018,utensil_only,[],Pick up my fork.,ambiguous,vlm_direct,,,,1778870659.0568,/home/haoandong/ask2act/services/a6000_web/artifacts/offline_experiments/top_cups_01/scenes/scene_018/observation.jpg,4ff189f7-52b8-4d0e-8018-0cf33771a149,finished,1,0,cand_001,10.02816915512085,1779207875.8812087,wrong,,1778870669.0849075,gd_missing_target_candidate,True,True,Pick up my fork.,1,"{'plausible': ['cand_001'], 'eliminated': [], 'last_removed': []}",0,0,10.02816915512085,16,,,Pick up my fork.,scene_018::Pick up my fork.,pick up my fork,1,0,0,0,0,1,fork,scene_018|ambiguous,15,3,0.8,3
trial_20260516_034435_e66805,top_cups_01,main,scene_018,utensil_only,[],Pick up my fork.,ambiguous,first_question,,,,1778870677.5017629,/home/haoandong/ask2act/services/a6000_web/artifacts/offline_experiments/top_cups_01/scenes/scene_018/observation.jpg,5becfa3c-537d-4181-989a-7e894a4001d2,finished,1,0,cand_001,2.745666980743408,1779207882.7711785,unresolved,,1778870680.2473445,gd_missing_target_candidate,True,True,Pick up my fork.,1,"{'plausible': ['cand_001'], 'eliminated': [], 'last_removed': []}",0,0,2.745666980743408,16,,,Pick up my fork.,scene_018::Pick up my fork.,pick up my fork,1,0,0,0,0,1,fork,scene_018|ambiguous,15,3,0.8,3
trial_20260516_034450_5456b2,top_cups_01,main,scene_018,utensil_only,[],Pick up my spoon.,ambiguous,first_question,,,,1778870690.8971288,/home/haoandong/ask2act/services/a6000_web/artifacts/offline_experiments/top_cups_01/scenes/scene_018/observation.jpg,13f19cca-2e3e-446d-8025-fcc839f90e66,finished,2,1,cand_002,15.790379285812378,1778870706.6875765,correct,,1778870706.6874366,,False,True,Pick up my spoon.,2,"{'plausible': ['cand_002'], 'eliminated': ['cand_001'], 'last_removed': ['cand_001']}",1,1,15.790379285812378,17,,,Pick up my spoon.,scene_018::Pick up my spoon.,pick up my spoon,1,0,0,0,0,1,spoon,scene_018|ambiguous,15,3,0.8,9
trial_20260516_034521_8f3921,top_cups_01,main,scene_018,utensil_only,[],Pick up right spoon.,partial,first_question,,,,1778870721.9206707,/home/haoandong/ask2act/services/a6000_web/artifacts/offline_experiments/top_cups_01/scenes/scene_018/observation.jpg,58549db5-eacc-476d-8f35-73a57425a89d,finished,1,0,cand_001,13.349790573120117,1778870735.27054,correct,,1778870735.2703884,,False,True,Pick up right spoon.,1,"{'plausible': ['cand_001'], 'eliminated': [], 'last_removed': []}",1,0,13.349790573120117,20,,,Pick up right spoon.,scene_018::Pick up right spoon.,pick up right spoon,0,0,1,0,0,1,spoon,scene_018|partial,13,8,0.3846153846153846,1
trial_20260516_034548_936437,top_cups_01,main,scene_018,utensil_only,[],Pick up left fork.,partial,first_question,,,,1778870749.1827135,/home/haoandong/ask2act/services/a6000_web/artifacts/offline_experiments/top_cups_01/scenes/scene_018/observation.jpg,77c5fe97-4156-4ab7-ba2f-fe4b349d7f72,finished,1,0,cand_001,19.897108793258667,1778870769.080032,correct,,1778870769.0797005,,False,True,Pick up left fork.,1,"{'plausible': ['cand_001'], 'eliminated': [], 'last_removed': []}",1,0,19.897108793258667,18,,,Pick up left fork.,scene_018::Pick up left fork.,pick up left fork,0,0,1,0,0,1,fork,scene_018|partial,13,8,0.3846153846153846,1
trial_20260516_034621_25416c,top_cups_01,main,scene_018,utensil_only,[],Pick up yellow fork.,clear,first_question,,,,1778870782.33718,/home/haoandong/ask2act/services/a6000_web/artifacts/offline_experiments/top_cups_01/scenes/scene_018/observation.jpg,15b0cffc-a266-4019-bbc3-f5a68a2f38f4,finished,1,0,cand_001,5.407040596008301,1778870787.744447,correct,,1778870787.744083,,False,True,Pick up yellow fork.,1,"{'plausible': ['cand_001'], 'eliminated': [], 'last_removed': []}",1,0,5.407040596008301,20,,,Pick up yellow fork.,scene_018::Pick up yellow fork.,pick up yellow fork,0,1,0,0,0,1,fork,scene_018|clear,13,9,0.3076923076923077,1
trial_20260516_034648_db2d22,top_cups_01,main,scene_018,utensil_only,[],Pick up the green fork.,clear,first_question,,,,1778870809.357401,/home/haoandong/ask2act/services/a6000_web/artifacts/offline_experiments/top_cups_01/scenes/scene_018/observation.jpg,7c81c23f-e9ca-4870-a2ea-ad2a2bacd79e,finished,1,0,cand_001,8.722776174545288,1778870818.0803344,correct,,1778870818.0800815,,False,True,Pick up the green fork.,1,"{'plausible': ['cand_001'], 'eliminated': [], 'last_removed': []}",1,0,8.722776174545288,23,,,Pick up the green fork.,scene_018::Pick up the green fork.,pick up the green fork,0,1,0,0,0,1,fork,scene_018|clear,13,9,0.3076923076923077,2
trial_20260516_034711_765103,top_cups_01,main,scene_018,utensil_only,[],Pick up the green fork.,clear,random_question,,,,1778870833.013331,/home/haoandong/ask2act/services/a6000_web/artifacts/offline_experiments/top_cups_01/scenes/scene_018/observation.jpg,79781af0-d3a5-48bb-8178-9892c5c53bad,finished,1,0,cand_001,4.319710731506348,1778870837.333098,correct,,1778870837.3329823,,False,True,Pick up the green fork.,1,"{'plausible': ['cand_001'], 'eliminated': [], 'last_removed': []}",1,0,4.319710731506348,23,,,Pick up the green fork.,scene_018::Pick up the green fork.,pick up the green fork,0,1,0,0,0,1,fork,scene_018|clear,13,9,0.3076923076923077,2
trial_20260516_034730_f851fb,top_cups_01,main,scene_018,utensil_only,[],Pick up the blue fork.,clear,random_question,,,,1778870852.0677397,/home/haoandong/ask2act/services/a6000_web/artifacts/offline_experiments/top_cups_01/scenes/scene_018/observation.jpg,64b350d9-93f1-41bd-897c-d8858d8350b4,finished,1,0,cand_001,2.6650593280792236,1778870854.7328684,correct,,1778870854.7327378,,False,True,Pick up the blue fork.,1,"{'plausible': ['cand_001'], 'eliminated': [], 'last_removed': []}",1,0,2.6650593280792236,22,,,Pick up the blue fork.,scene_018::Pick up the blue fork.,pick up the blue fork,0,1,0,0,0,1,fork,scene_018|clear,13,9,0.3076923076923077,3
trial_20260516_034828_dd8da8,top_cups_01,main,scene_018,utensil_only,[],Pick up the top left folk.,partial,random_question,,,,1778870909.7264323,/home/haoandong/ask2act/services/a6000_web/artifacts/offline_experiments/top_cups_01/scenes/scene_018/observation.jpg,d9f40b69-f1af-4519-99b3-e8df88fd8fcb,finished,2,0,,63.57379341125488,1779207912.1768723,correct,,1778870973.3000522,,True,True,Pick up the top left folk.,2,"{'plausible': ['cand_001', 'cand_002'], 'eliminated': [], 'last_removed': []}",1,0,63.57379341125488,26,,,Pick up the top left folk.,scene_018::Pick up the top left folk.,pick up the top left folk,0,0,1,0,0,1,unknown,scene_018|partial,13,8,0.3846153846153846,1
trial_20260516_034951_00c096,top_cups_01,main,scene_018,utensil_only,[],Pick up my folk.,ambiguous,random_question,,,,1778870992.1600404,/home/haoandong/ask2act/services/a6000_web/artifacts/offline_experiments/top_cups_01/scenes/scene_018/observation.jpg,131a1ac9-7f66-4351-b167-bb6e9e7cf38a,finished,2,1,cand_001,55.93451809883118,1779207946.0519323,correct,,1778871048.0944724,,True,True,Pick up my folk.,2,"{'plausible': ['cand_001'], 'eliminated': ['cand_002'], 'last_removed': ['cand_002']}",1,1,55.93451809883118,16,,,Pick up my folk.,scene_018::Pick up my folk.,pick up my folk,1,0,0,0,0,1,unknown,scene_018|ambiguous,15,3,0.8,3
trial_20260516_035101_30ad73,top_cups_01,main,scene_018,utensil_only,[],Pick up my spoon.,ambiguous,random_question,,,,1778871061.9739656,/home/haoandong/ask2act/services/a6000_web/artifacts/offline_experiments/top_cups_01/scenes/scene_018/observation.jpg,5f188038-ec6d-41b3-82e8-8084473f6f54,finished,2,0,,54.87920045852661,1779207988.784743,wrong,,1778871116.8529963,gd_missing_target_candidate,True,True,Pick up my spoon.,2,"{'plausible': ['cand_001', 'cand_002'], 'eliminated': [], 'last_removed': []}",0,0,54.87920045852661,17,,,Pick up my spoon.,scene_018::Pick up my spoon.,pick up my spoon,1,0,0,0,0,1,spoon,scene_018|ambiguous,15,3,0.8,9
trial_20260516_035206_68b724,top_cups_01,main,scene_018,utensil_only,[],Pick up my spoon.,ambiguous,vlm_best_question,,,,1778871127.587824,/home/haoandong/ask2act/services/a6000_web/artifacts/offline_experiments/top_cups_01/scenes/scene_018/observation.jpg,29a6f287-e3ab-4fdc-9c5a-ebb8f385bc6c,finished,2,0,,27.07250952720642,1779208044.6409519,unresolved,,1778871154.660244,wrong_object_selected,True,True,Pick up my spoon.,2,"{'plausible': ['cand_001', 'cand_002'], 'eliminated': [], 'last_removed': []}",0,0,27.07250952720642,17,,,Pick up my spoon.,scene_018::Pick up my spoon.,pick up my spoon,1,0,0,0,0,1,spoon,scene_018|ambiguous,15,3,0.8,9
trial_20260516_035244_c7bd52,top_cups_01,main,scene_018,utensil_only,[],Pick up my folk.,ambiguous,vlm_best_question,,,,1778871165.2366052,/home/haoandong/ask2act/services/a6000_web/artifacts/offline_experiments/top_cups_01/scenes/scene_018/observation.jpg,9ade6e84-6439-4f61-95fc-0eef127f505d,finished,2,0,,23.154655694961548,1779208056.7111642,correct,,1778871188.3910725,,True,True,Pick up my folk.,2,"{'plausible': ['cand_001', 'cand_002'], 'eliminated': [], 'last_removed': []}",1,0,23.154655694961548,16,,,Pick up my folk.,scene_018::Pick up my folk.,pick up my folk,1,0,0,0,0,1,unknown,scene_018|ambiguous,15,3,0.8,3
trial_20260516_035332_f647d1,top_cups_01,main,scene_018,utensil_only,[],Pick up the right spoon.,partial,vlm_best_question,,,,1778871213.9110527,/home/haoandong/ask2act/services/a6000_web/artifacts/offline_experiments/top_cups_01/scenes/scene_018/observation.jpg,d8b7ee25-2d32-410d-9087-465939db3736,finished,1,0,cand_001,53.98577928543091,1778871267.8969264,correct,,1778871267.8967535,,False,True,Pick up the right spoon.,1,"{'plausible': ['cand_001'], 'eliminated': [], 'last_removed': []}",1,0,53.98577928543091,24,,,Pick up the right spoon.,scene_018::Pick up the right spoon.,pick up the right spoon,0,0,1,0,0,1,spoon,scene_018|partial,13,8,0.3846153846153846,5
trial_20260516_035456_76f476,top_cups_01,main,scene_018,utensil_only,[],Pick up the right folk.,partial,vlm_best_question,,,,1778871298.3051548,/home/haoandong/ask2act/services/a6000_web/artifacts/offline_experiments/top_cups_01/scenes/scene_018/observation.jpg,469f1557-5fb6-44e6-a089-882cf0c004b1,finished,2,0,,27.3183696269989,1779208067.6575289,correct,,1778871325.623457,,True,True,Pick up the right folk.,2,"{'plausible': ['cand_001', 'cand_002'], 'eliminated': [], 'last_removed': []}",1,0,27.3183696269989,23,,,Pick up the right folk.,scene_018::Pick up the right folk.,pick up the right folk,0,0,1,0,0,1,unknown,scene_018|partial,13,8,0.3846153846153846,1
trial_20260516_035542_c8e567,top_cups_01,main,scene_018,utensil_only,[],Pick up the green folk.,clear,vlm_best_question,,,,1778871344.668476,/home/haoandong/ask2act/services/a6000_web/artifacts/offline_experiments/top_cups_01/scenes/scene_018/observation.jpg,eaf7480c-23f6-4fb3-8d8f-476682a6cb98,finished,7,1,cand_003,83.26243543624878,1778871427.9309971,correct,,1778871427.9308214,,False,True,Pick up the green folk.,7,"{'plausible': ['cand_003'], 'eliminated': ['cand_001', 'cand_002', 'cand_004', 'cand_005', 'cand_006', 'cand_007'], 'last_removed': ['cand_001', 'cand_002', 'cand_004', 'cand_005', 'cand_006', 'cand_007']}",1,1,83.26243543624878,23,,,Pick up the green folk.,scene_018::Pick up the green folk.,pick up the green folk,0,1,0,0,0,1,unknown,scene_018|clear,13,9,0.3076923076923077,2
trial_20260516_035716_445c66,top_cups_01,main,scene_018,utensil_only,[],Pick up the blue fork.,clear,vlm_best_question,,,,1778871438.0001276,/home/haoandong/ask2act/services/a6000_web/artifacts/offline_experiments/top_cups_01/scenes/scene_018/observation.jpg,73dc879d-b816-40f9-b0c1-b5585c29ea5d,finished,1,0,cand_001,3.069826126098633,1778871441.070074,correct,,1778871441.0698721,,False,True,Pick up the blue fork.,1,"{'plausible': ['cand_001'], 'eliminated': [], 'last_removed': []}",1,0,3.069826126098633,22,,,Pick up the blue fork.,scene_018::Pick up the blue fork.,pick up the blue fork,0,1,0,0,0,1,fork,scene_018|clear,13,9,0.3076923076923077,3
trial_20260516_035729_25adb2,top_cups_01,main,scene_018,utensil_only,[],Pick up the blue fork.,clear,proposed_efe,,,,1778871450.4313755,/home/haoandong/ask2act/services/a6000_web/artifacts/offline_experiments/top_cups_01/scenes/scene_018/observation.jpg,7aec02ac-ea21-4084-baa5-82d8e49e3238,finished,1,0,cand_001,2.3899085521698,1778871452.821465,correct,,1778871452.821175,,False,True,Pick up the blue fork.,1,"{'plausible': ['cand_001'], 'eliminated': [], 'last_removed': []}",1,0,2.3899085521698,22,,,Pick up the blue fork.,scene_018::Pick up the blue fork.,pick up the blue fork,0,1,0,0,0,1,fork,scene_018|clear,13,9,0.3076923076923077,3
trial_20260516_035739_ccf8b8,top_cups_01,main,scene_018,utensil_only,[],Pick up the yellow fork.,clear,proposed_efe,,,,1778871461.3775868,/home/haoandong/ask2act/services/a6000_web/artifacts/offline_experiments/top_cups_01/scenes/scene_018/observation.jpg,5d075193-7baa-4f88-adce-04c22adb2661,finished,1,0,cand_001,2.670457124710083,1778871464.0483158,correct,,1778871464.0478938,,False,True,Pick up the yellow fork.,1,"{'plausible': ['cand_001'], 'eliminated': [], 'last_removed': []}",1,0,2.670457124710083,24,,,Pick up the yellow fork.,scene_018::Pick up the yellow fork.,pick up the yellow fork,0,1,0,0,0,1,fork,scene_018|clear,13,9,0.3076923076923077,1
trial_20260516_035802_06fb4f,top_cups_01,main,scene_018,utensil_only,[],Pick up the right fork.,partial,proposed_efe,,,,1778871483.8077984,/home/haoandong/ask2act/services/a6000_web/artifacts/offline_experiments/top_cups_01/scenes/scene_018/observation.jpg,8a9e16cd-8509-4e11-937c-4fe2bf760ff2,finished,1,0,cand_001,31.02947497367859,1779208126.2361946,correct,,1778871514.8372216,,True,True,Pick up the right fork.,1,"{'plausible': ['cand_001'], 'eliminated': [], 'last_removed': []}",1,0,31.02947497367859,23,,,Pick up the right fork.,scene_018::Pick up the right fork.,pick up the right fork,0,0,1,0,0,1,fork,scene_018|partial,13,8,0.3846153846153846,1
trial_20260516_035849_0c9e12,top_cups_01,main,scene_018,utensil_only,[],Pick up the right spoon.,partial,proposed_efe,,,,1778871530.2096903,/home/haoandong/ask2act/services/a6000_web/artifacts/offline_experiments/top_cups_01/scenes/scene_018/observation.jpg,a54f6289-6e97-4a84-9e15-26d25b79b321,finished,1,0,cand_001,37.83574628829956,1778871568.0455053,correct,,1778871568.0453804,,False,True,Pick up the right spoon.,1,"{'plausible': ['cand_001'], 'eliminated': [], 'last_removed': []}",1,0,37.83574628829956,24,,,Pick up the right spoon.,scene_018::Pick up the right spoon.,pick up the right spoon,0,0,1,0,0,1,spoon,scene_018|partial,13,8,0.3846153846153846,5
trial_20260516_040247_5bfb43,top_cups_01,main,scene_018,utensil_only,[],Pick up my spoon.,ambiguous,proposed_efe,,,,1778871768.5547786,/home/haoandong/ask2act/services/a6000_web/artifacts/offline_experiments/top_cups_01/scenes/scene_018/observation.jpg,3417454c-c30b-4603-9584-3e358c8d65f1,finished,2,1,cand_002,60.67666721343994,1778871829.2316165,correct,,1778871829.2313244,,False,True,Pick up my spoon.,2,"{'plausible': ['cand_002'], 'eliminated': ['cand_001'], 'last_removed': ['cand_001']}",1,1,60.67666721343994,17,,,Pick up my spoon.,scene_018::Pick up my spoon.,pick up my spoon,1,0,0,0,0,1,spoon,scene_018|ambiguous,15,3,0.8,9
trial_20260516_040358_b27b39,top_cups_01,main,scene_018,utensil_only,[],Pick up my folk.,ambiguous,proposed_efe,,,,1778871838.8820693,/home/haoandong/ask2act/services/a6000_web/artifacts/offline_experiments/top_cups_01/scenes/scene_018/observation.jpg,85083a71-7b2b-4973-9818-c73bdb77d5a4,finished,2,0,,48.63613438606262,1779208146.0591514,correct,,1778871887.5180287,,True,True,Pick up my folk.,2,"{'plausible': ['cand_001', 'cand_002'], 'eliminated': [], 'last_removed': []}",1,0,48.63613438606262,16,,,Pick up my folk.,scene_018::Pick up my folk.,pick up my folk,1,0,0,0,0,1,unknown,scene_018|ambiguous,15,3,0.8,3
trial_20260516_040450_27cc70,top_cups_01,main,scene_018,utensil_only,[],Pick up my fork.,ambiguous,proposed_efe,,,,1778871891.425999,/home/haoandong/ask2act/services/a6000_web/artifacts/offline_experiments/top_cups_01/scenes/scene_018/observation.jpg,1e6bed49-b2c0-4bfa-8f57-378b77c4073e,finished,1,0,cand_001,59.22218179702759,1779208171.5819628,unresolved,,1778871950.648066,gd_missing_target_candidate,True,True,Pick up my fork.,1,"{'plausible': ['cand_001'], 'eliminated': [], 'last_removed': []}",0,0,59.22218179702759,16,,,Pick up my fork.,scene_018::Pick up my fork.,pick up my fork,1,0,0,0,0,1,fork,scene_018|ambiguous,15,3,0.8,3
trial_20260516_165123_96e28c,top_cups_01,main,scene_019,utensil_only,[],pick up the yellow fork.,clear,top_score,,,,1778917893.3740408,/home/haoandong/ask2act/services/a6000_web/artifacts/offline_experiments/top_cups_01/scenes/scene_019/observation.jpg,7a81fcb1-53bd-4754-9d83-6b97a419c764,finished,1,0,cand_001,10.072967767715454,1778917903.447102,correct,,1778917903.4469495,,False,True,pick up the yellow fork.,1,"{'plausible': ['cand_001'], 'eliminated': [], 'last_removed': []}",1,0,10.072967767715454,24,,,pick up the yellow fork.,scene_019::pick up the yellow fork.,pick up the yellow fork,0,1,0,0,0,1,fork,scene_019|clear,14,8,0.4285714285714286,2
trial_20260516_165149_1d485e,top_cups_01,main,scene_019,utensil_only,[],pick up the blue fork.,clear,top_score,,,,1778917911.469992,/home/haoandong/ask2act/services/a6000_web/artifacts/offline_experiments/top_cups_01/scenes/scene_019/observation.jpg,14105c86-9c3b-416e-aaae-53252e88fb86,finished,1,0,cand_001,5.826831817626953,1778917917.296926,correct,,1778917917.2967474,,False,True,pick up the blue fork.,1,"{'plausible': ['cand_001'], 'eliminated': [], 'last_removed': []}",1,0,5.826831817626953,22,,,pick up the blue fork.,scene_019::pick up the blue fork.,pick up the blue fork,0,1,0,0,0,1,fork,scene_019|clear,14,8,0.4285714285714286,2
trial_20260516_165205_aa06d7,top_cups_01,main,scene_019,utensil_only,[],pick up the green fork.,clear,random_candidate,,,,1778917927.3050847,/home/haoandong/ask2act/services/a6000_web/artifacts/offline_experiments/top_cups_01/scenes/scene_019/observation.jpg,624607a2-728d-48fa-b81f-b3411872694d,finished,1,0,cand_001,3.0191197395324707,1778917930.3244262,correct,,1778917930.3241072,,False,True,pick up the green fork.,1,"{'plausible': ['cand_001'], 'eliminated': [], 'last_removed': []}",1,0,3.0191197395324707,23,,,pick up the green fork.,scene_019::pick up the green fork.,pick up the green fork,0,1,0,0,0,1,fork,scene_019|clear,14,8,0.4285714285714286,2
trial_20260516_165241_8cba9f,top_cups_01,main,scene_019,utensil_only,[],pick up the red spoon.,clear,random_candidate,,,,1778917962.894345,/home/haoandong/ask2act/services/a6000_web/artifacts/offline_experiments/top_cups_01/scenes/scene_019/observation.jpg,eb51e964-3c1a-4613-9f7d-c383decd0f8d,finished,1,0,cand_001,4.474527597427368,1778917967.3689284,correct,,1778917967.3688245,,False,True,pick up the red spoon.,1,"{'plausible': ['cand_001'], 'eliminated': [], 'last_removed': []}",1,0,4.474527597427368,22,,,pick up the red spoon.,scene_019::pick up the red spoon.,pick up the red spoon,0,1,0,0,0,1,spoon,scene_019|clear,14,8,0.4285714285714286,2
trial_20260516_165258_ab9edc,top_cups_01,main,scene_019,utensil_only,[],pick up the blue spoon.,clear,vlm_direct,,,,1778917979.5973802,/home/haoandong/ask2act/services/a6000_web/artifacts/offline_experiments/top_cups_01/scenes/scene_019/observation.jpg,6cf5efb4-41ae-4f7a-ad0b-c43834a9b2da,finished,1,0,cand_001,4.791512966156006,1778917984.389037,correct,,1778917984.3888123,,False,True,pick up the blue spoon.,1,"{'plausible': ['cand_001'], 'eliminated': [], 'last_removed': []}",1,0,4.791512966156006,23,,,pick up the blue spoon.,scene_019::pick up the blue spoon.,pick up the blue spoon,0,1,0,0,0,1,spoon,scene_019|clear,14,8,0.4285714285714286,3
trial_20260516_165313_868f77,top_cups_01,main,scene_019,utensil_only,[],pick up the pink spoon.,clear,vlm_direct,,,,1778917994.3196576,/home/haoandong/ask2act/services/a6000_web/artifacts/offline_experiments/top_cups_01/scenes/scene_019/observation.jpg,7da6dacc-06a1-4167-ae1a-4613e72fb0cf,finished,2,0,cand_001,125.54751801490784,1779208202.8510704,wrong,,1778918119.8670685,wrong_object_selected,True,True,pick up the pink spoon.,2,"{'plausible': ['cand_001'], 'eliminated': ['cand_002'], 'last_removed': ['cand_002']}",0,0,125.54751801490784,23,,,pick up the pink spoon.,scene_019::pick up the pink spoon.,pick up the pink spoon,0,1,0,0,0,1,spoon,scene_019|clear,14,8,0.4285714285714286,1
trial_20260516_165554_d90f84,top_cups_01,main,scene_019,utensil_only,[],pick up the right spoon.,clear,first_question,,,,1778918155.3977873,/home/haoandong/ask2act/services/a6000_web/artifacts/offline_experiments/top_cups_01/scenes/scene_019/observation.jpg,6e91795f-b3a9-4ebf-98ba-fe9abb4f4df6,finished,1,0,cand_001,7.425184011459351,1778918162.823027,correct,,1778918162.8229182,,False,True,pick up the right spoon.,1,"{'plausible': ['cand_001'], 'eliminated': [], 'last_removed': []}",1,0,7.425184011459351,24,,,pick up the right spoon.,scene_019::pick up the right spoon.,pick up the right spoon,0,0,1,0,0,1,spoon,scene_019|clear,14,8,0.4285714285714286,1
trial_20260516_165613_2a4361,top_cups_01,main,scene_019,utensil_only,[],pick up the bottom spoon.,clear,first_question,,,,1778918174.7720344,/home/haoandong/ask2act/services/a6000_web/artifacts/offline_experiments/top_cups_01/scenes/scene_019/observation.jpg,dfda0a36-3a11-4f8c-a867-e7a3a6b35b85,finished,1,0,cand_001,7.186878204345703,1779208217.0303912,correct,,1778918181.9588675,,True,True,pick up the bottom spoon.,1,"{'plausible': ['cand_001'], 'eliminated': [], 'last_removed': []}",1,0,7.186878204345703,25,,,pick up the bottom spoon.,scene_019::pick up the bottom spoon.,pick up the bottom spoon,0,0,1,0,0,1,spoon,scene_019|clear,14,8,0.4285714285714286,1
trial_20260516_165708_aa0531,top_cups_01,main,scene_019,utensil_only,[],pick up the green fork.,clear,random_question,,,,1778918229.4039426,/home/haoandong/ask2act/services/a6000_web/artifacts/offline_experiments/top_cups_01/scenes/scene_019/observation.jpg,3bf91d89-b390-4ab6-8ee6-3aa7b0ec8714,finished,1,0,cand_001,7.0628180503845215,1778918236.4668338,correct,,1778918236.4666972,,False,True,pick up the green fork.,1,"{'plausible': ['cand_001'], 'eliminated': [], 'last_removed': []}",1,0,7.0628180503845215,23,,,pick up the green fork.,scene_019::pick up the green fork.,pick up the green fork,0,1,0,0,0,1,fork,scene_019|clear,14,8,0.4285714285714286,2
trial_20260516_165727_5b7b04,top_cups_01,main,scene_019,utensil_only,[],pick up the blue fork.,clear,random_question,,,,1778918248.9867222,/home/haoandong/ask2act/services/a6000_web/artifacts/offline_experiments/top_cups_01/scenes/scene_019/observation.jpg,a1ba12b4-7da3-4c96-8e83-fee94e9fd8aa,finished,1,0,cand_001,3.839146614074707,1778918252.825925,correct,,1778918252.825809,,False,True,pick up the blue fork.,1,"{'plausible': ['cand_001'], 'eliminated': [], 'last_removed': []}",1,0,3.839146614074707,22,,,pick up the blue fork.,scene_019::pick up the blue fork.,pick up the blue fork,0,1,0,0,0,1,fork,scene_019|clear,14,8,0.4285714285714286,2
trial_20260516_165754_f23690,top_cups_01,main,scene_019,utensil_only,[],pick up the yellow fork.,clear,vlm_best_question,,,,1778918275.4433963,/home/haoandong/ask2act/services/a6000_web/artifacts/offline_experiments/top_cups_01/scenes/scene_019/observation.jpg,4fb13a76-4477-4f3a-a5e7-b4fd4f94ace3,finished,1,0,cand_001,6.941288471221924,1778918282.3848882,correct,,1778918282.3845634,,False,True,pick up the yellow fork.,1,"{'plausible': ['cand_001'], 'eliminated': [], 'last_removed': []}",1,0,6.941288471221924,24,,,pick up the yellow fork.,scene_019::pick up the yellow fork.,pick up the yellow fork,0,1,0,0,0,1,fork,scene_019|clear,14,8,0.4285714285714286,2
trial_20260516_165851_6ea6d6,top_cups_01,main,scene_019,utensil_only,[],pick up the blue spoon.,clear,vlm_best_question,,,,1778918332.693723,/home/haoandong/ask2act/services/a6000_web/artifacts/offline_experiments/top_cups_01/scenes/scene_019/observation.jpg,bf21f5cc-ad0f-4239-bead-efa718a6f0a2,finished,1,0,cand_001,3.826655149459839,1778918336.5204709,correct,,1778918336.520311,,False,True,pick up the blue spoon.,1,"{'plausible': ['cand_001'], 'eliminated': [], 'last_removed': []}",1,0,3.826655149459839,23,,,pick up the blue spoon.,scene_019::pick up the blue spoon.,pick up the blue spoon,0,1,0,0,0,1,spoon,scene_019|clear,14,8,0.4285714285714286,3
trial_20260516_165902_76210a,top_cups_01,main,scene_019,utensil_only,[],pick up the blue spoon.,clear,proposed_efe,,,,1778918343.447894,/home/haoandong/ask2act/services/a6000_web/artifacts/offline_experiments/top_cups_01/scenes/scene_019/observation.jpg,ee074638-2c6d-455a-ac9c-57bd6a685bd3,finished,1,0,cand_001,1.984208106994629,1778918345.4322476,correct,,1778918345.432017,,False,True,pick up the blue spoon.,1,"{'plausible': ['cand_001'], 'eliminated': [], 'last_removed': []}",1,0,1.984208106994629,23,,,pick up the blue spoon.,scene_019::pick up the blue spoon.,pick up the blue spoon,0,1,0,0,0,1,spoon,scene_019|clear,14,8,0.4285714285714286,3
trial_20260516_165914_3b243e,top_cups_01,main,scene_019,utensil_only,[],pick up the red spoon.,clear,proposed_efe,,,,1778918355.986323,/home/haoandong/ask2act/services/a6000_web/artifacts/offline_experiments/top_cups_01/scenes/scene_019/observation.jpg,49988da3-74b2-48ac-a6e0-26185242fb9f,finished,1,0,cand_001,5.360155820846558,1778918361.34655,correct,,1778918361.3464077,,False,True,pick up the red spoon.,1,"{'plausible': ['cand_001'], 'eliminated': [], 'last_removed': []}",1,0,5.360155820846558,22,,,pick up the red spoon.,scene_019::pick up the red spoon.,pick up the red spoon,0,1,0,0,0,1,spoon,scene_019|clear,14,8,0.4285714285714286,2
trial_20260516_170021_ffc5b5,top_cups_01,main,scene_019,utensil_only,[],pick up the left fork.,partial,top_score,,,,1778918423.2038414,/home/haoandong/ask2act/services/a6000_web/artifacts/offline_experiments/top_cups_01/scenes/scene_019/observation.jpg,8738b1cd-f983-4aca-86a2-5117849ab4e8,finished,1,0,cand_001,3.50415301322937,1778918426.7080576,correct,,1778918426.7079318,,False,True,pick up the left fork.,1,"{'plausible': ['cand_001'], 'eliminated': [], 'last_removed': []}",1,0,3.50415301322937,22,,,pick up the left fork.,scene_019::pick up the left fork.,pick up the left fork,0,0,1,0,0,1,fork,scene_019|partial,14,2,0.8571428571428572,7
trial_20260516_170038_5da7f9,top_cups_01,main,scene_019,utensil_only,[],pick up the right fork.,partial,top_score,,,,1778918439.780114,/home/haoandong/ask2act/services/a6000_web/artifacts/offline_experiments/top_cups_01/scenes/scene_019/observation.jpg,67b6e49a-e0dc-4479-8acc-1485345f9f04,finished,1,0,cand_001,5.062104225158691,1778918444.8422747,correct,,1778918444.842163,,False,True,pick up the right fork.,1,"{'plausible': ['cand_001'], 'eliminated': [], 'last_removed': []}",1,0,5.062104225158691,23,,,pick up the right fork.,scene_019::pick up the right fork.,pick up the right fork,0,0,1,0,0,1,fork,scene_019|partial,14,2,0.8571428571428572,7
trial_20260516_170051_c75876,top_cups_01,main,scene_019,utensil_only,[],pick up my fork.,ambiguous,top_score,,,,1778918453.2196429,/home/haoandong/ask2act/services/a6000_web/artifacts/offline_experiments/top_cups_01/scenes/scene_019/observation.jpg,6f6bc701-e34c-4d7b-9fdf-13d58f540327,finished,1,0,cand_001,4.7864179611206055,1779208236.4513845,unresolved,,1778918458.0060031,gd_missing_target_candidate,True,True,pick up my fork.,1,"{'plausible': ['cand_001'], 'eliminated': [], 'last_removed': []}",0,0,4.7864179611206055,16,,,pick up my fork.,scene_019::pick up my fork.,pick up my fork,1,0,0,0,0,1,fork,scene_019|ambiguous,12,2,0.8333333333333334,6
trial_20260516_170105_6e1796,top_cups_01,main,scene_019,utensil_only,[],pick up my spoon.,ambiguous,top_score,,,,1778918466.2472146,/home/haoandong/ask2act/services/a6000_web/artifacts/offline_experiments/top_cups_01/scenes/scene_019/observation.jpg,bc5da50e-36d4-4fb4-8aa2-a40be96008d4,finished,3,0,cand_001,8.02385926246643,1779208272.9210086,wrong,,1778918474.2710006,ambiguity_not_solved,True,True,pick up my spoon.,3,"{'plausible': ['cand_001'], 'eliminated': ['cand_002', 'cand_003'], 'last_removed': ['cand_002', 'cand_003']}",0,0,8.02385926246643,17,,,pick up my spoon.,scene_019::pick up my spoon.,pick up my spoon,1,0,0,0,0,1,spoon,scene_019|ambiguous,12,2,0.8333333333333334,6
trial_20260516_170126_4cac8b,top_cups_01,main,scene_019,utensil_only,[],pick up my spoon.,ambiguous,random_candidate,,,,1778918487.0606408,/home/haoandong/ask2act/services/a6000_web/artifacts/offline_experiments/top_cups_01/scenes/scene_019/observation.jpg,483a9fcc-6f77-4423-890c-4bd4b805a78c,finished,3,0,cand_002,3.6439809799194336,1779208278.6802566,wrong,,1778918490.704561,ambiguity_not_solved,True,True,pick up my spoon.,3,"{'plausible': ['cand_002'], 'eliminated': ['cand_001', 'cand_003'], 'last_removed': ['cand_001', 'cand_003']}",0,0,3.6439809799194336,17,,,pick up my spoon.,scene_019::pick up my spoon.,pick up my spoon,1,0,0,0,0,1,spoon,scene_019|ambiguous,12,2,0.8333333333333334,6
trial_20260516_170136_977042,top_cups_01,main,scene_019,utensil_only,[],pick up my fork.,ambiguous,random_candidate,,,,1778918498.338322,/home/haoandong/ask2act/services/a6000_web/artifacts/offline_experiments/top_cups_01/scenes/scene_019/observation.jpg,34d2dcb3-5dfc-43f4-8c4e-551a66d07a8c,finished,1,0,cand_001,5.769665241241455,1779208289.6722548,unresolved,,1778918504.1079314,gd_missing_target_candidate,True,True,pick up my fork.,1,"{'plausible': ['cand_001'], 'eliminated': [], 'last_removed': []}",0,0,5.769665241241455,16,,,pick up my fork.,scene_019::pick up my fork.,pick up my fork,1,0,0,0,0,1,fork,scene_019|ambiguous,12,2,0.8333333333333334,6
trial_20260516_170332_9313ad,top_cups_01,main,scene_019,utensil_only,[],pick up the left fork.,partial,random_candidate,,,,1778918613.7507024,/home/haoandong/ask2act/services/a6000_web/artifacts/offline_experiments/top_cups_01/scenes/scene_019/observation.jpg,953c0397-e372-42a7-9453-0262f5fae05d,finished,1,0,cand_001,3.365586042404175,1778918617.116433,correct,,1778918617.116196,,False,True,pick up the left fork.,1,"{'plausible': ['cand_001'], 'eliminated': [], 'last_removed': []}",1,0,3.365586042404175,22,,,pick up the left fork.,scene_019::pick up the left fork.,pick up the left fork,0,0,1,0,0,1,fork,scene_019|partial,14,2,0.8571428571428572,7
trial_20260516_170352_b23c74,top_cups_01,main,scene_019,utensil_only,[],pick up the right fork.,partial,random_candidate,,,,1778918633.4887755,/home/haoandong/ask2act/services/a6000_web/artifacts/offline_experiments/top_cups_01/scenes/scene_019/observation.jpg,0060677a-095e-468e-8b6f-f2a5443833e7,finished,1,0,cand_001,3.8788886070251465,1778918637.3677826,correct,,1778918637.3676028,,False,True,pick up the right fork.,1,"{'plausible': ['cand_001'], 'eliminated': [], 'last_removed': []}",1,0,3.8788886070251465,23,,,pick up the right fork.,scene_019::pick up the right fork.,pick up the right fork,0,0,1,0,0,1,fork,scene_019|partial,14,2,0.8571428571428572,7
trial_20260516_170446_530998,top_cups_01,main,scene_019,utensil_only,[],pick up the right fork.,partial,vlm_direct,,,,1778918688.252272,/home/haoandong/ask2act/services/a6000_web/artifacts/offline_experiments/top_cups_01/scenes/scene_019/observation.jpg,ae0fc536-dd56-4a22-a22a-b3d5393deb4a,finished,1,0,cand_001,5.073006629943848,1778918693.3253367,correct,,1778918693.3252203,,False,True,pick up the right fork.,1,"{'plausible': ['cand_001'], 'eliminated': [], 'last_removed': []}",1,0,5.073006629943848,23,,,pick up the right fork.,scene_019::pick up the right fork.,pick up the right fork,0,0,1,0,0,1,fork,scene_019|partial,14,2,0.8571428571428572,7
trial_20260516_170500_4e2374,top_cups_01,main,scene_019,utensil_only,[],pick up the left fork.,partial,vlm_direct,,,,1778918701.523392,/home/haoandong/ask2act/services/a6000_web/artifacts/offline_experiments/top_cups_01/scenes/scene_019/observation.jpg,9f695c46-6e1b-4f92-9711-4f56a1e66887,finished,1,0,cand_001,3.4099457263946533,1778918704.933406,correct,,1778918704.9332786,,False,True,pick up the left fork.,1,"{'plausible': ['cand_001'], 'eliminated': [], 'last_removed': []}",1,0,3.4099457263946533,22,,,pick up the left fork.,scene_019::pick up the left fork.,pick up the left fork,0,0,1,0,0,1,fork,scene_019|partial,14,2,0.8571428571428572,7
trial_20260516_170643_572b2a,top_cups_01,main,scene_019,utensil_only,[],pick up my spoon.,ambiguous,first_question,,,,1778918804.5145607,/home/haoandong/ask2act/services/a6000_web/artifacts/offline_experiments/top_cups_01/scenes/scene_019/observation.jpg,b8e3401f-f435-4c36-8426-1b6739385b23,finished,3,2,cand_003,62.068435192108154,1778918866.5830514,correct,,1778918866.5829291,,False,True,pick up my spoon.,3,"{'plausible': ['cand_003'], 'eliminated': ['cand_001', 'cand_002'], 'last_removed': ['cand_002']}",1,2,62.068435192108154,17,,,pick up my spoon.,scene_019::pick up my spoon.,pick up my spoon,1,0,0,0,0,1,spoon,scene_019|ambiguous,12,2,0.8333333333333334,6
trial_20260516_170754_fef4a0,top_cups_01,main,scene_019,utensil_only,[],pick up my fork.,ambiguous,first_question,,,,1778918875.714297,/home/haoandong/ask2act/services/a6000_web/artifacts/offline_experiments/top_cups_01/scenes/scene_019/observation.jpg,c547a9be-8283-4916-be47-8d0a08402f8d,finished,1,0,cand_001,6.677104234695435,1779208304.0529726,unresolved,,1778918882.3913379,gd_missing_target_candidate,True,True,pick up my fork.,1,"{'plausible': ['cand_001'], 'eliminated': [], 'last_removed': []}",0,0,6.677104234695435,16,,,pick up my fork.,scene_019::pick up my fork.,pick up my fork,1,0,0,0,0,1,fork,scene_019|ambiguous,12,2,0.8333333333333334,6
trial_20260516_170818_d8540d,top_cups_01,main,scene_019,utensil_only,[],pick up the left fork.,partial,first_question,,,,1778918899.82515,/home/haoandong/ask2act/services/a6000_web/artifacts/offline_experiments/top_cups_01/scenes/scene_019/observation.jpg,92884da6-76da-427f-931e-3dbf134879a1,finished,1,0,cand_001,21.251161336898804,1778918921.0764613,correct,,1778918921.0762177,,False,True,pick up the left fork.,1,"{'plausible': ['cand_001'], 'eliminated': [], 'last_removed': []}",1,0,21.251161336898804,22,,,pick up the left fork.,scene_019::pick up the left fork.,pick up the left fork,0,0,1,0,0,1,fork,scene_019|partial,14,2,0.8571428571428572,7
trial_20260516_170853_fd763a,top_cups_01,main,scene_019,utensil_only,[],pick up the right fork.,partial,first_question,,,,1778918934.365167,/home/haoandong/ask2act/services/a6000_web/artifacts/offline_experiments/top_cups_01/scenes/scene_019/observation.jpg,fab25d02-2ad1-421a-927a-a7a3742bfd27,finished,1,0,cand_001,27.79687213897705,1778918962.1621184,correct,,1778918962.161972,,False,True,pick up the right fork.,1,"{'plausible': ['cand_001'], 'eliminated': [], 'last_removed': []}",1,0,27.79687213897705,23,,,pick up the right fork.,scene_019::pick up the right fork.,pick up the right fork,0,0,1,0,0,1,fork,scene_019|partial,14,2,0.8571428571428572,7
trial_20260516_170925_d64017,top_cups_01,main,scene_019,utensil_only,[],pick up the right fork.,partial,random_question,,,,1778918966.173298,/home/haoandong/ask2act/services/a6000_web/artifacts/offline_experiments/top_cups_01/scenes/scene_019/observation.jpg,4b711c0c-c3b9-40d4-b55b-c7d141f87fff,finished,1,0,cand_001,26.71917963027954,1778918992.8925314,correct,,1778918992.8924248,,False,True,pick up the right fork.,1,"{'plausible': ['cand_001'], 'eliminated': [], 'last_removed': []}",1,0,26.71917963027954,23,,,pick up the right fork.,scene_019::pick up the right fork.,pick up the right fork,0,0,1,0,0,1,fork,scene_019|partial,14,2,0.8571428571428572,7
trial_20260516_171003_6125ca,top_cups_01,main,scene_019,utensil_only,[],pick up the left fork.,partial,random_question,,,,1778919004.2141938,/home/haoandong/ask2act/services/a6000_web/artifacts/offline_experiments/top_cups_01/scenes/scene_019/observation.jpg,2482b539-63bc-45b0-8d03-fd192b89e925,finished,1,0,cand_001,20.48766565322876,1778919024.7019207,correct,,1778919024.7017927,,False,True,pick up the left fork.,1,"{'plausible': ['cand_001'], 'eliminated': [], 'last_removed': []}",1,0,20.48766565322876,22,,,pick up the left fork.,scene_019::pick up the left fork.,pick up the left fork,0,0,1,0,0,1,fork,scene_019|partial,14,2,0.8571428571428572,7
trial_20260516_171034_bff334,top_cups_01,main,scene_019,utensil_only,[],pick up my fork.,ambiguous,random_question,,,,1778919036.4586775,/home/haoandong/ask2act/services/a6000_web/artifacts/offline_experiments/top_cups_01/scenes/scene_019/observation.jpg,03926288-01ad-4c0d-a615-3af8a0796a7b,finished,1,0,cand_001,17.261701345443726,1779208312.7698033,unresolved,,1778919053.7203238,ambiguity_not_solved,True,True,pick up my fork.,1,"{'plausible': ['cand_001'], 'eliminated': [], 'last_removed': []}",0,0,17.261701345443726,16,,,pick up my fork.,scene_019::pick up my fork.,pick up my fork,1,0,0,0,0,1,fork,scene_019|ambiguous,12,2,0.8333333333333334,6
trial_20260516_171103_369ab9,top_cups_01,main,scene_019,utensil_only,[],pick up my spoon.,ambiguous,random_question,,,,1778919064.5804467,/home/haoandong/ask2act/services/a6000_web/artifacts/offline_experiments/top_cups_01/scenes/scene_019/observation.jpg,d61eb298-2343-4a23-9af7-a1181bf41868,finished,3,2,cand_003,112.96710181236267,1778919177.5476704,correct,,1778919177.5474641,,False,True,pick up my spoon.,3,"{'plausible': ['cand_003'], 'eliminated': ['cand_001', 'cand_002'], 'last_removed': ['cand_002']}",1,2,112.96710181236267,17,,,pick up my spoon.,scene_019::pick up my spoon.,pick up my spoon,1,0,0,0,0,1,spoon,scene_019|ambiguous,12,2,0.8333333333333334,6
trial_20260516_171302_fa7f2f,top_cups_01,main,scene_019,utensil_only,[],pick up my spoon.,ambiguous,vlm_best_question,,,,1778919183.3256638,/home/haoandong/ask2act/services/a6000_web/artifacts/offline_experiments/top_cups_01/scenes/scene_019/observation.jpg,7218f05e-dc0d-4088-9929-f259645fa5a7,finished,3,2,cand_003,87.63660383224487,1778919270.962407,correct,,1778919270.9621506,,False,True,pick up my spoon.,3,"{'plausible': ['cand_003'], 'eliminated': ['cand_001', 'cand_002'], 'last_removed': ['cand_002']}",1,2,87.63660383224487,17,,,pick up my spoon.,scene_019::pick up my spoon.,pick up my spoon,1,0,0,0,0,1,spoon,scene_019|ambiguous,12,2,0.8333333333333334,6
trial_20260516_171441_b140a1,top_cups_01,main,scene_019,utensil_only,[],pick up my fork.,ambiguous,vlm_best_question,,,,1778919283.5716054,/home/haoandong/ask2act/services/a6000_web/artifacts/offline_experiments/top_cups_01/scenes/scene_019/observation.jpg,28b48221-debc-415a-bd34-044ad7e0ea7d,finished,1,0,cand_001,7.461018800735474,1779208337.919863,unresolved,,1778919291.0325649,gd_missing_target_candidate,True,True,pick up my fork.,1,"{'plausible': ['cand_001'], 'eliminated': [], 'last_removed': []}",0,0,7.461018800735474,16,,,pick up my fork.,scene_019::pick up my fork.,pick up my fork,1,0,0,0,0,1,fork,scene_019|ambiguous,12,2,0.8333333333333334,6
trial_20260516_171505_8103e8,top_cups_01,main,scene_019,utensil_only,[],pick up the left fork.,partial,vlm_best_question,,,,1778919306.4767618,/home/haoandong/ask2act/services/a6000_web/artifacts/offline_experiments/top_cups_01/scenes/scene_019/observation.jpg,92c1af7b-5609-469e-808a-57ffb92e5eef,finished,1,0,cand_001,28.59113645553589,1778919335.0680356,correct,,1778919335.0678375,,False,True,pick up the left fork.,1,"{'plausible': ['cand_001'], 'eliminated': [], 'last_removed': []}",1,0,28.59113645553589,22,,,pick up the left fork.,scene_019::pick up the left fork.,pick up the left fork,0,0,1,0,0,1,fork,scene_019|partial,14,2,0.8571428571428572,7
trial_20260516_171544_44800f,top_cups_01,main,scene_019,utensil_only,[],pick up the right fork.,partial,vlm_best_question,,,,1778919345.4059832,/home/haoandong/ask2act/services/a6000_web/artifacts/offline_experiments/top_cups_01/scenes/scene_019/observation.jpg,1f306ca2-173c-4f60-8819-95cd539293cd,finished,1,0,cand_001,26.27154040336609,1778919371.677577,correct,,1778919371.6774683,,False,True,pick up the right fork.,1,"{'plausible': ['cand_001'], 'eliminated': [], 'last_removed': []}",1,0,26.27154040336609,23,,,pick up the right fork.,scene_019::pick up the right fork.,pick up the right fork,0,0,1,0,0,1,fork,scene_019|partial,14,2,0.8571428571428572,7
trial_20260516_171623_4428eb,top_cups_01,main,scene_019,utensil_only,[],pick up the right fork.,partial,proposed_efe,,,,1778919384.416114,/home/haoandong/ask2act/services/a6000_web/artifacts/offline_experiments/top_cups_01/scenes/scene_019/observation.jpg,cce67156-34c2-463c-ad4f-3197027c0f93,finished,1,0,cand_001,20.098934412002563,1778919404.515115,correct,,1778919404.5149796,,False,True,pick up the right fork.,1,"{'plausible': ['cand_001'], 'eliminated': [], 'last_removed': []}",1,0,20.098934412002563,23,,,pick up the right fork.,scene_019::pick up the right fork.,pick up the right fork,0,0,1,0,0,1,fork,scene_019|partial,14,2,0.8571428571428572,7
trial_20260516_171702_7358f5,top_cups_01,main,scene_019,utensil_only,[],pick up the left fork.,partial,proposed_efe,,,,1778919423.4504218,/home/haoandong/ask2act/services/a6000_web/artifacts/offline_experiments/top_cups_01/scenes/scene_019/observation.jpg,fc1d226b-77b3-4784-b041-1b653e062899,finished,1,0,cand_001,24.89383053779602,1778919448.34439,correct,,1778919448.3441684,,False,True,pick up the left fork.,1,"{'plausible': ['cand_001'], 'eliminated': [], 'last_removed': []}",1,0,24.89383053779602,22,,,pick up the left fork.,scene_019::pick up the left fork.,pick up the left fork,0,0,1,0,0,1,fork,scene_019|partial,14,2,0.8571428571428572,7
trial_20260516_171743_054274,top_cups_01,main,scene_019,utensil_only,[],pick up my fork.,ambiguous,proposed_efe,,,,1778919465.1811442,/home/haoandong/ask2act/services/a6000_web/artifacts/offline_experiments/top_cups_01/scenes/scene_019/observation.jpg,4d182f90-284f-4c93-a589-232c5e83f537,finished,1,0,cand_001,4.043210983276367,1779208349.8888052,unresolved,,1778919469.2242875,ambiguity_not_solved,True,True,pick up my fork.,1,"{'plausible': ['cand_001'], 'eliminated': [], 'last_removed': []}",0,0,4.043210983276367,16,,,pick up my fork.,scene_019::pick up my fork.,pick up my fork,1,0,0,0,0,1,fork,scene_019|ambiguous,12,2,0.8333333333333334,6
trial_20260516_171759_eeff32,top_cups_01,main,scene_019,utensil_only,[],pick up my spoon.,ambiguous,proposed_efe,,,,1778919480.7585988,/home/haoandong/ask2act/services/a6000_web/artifacts/offline_experiments/top_cups_01/scenes/scene_019/observation.jpg,07f703fc-f04b-4ada-85f3-e3b4c78e8fb0,finished,3,2,cand_003,75.24843263626099,1778919556.0070932,correct,,1778919556.006958,,False,True,pick up my spoon.,3,"{'plausible': ['cand_003'], 'eliminated': ['cand_001', 'cand_002'], 'last_removed': ['cand_002']}",1,2,75.24843263626099,17,,,pick up my spoon.,scene_019::pick up my spoon.,pick up my spoon,1,0,0,0,0,1,spoon,scene_019|ambiguous,12,2,0.8333333333333334,6
trial_20260516_172048_ef708c,top_cups_01,main,scene_020,utensil_only,[],pick up the yellow fork.,clear,top_score,,,,1778919650.3531942,/home/haoandong/ask2act/services/a6000_web/artifacts/offline_experiments/top_cups_01/scenes/scene_020/observation.jpg,9660d3f6-6cce-43d2-b39e-bbab4d1eb4f7,finished,1,0,cand_001,4.233779191970825,1778919654.5870311,correct,,1778919654.58692,,False,True,pick up the yellow fork.,1,"{'plausible': ['cand_001'], 'eliminated': [], 'last_removed': []}",1,0,4.233779191970825,24,,,pick up the yellow fork.,scene_020::pick up the yellow fork.,pick up the yellow fork,0,1,0,0,0,1,fork,scene_020|clear,12,6,0.5,1
trial_20260516_172109_adebf1,top_cups_01,main,scene_020,utensil_only,[],pick up the red fork.,clear,random_candidate,,,,1778919671.26237,/home/haoandong/ask2act/services/a6000_web/artifacts/offline_experiments/top_cups_01/scenes/scene_020/observation.jpg,8dbebbc2-49d9-41a2-b0cd-9b406abff208,finished,1,0,cand_001,4.683489799499512,1778919675.9459534,correct,,1778919675.9457824,,False,True,pick up the red fork.,1,"{'plausible': ['cand_001'], 'eliminated': [], 'last_removed': []}",1,0,4.683489799499512,21,,,pick up the red fork.,scene_020::pick up the red fork.,pick up the red fork,0,1,0,0,0,1,fork,scene_020|clear,12,6,0.5,3
trial_20260516_172142_7343f1,top_cups_01,main,scene_020,utensil_only,[],pick up the blue spoon.,clear,vlm_direct,,,,1778919703.5782337,/home/haoandong/ask2act/services/a6000_web/artifacts/offline_experiments/top_cups_01/scenes/scene_020/observation.jpg,a5e18f8a-6a26-4d08-adf6-ecb59418a38e,finished,1,0,cand_001,5.227998495101929,1778919708.80643,correct,,1778919708.8061182,,False,True,pick up the blue spoon.,1,"{'plausible': ['cand_001'], 'eliminated': [], 'last_removed': []}",1,0,5.227998495101929,23,,,pick up the blue spoon.,scene_020::pick up the blue spoon.,pick up the blue spoon,0,1,0,0,0,1,spoon,scene_020|clear,12,6,0.5,3
trial_20260516_172159_28bffa,top_cups_01,main,scene_020,utensil_only,[],pick up the right spoon.,clear,vlm_direct,,,,1778919720.9226136,/home/haoandong/ask2act/services/a6000_web/artifacts/offline_experiments/top_cups_01/scenes/scene_020/observation.jpg,e064dee4-d122-4978-85cc-4249bf1354fc,finished,1,0,cand_001,3.3863987922668457,1778919724.309065,correct,,1778919724.308969,,False,True,pick up the right spoon.,1,"{'plausible': ['cand_001'], 'eliminated': [], 'last_removed': []}",1,0,3.3863987922668457,24,,,pick up the right spoon.,scene_020::pick up the right spoon.,pick up the right spoon,0,0,1,0,0,1,spoon,scene_020|clear,12,6,0.5,2
trial_20260516_172214_153a73,top_cups_01,main,scene_020,utensil_only,[],pick up the right spoon.,clear,first_question,,,,1778919735.9157283,/home/haoandong/ask2act/services/a6000_web/artifacts/offline_experiments/top_cups_01/scenes/scene_020/observation.jpg,6ff7bb77-c255-4eb4-b30c-d9bda2d81d9b,finished,1,0,cand_001,2.7587172985076904,1778919738.6744971,correct,,1778919738.6743956,,False,True,pick up the right spoon.,1,"{'plausible': ['cand_001'], 'eliminated': [], 'last_removed': []}",1,0,2.7587172985076904,24,,,pick up the right spoon.,scene_020::pick up the right spoon.,pick up the right spoon,0,0,1,0,0,1,spoon,scene_020|clear,12,6,0.5,2
trial_20260516_172303_bc0a58,top_cups_01,main,scene_020,utensil_only,[],pick up the green spoon.,clear,first_question,,,,1778919785.2679539,/home/haoandong/ask2act/services/a6000_web/artifacts/offline_experiments/top_cups_01/scenes/scene_020/observation.jpg,49c87601-7aa2-4097-9283-6467908e65de,finished,1,0,cand_001,1.685913324356079,1778919786.9539516,correct,,1778919786.9538012,,False,True,pick up the green spoon.,1,"{'plausible': ['cand_001'], 'eliminated': [], 'last_removed': []}",1,0,1.685913324356079,24,,,pick up the green spoon.,scene_020::pick up the green spoon.,pick up the green spoon,0,1,0,0,0,1,spoon,scene_020|clear,12,6,0.5,2
trial_20260516_172336_6db0f1,top_cups_01,main,scene_020,utensil_only,[],pick up the green spoon.,clear,random_question,,,,1778919818.148788,/home/haoandong/ask2act/services/a6000_web/artifacts/offline_experiments/top_cups_01/scenes/scene_020/observation.jpg,9dcd787a-4fbf-4242-bd56-64d0f472fa75,finished,1,0,cand_001,2.9025635719299316,1778919821.051429,correct,,1778919821.0512066,,False,True,pick up the green spoon.,1,"{'plausible': ['cand_001'], 'eliminated': [], 'last_removed': []}",1,0,2.9025635719299316,24,,,pick up the green spoon.,scene_020::pick up the green spoon.,pick up the green spoon,0,1,0,0,0,1,spoon,scene_020|clear,12,6,0.5,2
trial_20260516_172411_a22d4c,top_cups_01,main,scene_020,utensil_only,[],pick up the red fork.,clear,random_question,,,,1778919853.0830677,/home/haoandong/ask2act/services/a6000_web/artifacts/offline_experiments/top_cups_01/scenes/scene_020/observation.jpg,d51de4ea-992c-49b9-9302-ecc2f4f26fd4,finished,1,0,cand_001,5.596229076385498,1778919858.679399,correct,,1778919858.6792257,,False,True,pick up the red fork.,1,"{'plausible': ['cand_001'], 'eliminated': [], 'last_removed': []}",1,0,5.596229076385498,21,,,pick up the red fork.,scene_020::pick up the red fork.,pick up the red fork,0,1,0,0,0,1,fork,scene_020|clear,12,6,0.5,3
trial_20260516_172443_00c33e,top_cups_01,main,scene_020,utensil_only,[],pick up the red fork.,clear,vlm_best_question,,,,1778919884.7733247,/home/haoandong/ask2act/services/a6000_web/artifacts/offline_experiments/top_cups_01/scenes/scene_020/observation.jpg,60d72ee9-6523-4c45-886b-a3bf529dc2cf,finished,1,0,cand_001,3.038621425628662,1778919887.812025,correct,,1778919887.8118846,,False,True,pick up the red fork.,1,"{'plausible': ['cand_001'], 'eliminated': [], 'last_removed': []}",1,0,3.038621425628662,21,,,pick up the red fork.,scene_020::pick up the red fork.,pick up the red fork,0,1,0,0,0,1,fork,scene_020|clear,12,6,0.5,3
trial_20260516_172516_12775b,top_cups_01,main,scene_020,utensil_only,[],pick up the blue spoon.,clear,vlm_best_question,,,,1778919918.3502731,/home/haoandong/ask2act/services/a6000_web/artifacts/offline_experiments/top_cups_01/scenes/scene_020/observation.jpg,266e10ce-fae7-471a-ba65-f926917a9107,finished,1,0,cand_001,2.838125228881836,1778919921.1884468,correct,,1778919921.1883528,,False,True,pick up the blue spoon.,1,"{'plausible': ['cand_001'], 'eliminated': [], 'last_removed': []}",1,0,2.838125228881836,23,,,pick up the blue spoon.,scene_020::pick up the blue spoon.,pick up the blue spoon,0,1,0,0,0,1,spoon,scene_020|clear,12,6,0.5,3
trial_20260516_172527_930f93,top_cups_01,main,scene_020,utensil_only,[],pick up the blue spoon.,clear,proposed_efe,,,,1778919928.8214395,/home/haoandong/ask2act/services/a6000_web/artifacts/offline_experiments/top_cups_01/scenes/scene_020/observation.jpg,4ab50902-42ff-4107-a537-dfcd6d0b06b7,finished,1,0,cand_001,3.8654794692993164,1778919932.6869745,correct,,1778919932.6868703,,False,True,pick up the blue spoon.,1,"{'plausible': ['cand_001'], 'eliminated': [], 'last_removed': []}",1,0,3.8654794692993164,23,,,pick up the blue spoon.,scene_020::pick up the blue spoon.,pick up the blue spoon,0,1,0,0,0,1,spoon,scene_020|clear,12,6,0.5,3
trial_20260516_172631_ddbf8f,top_cups_01,main,scene_020,utensil_only,[],pick up the red spoon.,clear,proposed_efe,,,,1778919993.0954328,/home/haoandong/ask2act/services/a6000_web/artifacts/offline_experiments/top_cups_01/scenes/scene_020/observation.jpg,bd9cd983-6675-482c-b493-ce2303ae8ea7,finished,1,0,cand_001,4.822917938232422,1778919997.9184067,correct,,1778919997.9182985,,False,True,pick up the red spoon.,1,"{'plausible': ['cand_001'], 'eliminated': [], 'last_removed': []}",1,0,4.822917938232422,22,,,pick up the red spoon.,scene_020::pick up the red spoon.,pick up the red spoon,0,1,0,0,0,1,spoon,scene_020|clear,12,6,0.5,1
trial_20260516_172728_167bb9,top_cups_01,main,scene_020,utensil_only,[],pick up the left spoon.,partial,top_score,,,,1778920049.7995746,/home/haoandong/ask2act/services/a6000_web/artifacts/offline_experiments/top_cups_01/scenes/scene_020/observation.jpg,f0c7db3e-ab06-4a28-9047-441a35ff4b87,finished,2,0,cand_001,9.526988506317139,1778920059.3267717,correct,,1778920059.3264341,,False,True,pick up the left spoon.,2,"{'plausible': ['cand_001'], 'eliminated': ['cand_002'], 'last_removed': ['cand_002']}",1,0,9.526988506317139,23,,,pick up the left spoon.,scene_020::pick up the left spoon.,pick up the left spoon,0,0,1,0,0,1,spoon,scene_020|partial,11,6,0.4545454545454546,3
trial_20260516_172748_b06aeb,top_cups_01,main,scene_020,utensil_only,[],pick up the pink spoon.,partial,top_score,,,,1778920069.0821402,/home/haoandong/ask2act/services/a6000_web/artifacts/offline_experiments/top_cups_01/scenes/scene_020/observation.jpg,a6e561ff-2555-4e3f-a404-62797c0459ce,finished,2,0,cand_001,4.099292039871216,1779208385.50124,wrong,,1778920073.1813717,ambiguity_not_solved,True,True,pick up the pink spoon.,2,"{'plausible': ['cand_001'], 'eliminated': ['cand_002'], 'last_removed': ['cand_002']}",0,0,4.099292039871216,23,,,pick up the pink spoon.,scene_020::pick up the pink spoon.,pick up the pink spoon,0,1,0,0,0,1,spoon,scene_020|partial,11,6,0.4545454545454546,3
trial_20260516_172806_47a945,top_cups_01,main,scene_020,utensil_only,[],pick up my spoon.,ambiguous,top_score,,,,1778920087.3853486,/home/haoandong/ask2act/services/a6000_web/artifacts/offline_experiments/top_cups_01/scenes/scene_020/observation.jpg,c2030272-946a-4e69-8a66-4bd4f1d49ddd,finished,6,0,cand_001,17.827133655548096,1779208425.0637167,wrong,,1778920105.212388,ambiguity_not_solved,True,True,pick up my spoon.,6,"{'plausible': ['cand_001'], 'eliminated': ['cand_002', 'cand_003', 'cand_004', 'cand_005', 'cand_006'], 'last_removed': ['cand_002', 'cand_003', 'cand_004', 'cand_005', 'cand_006']}",0,0,17.827133655548096,17,,,pick up my spoon.,scene_020::pick up my spoon.,pick up my spoon,1,0,0,0,0,1,spoon,scene_020|ambiguous,12,2,0.8333333333333334,7
trial_20260516_172830_9f91a2,top_cups_01,main,scene_020,utensil_only,[],pick up my fork.,ambiguous,top_score,,,,1778920112.3143346,/home/haoandong/ask2act/services/a6000_web/artifacts/offline_experiments/top_cups_01/scenes/scene_020/observation.jpg,0812d15d-265d-4c56-a70f-fdef7df2e766,finished,1,0,cand_001,6.2380921840667725,1779208430.4190671,unresolved,,1778920118.5523374,gd_missing_target_candidate,True,True,pick up my fork.,1,"{'plausible': ['cand_001'], 'eliminated': [], 'last_removed': []}",0,0,6.2380921840667725,16,,,pick up my fork.,scene_020::pick up my fork.,pick up my fork,1,0,0,0,0,1,fork,scene_020|ambiguous,12,2,0.8333333333333334,5
trial_20260516_172901_203dcf,top_cups_01,main,scene_020,utensil_only,[],pick up my fork.,ambiguous,random_candidate,,,,1778920143.1701565,/home/haoandong/ask2act/services/a6000_web/artifacts/offline_experiments/top_cups_01/scenes/scene_020/observation.jpg,f765a7e5-39c2-4a1d-81cc-4c89610bac07,finished,1,0,cand_001,4.74953818321228,1779208440.9311326,unresolved,,1778920147.9196372,gd_missing_target_candidate,True,True,pick up my fork.,1,"{'plausible': ['cand_001'], 'eliminated': [], 'last_removed': []}",0,0,4.74953818321228,16,,,pick up my fork.,scene_020::pick up my fork.,pick up my fork,1,0,0,0,0,1,fork,scene_020|ambiguous,12,2,0.8333333333333334,5
trial_20260516_172922_e16506,top_cups_01,main,scene_020,utensil_only,[],pick up my spoon.,ambiguous,random_candidate,,,,1778920163.3070111,/home/haoandong/ask2act/services/a6000_web/artifacts/offline_experiments/top_cups_01/scenes/scene_020/observation.jpg,2ce75d7f-852c-49af-9b4e-d692d63c2a19,finished,6,0,cand_006,4.281686544418335,1779208466.8640773,wrong,,1778920167.5886242,ambiguity_not_solved,True,True,pick up my spoon.,6,"{'plausible': ['cand_006'], 'eliminated': ['cand_001', 'cand_002', 'cand_003', 'cand_004', 'cand_005'], 'last_removed': ['cand_001', 'cand_002', 'cand_003', 'cand_004', 'cand_005']}",0,0,4.281686544418335,17,,,pick up my spoon.,scene_020::pick up my spoon.,pick up my spoon,1,0,0,0,0,1,spoon,scene_020|ambiguous,12,2,0.8333333333333334,7
trial_20260516_173046_447ae9,top_cups_01,main,scene_020,utensil_only,[],pick up the pink spoon.,partial,random_candidate,,,,1778920247.9792376,/home/haoandong/ask2act/services/a6000_web/artifacts/offline_experiments/top_cups_01/scenes/scene_020/observation.jpg,50195b93-ac0d-4860-88ec-b465f393fd0b,finished,2,0,cand_001,5.3713696002960205,1779208531.4664443,wrong,,1778920253.350516,ambiguity_not_solved,True,True,pick up the pink spoon.,2,"{'plausible': ['cand_001'], 'eliminated': ['cand_002'], 'last_removed': ['cand_002']}",0,0,5.3713696002960205,23,,,pick up the pink spoon.,scene_020::pick up the pink spoon.,pick up the pink spoon,0,1,0,0,0,1,spoon,scene_020|partial,11,6,0.4545454545454546,3
trial_20260516_173102_1eaff6,top_cups_01,main,scene_020,utensil_only,[],pick up the left spoon.,partial,random_candidate,,,,1778920263.351849,/home/haoandong/ask2act/services/a6000_web/artifacts/offline_experiments/top_cups_01/scenes/scene_020/observation.jpg,62ca5c9b-aa9b-4fba-92ee-27a0552713ec,finished,2,0,cand_002,9.510955333709717,1779208537.5559072,wrong,,1778920272.8627162,,True,True,pick up the left spoon.,2,"{'plausible': ['cand_002'], 'eliminated': ['cand_001'], 'last_removed': ['cand_001']}",0,0,9.510955333709717,23,,,pick up the left spoon.,scene_020::pick up the left spoon.,pick up the left spoon,0,0,1,0,0,1,spoon,scene_020|partial,11,6,0.4545454545454546,3
trial_20260516_173208_cfd920,top_cups_01,main,scene_020,utensil_only,[],pick up the left spoon.,partial,vlm_direct,,,,1778920329.649043,/home/haoandong/ask2act/services/a6000_web/artifacts/offline_experiments/top_cups_01/scenes/scene_020/observation.jpg,d66edf1c-b65a-4215-ac19-3ad7c4ecd3bd,finished,2,0,cand_001,89.24948573112488,1778920418.8985817,correct,,1778920418.8984675,,False,True,pick up the left spoon.,2,"{'plausible': ['cand_001'], 'eliminated': ['cand_002'], 'last_removed': ['cand_002']}",1,0,89.24948573112488,23,,,pick up the left spoon.,scene_020::pick up the left spoon.,pick up the left spoon,0,0,1,0,0,1,spoon,scene_020|partial,11,6,0.4545454545454546,3
trial_20260516_173350_dce183,top_cups_01,main,scene_020,utensil_only,[],pick up the pink spoon.,partial,vlm_direct,,,,1778920431.5082755,/home/haoandong/ask2act/services/a6000_web/artifacts/offline_experiments/top_cups_01/scenes/scene_020/observation.jpg,f31bc0d0-f1bd-41c9-aff6-45f12e8d4dfd,finished,2,0,cand_001,104.98107481002808,1779208545.524585,wrong,,1778920536.4892788,,True,True,pick up the pink spoon.,2,"{'plausible': ['cand_001'], 'eliminated': ['cand_002'], 'last_removed': ['cand_002']}",0,0,104.98107481002808,23,,,pick up the pink spoon.,scene_020::pick up the pink spoon.,pick up the pink spoon,0,1,0,0,0,1,spoon,scene_020|partial,11,6,0.4545454545454546,3
trial_20260516_173612_d0e279,top_cups_01,main,scene_020,utensil_only,[],pick up my spoon.,ambiguous,vlm_direct,,,,1778920573.4070883,/home/haoandong/ask2act/services/a6000_web/artifacts/offline_experiments/top_cups_01/scenes/scene_020/observation.jpg,bcde84b8-3957-42aa-8b93-986c4218b818,finished,6,0,cand_001,99.98168325424194,1779208561.6698904,wrong,,1778920673.388684,,True,True,pick up my spoon.,6,"{'plausible': ['cand_001'], 'eliminated': ['cand_002', 'cand_003', 'cand_004', 'cand_005', 'cand_006'], 'last_removed': ['cand_002', 'cand_003', 'cand_004', 'cand_005', 'cand_006']}",0,0,99.98168325424194,17,,,pick up my spoon.,scene_020::pick up my spoon.,pick up my spoon,1,0,0,0,0,1,spoon,scene_020|ambiguous,12,2,0.8333333333333334,7
trial_20260516_173754_55933f,top_cups_01,main,scene_020,utensil_only,[],pick up my spoon.,ambiguous,vlm_direct,,,,1778920675.1622508,/home/haoandong/ask2act/services/a6000_web/artifacts/offline_experiments/top_cups_01/scenes/scene_020/observation.jpg,1ce71a30-fc09-42d2-be76-7c2e15818223,finished,6,0,cand_001,92.8087830543518,1779208578.868449,wrong,,1778920767.9709582,ambiguity_not_solved,True,True,pick up my spoon.,6,"{'plausible': ['cand_001'], 'eliminated': ['cand_002', 'cand_003', 'cand_004', 'cand_005', 'cand_006'], 'last_removed': ['cand_002', 'cand_003', 'cand_004', 'cand_005', 'cand_006']}",0,0,92.8087830543518,17,,,pick up my spoon.,scene_020::pick up my spoon.,pick up my spoon,1,0,0,0,0,1,spoon,scene_020|ambiguous,12,2,0.8333333333333334,7
trial_20260516_173946_f6348c,top_cups_01,main,scene_020,utensil_only,[],pick up my spoon.,ambiguous,first_question,,,,1778920787.708305,/home/haoandong/ask2act/services/a6000_web/artifacts/offline_experiments/top_cups_01/scenes/scene_020/observation.jpg,6ace4725-44b4-4c48-a6c3-3c65377c5177,finished,6,4,cand_005,181.55558943748474,1778920969.2639534,correct,,1778920969.2638142,,False,True,pick up my spoon.,6,"{'plausible': ['cand_005'], 'eliminated': ['cand_001', 'cand_002', 'cand_003', 'cand_004', 'cand_006'], 'last_removed': ['cand_004']}",1,4,181.55558943748474,17,,,pick up my spoon.,scene_020::pick up my spoon.,pick up my spoon,1,0,0,0,0,1,spoon,scene_020|ambiguous,12,2,0.8333333333333334,7
trial_20260516_174300_fb3453,top_cups_01,main,scene_020,utensil_only,[],pick up my fork.,ambiguous,first_question,,,,1778920982.3357406,/home/haoandong/ask2act/services/a6000_web/artifacts/offline_experiments/top_cups_01/scenes/scene_020/observation.jpg,6ff1a76b-fe8d-4636-b303-cb03de7b31e6,finished,1,0,cand_001,3.738063097000122,1779208615.99604,unresolved,,1778920986.073748,gd_missing_target_candidate,True,True,pick up my fork.,1,"{'plausible': ['cand_001'], 'eliminated': [], 'last_removed': []}",0,0,3.738063097000122,16,,,pick up my fork.,scene_020::pick up my fork.,pick up my fork,1,0,0,0,0,1,fork,scene_020|ambiguous,12,2,0.8333333333333334,5
trial_20260516_174314_b37e07,top_cups_01,main,scene_020,utensil_only,[],pick up pink fork.,partial,first_question,,,,1778920995.6650183,/home/haoandong/ask2act/services/a6000_web/artifacts/offline_experiments/top_cups_01/scenes/scene_020/observation.jpg,33774402-b69e-40ed-acec-ee5977ebb8af,finished,1,0,cand_001,24.57071089744568,1778921020.2358599,correct,,1778921020.2356408,,False,True,pick up pink fork.,1,"{'plausible': ['cand_001'], 'eliminated': [], 'last_removed': []}",1,0,24.57071089744568,18,,,pick up pink fork.,scene_020::pick up pink fork.,pick up pink fork,0,1,0,0,0,1,fork,scene_020|partial,11,6,0.4545454545454546,1
trial_20260516_174347_e4b800,top_cups_01,main,scene_020,utensil_only,[],pick up left fork.,partial,first_question,,,,1778921028.1058931,/home/haoandong/ask2act/services/a6000_web/artifacts/offline_experiments/top_cups_01/scenes/scene_020/observation.jpg,7025efe5-a622-4ba9-b07c-9c82403a0d5b,finished,1,0,cand_001,18.02755355834961,1778921046.1336265,correct,,1778921046.1333401,,False,True,pick up left fork.,1,"{'plausible': ['cand_001'], 'eliminated': [], 'last_removed': []}",1,0,18.02755355834961,18,,,pick up left fork.,scene_020::pick up left fork.,pick up left fork,0,0,1,0,0,1,fork,scene_020|partial,11,6,0.4545454545454546,2
trial_20260516_174412_52abbe,top_cups_01,main,scene_020,utensil_only,[],pick up left fork.,partial,random_question,,,,1778921053.3591967,/home/haoandong/ask2act/services/a6000_web/artifacts/offline_experiments/top_cups_01/scenes/scene_020/observation.jpg,1371a8bf-ba75-4634-9783-0f9a27b2e3a1,finished,1,0,cand_001,14.353858470916748,1778921067.7131207,correct,,1778921067.7129962,,False,True,pick up left fork.,1,"{'plausible': ['cand_001'], 'eliminated': [], 'last_removed': []}",1,0,14.353858470916748,18,,,pick up left fork.,scene_020::pick up left fork.,pick up left fork,0,0,1,0,0,1,fork,scene_020|partial,11,6,0.4545454545454546,2
trial_20260516_174518_7414e4,top_cups_01,main,scene_020,utensil_only,[],pick up pink spoon.,partial,vlm_best_question,,,,1778921119.4595385,/home/haoandong/ask2act/services/a6000_web/artifacts/offline_experiments/top_cups_01/scenes/scene_020/observation.jpg,bdd76cd7-8dc9-49f7-8a9c-2d21a066c6fe,finished,2,1,cand_002,25.885984420776367,1778921145.3455791,correct,,1778921145.3454633,,False,True,pick up pink spoon.,2,"{'plausible': ['cand_002'], 'eliminated': ['cand_001'], 'last_removed': ['cand_001']}",1,1,25.885984420776367,19,,,pick up pink spoon.,scene_020::pick up pink spoon.,pick up pink spoon,0,1,0,0,0,1,spoon,scene_020|partial,11,6,0.4545454545454546,1
trial_20260516_174552_a19a72,top_cups_01,main,scene_020,utensil_only,[],pick up left spoon.,partial,vlm_best_question,,,,1778921153.8057227,/home/haoandong/ask2act/services/a6000_web/artifacts/offline_experiments/top_cups_01/scenes/scene_020/observation.jpg,3cb43822-da62-4371-82f2-d8ecd143c11a,finished,2,1,cand_001,44.603556632995605,1778921198.4093394,correct,,1778921198.4092147,,False,True,pick up left spoon.,2,"{'plausible': ['cand_001'], 'eliminated': ['cand_002'], 'last_removed': ['cand_002']}",1,1,44.603556632995605,19,,,pick up left spoon.,scene_020::pick up left spoon.,pick up left spoon,0,0,1,0,0,1,spoon,scene_020|partial,11,6,0.4545454545454546,1
trial_20260516_174655_e75e47,top_cups_01,main,scene_020,utensil_only,[],pick up my spoon.,ambiguous,vlm_best_question,,,,1778921215.9684107,/home/haoandong/ask2act/services/a6000_web/artifacts/offline_experiments/top_cups_01/scenes/scene_020/observation.jpg,ecc66902-81fa-4862-ada9-4b1522aab458,finished,6,4,cand_005,144.31226778030396,1778921360.2808151,correct,,1778921360.2805524,,False,True,pick up my spoon.,6,"{'plausible': ['cand_005'], 'eliminated': ['cand_001', 'cand_002', 'cand_003', 'cand_004', 'cand_006'], 'last_removed': ['cand_003']}",1,4,144.31226778030396,17,,,pick up my spoon.,scene_020::pick up my spoon.,pick up my spoon,1,0,0,0,0,1,spoon,scene_020|ambiguous,12,2,0.8333333333333334,7
trial_20260516_174927_52b7fc,top_cups_01,main,scene_020,utensil_only,[],pick up my fork.,ambiguous,vlm_best_question,,,,1778921369.6404998,/home/haoandong/ask2act/services/a6000_web/artifacts/offline_experiments/top_cups_01/scenes/scene_020/observation.jpg,ff6834bc-3f99-4d0b-a252-ff6b6a0cff9b,finished,1,0,cand_001,4.4909827709198,1779208610.7757576,unresolved,,1778921374.1314244,gd_missing_target_candidate,True,True,pick up my fork.,1,"{'plausible': ['cand_001'], 'eliminated': [], 'last_removed': []}",0,0,4.4909827709198,16,,,pick up my fork.,scene_020::pick up my fork.,pick up my fork,1,0,0,0,0,1,fork,scene_020|ambiguous,12,2,0.8333333333333334,5
trial_20260516_174946_035c00,top_cups_01,main,scene_020,utensil_only,[],pick up my fork.,ambiguous,proposed_efe,,,,1778921388.549899,/home/haoandong/ask2act/services/a6000_web/artifacts/offline_experiments/top_cups_01/scenes/scene_020/observation.jpg,8b20e214-2fba-475c-9edf-9fa953b36dd5,finished,1,0,cand_001,5.576805114746094,1779208602.2883153,unresolved,,1778921394.1266325,gd_missing_target_candidate,True,True,pick up my fork.,1,"{'plausible': ['cand_001'], 'eliminated': [], 'last_removed': []}",0,0,5.576805114746094,16,,,pick up my fork.,scene_020::pick up my fork.,pick up my fork,1,0,0,0,0,1,fork,scene_020|ambiguous,12,2,0.8333333333333334,5
trial_20260516_174959_917b35,top_cups_01,main,scene_020,utensil_only,[],pick up my spoon.,ambiguous,proposed_efe,,,,1778921400.5991209,/home/haoandong/ask2act/services/a6000_web/artifacts/offline_experiments/top_cups_01/scenes/scene_020/observation.jpg,ff3da954-51f9-45d6-a9c1-3fdc4cc55f66,finished,6,4,cand_005,520.9029552936554,1778921921.50214,correct,,1778921921.501988,,False,True,pick up my spoon.,6,"{'plausible': ['cand_005'], 'eliminated': ['cand_001', 'cand_002', 'cand_003', 'cand_004', 'cand_006'], 'last_removed': ['cand_002']}",1,4,520.9029552936554,17,,,pick up my spoon.,scene_020::pick up my spoon.,pick up my spoon,1,0,0,0,0,1,spoon,scene_020|ambiguous,12,2,0.8333333333333334,7
trial_20260516_175915_5f62a4,top_cups_01,main,scene_021,utensil_only,[],pick up my spoon.,ambiguous,top_score,,,,1778921956.8561351,/home/haoandong/ask2act/services/a6000_web/artifacts/offline_experiments/top_cups_01/scenes/scene_021/observation.jpg,7161dba5-eb12-4eb6-a6db-581ccd9375c5,finished,6,0,cand_001,8.103695154190063,1779208682.8279774,wrong,,1778921964.9597595,ambiguity_not_solved,True,True,pick up my spoon.,6,"{'plausible': ['cand_001'], 'eliminated': ['cand_002', 'cand_003', 'cand_004', 'cand_005', 'cand_006'], 'last_removed': ['cand_002', 'cand_003', 'cand_004', 'cand_005', 'cand_006']}",0,0,8.103695154190063,17,,,pick up my spoon.,scene_021::pick up my spoon.,pick up my spoon,1,0,0,0,0,1,spoon,scene_021|ambiguous,16,2,0.875,8
trial_20260516_175932_30386a,top_cups_01,main,scene_021,utensil_only,[],pick up my fork.,ambiguous,top_score,,,,1778921973.493141,/home/haoandong/ask2act/services/a6000_web/artifacts/offline_experiments/top_cups_01/scenes/scene_021/observation.jpg,7097e4f2-a087-4d58-834d-4b28f3fac91f,finished,1,0,cand_001,4.3040244579315186,1779208688.5134242,wrong,,1778921977.797044,gd_missing_target_candidate,True,True,pick up my fork.,1,"{'plausible': ['cand_001'], 'eliminated': [], 'last_removed': []}",0,0,4.3040244579315186,16,,,pick up my fork.,scene_021::pick up my fork.,pick up my fork,1,0,0,0,0,1,fork,scene_021|ambiguous,16,2,0.875,8
trial_20260516_175951_9661e4,top_cups_01,main,scene_021,utensil_only,[],pick up the red fork.,clear,top_score,,,,1778921992.9669895,/home/haoandong/ask2act/services/a6000_web/artifacts/offline_experiments/top_cups_01/scenes/scene_021/observation.jpg,9ed38e7f-92a8-4a8d-a912-ddb0939b0ccf,finished,1,0,cand_001,2.9527809619903564,1778921995.9198225,correct,,1778921995.919717,,False,True,pick up the red fork.,1,"{'plausible': ['cand_001'], 'eliminated': [], 'last_removed': []}",1,0,2.9527809619903564,21,,,pick up the red fork.,scene_021::pick up the red fork.,pick up the red fork,0,1,0,0,0,1,fork,scene_021|clear,16,8,0.5,5
trial_20260516_180005_07cc6d,top_cups_01,main,scene_021,utensil_only,[],pick up the yellow fork.,clear,top_score,,,,1778922006.7313206,/home/haoandong/ask2act/services/a6000_web/artifacts/offline_experiments/top_cups_01/scenes/scene_021/observation.jpg,97f1ea55-1903-4708-a755-801b0edf7394,finished,1,0,cand_001,3.823608875274658,1778922010.5552263,correct,,1778922010.5548036,,False,True,pick up the yellow fork.,1,"{'plausible': ['cand_001'], 'eliminated': [], 'last_removed': []}",1,0,3.823608875274658,24,,,pick up the yellow fork.,scene_021::pick up the yellow fork.,pick up the yellow fork,0,1,0,0,0,1,fork,scene_021|clear,16,8,0.5,5
trial_20260516_180331_fd086d,top_cups_01,main,scene_021,utensil_only,[],pick up the right spoon.,clear,random_candidate,,,,1778922212.937152,/home/haoandong/ask2act/services/a6000_web/artifacts/offline_experiments/top_cups_01/scenes/scene_021/observation.jpg,bc4d6b6a-67ac-4cfe-bd51-0e916d8bd0d9,finished,1,0,cand_001,3.75956392288208,1778922216.696797,correct,,1778922216.6966503,,False,True,pick up the right spoon.,1,"{'plausible': ['cand_001'], 'eliminated': [], 'last_removed': []}",1,0,3.75956392288208,24,,,pick up the right spoon.,scene_021::pick up the right spoon.,pick up the right spoon,0,0,1,0,0,1,spoon,scene_021|clear,16,8,0.5,1
trial_20260516_180347_0e875a,top_cups_01,main,scene_021,utensil_only,[],pick up the left spoon.,clear,random_candidate,,,,1778922228.3899715,/home/haoandong/ask2act/services/a6000_web/artifacts/offline_experiments/top_cups_01/scenes/scene_021/observation.jpg,a6507e0c-b34f-4d1f-a205-d4adf737d440,finished,2,0,cand_001,16.449740171432495,1778922244.839796,correct,,1778922244.8396413,,False,True,pick up the left spoon.,2,"{'plausible': ['cand_001'], 'eliminated': ['cand_002'], 'last_removed': ['cand_002']}",1,0,16.449740171432495,23,,,pick up the left spoon.,scene_021::pick up the left spoon.,pick up the left spoon,0,0,1,0,0,1,spoon,scene_021|clear,16,8,0.5,1
trial_20260516_180459_1e3941,top_cups_01,main,scene_021,utensil_only,[],pick up the green spoon.,clear,random_candidate,,,,1778922300.9718986,/home/haoandong/ask2act/services/a6000_web/artifacts/offline_experiments/top_cups_01/scenes/scene_021/observation.jpg,c6ae8a6c-7185-4302-b50d-3d662a06ebd8,finished,1,0,cand_001,3.1894147396087646,1779208732.371885,wrong,,1778922304.1612635,wrong_object_selected,True,True,pick up the green spoon.,1,"{'plausible': ['cand_001'], 'eliminated': [], 'last_removed': []}",0,0,3.1894147396087646,24,,,pick up the green spoon.,scene_021::pick up the green spoon.,pick up the green spoon,0,1,0,0,0,1,spoon,scene_021|clear,16,8,0.5,1
trial_20260516_180524_1f0107,top_cups_01,main,scene_021,utensil_only,[],pick up the red spoon.,clear,vlm_direct,,,,1778922325.7699978,/home/haoandong/ask2act/services/a6000_web/artifacts/offline_experiments/top_cups_01/scenes/scene_021/observation.jpg,2601f970-c84f-4ef0-9ab1-d4b372487e0c,finished,1,0,cand_001,5.2521209716796875,1778922331.0221834,correct,,1778922331.0220568,,False,True,pick up the red spoon.,1,"{'plausible': ['cand_001'], 'eliminated': [], 'last_removed': []}",1,0,5.2521209716796875,22,,,pick up the red spoon.,scene_021::pick up the red spoon.,pick up the red spoon,0,1,0,0,0,1,spoon,scene_021|clear,16,8,0.5,1
trial_20260516_180541_641e91,top_cups_01,main,scene_021,utensil_only,[],pick up the blue spoon.,clear,vlm_direct,,,,1778922343.0479782,/home/haoandong/ask2act/services/a6000_web/artifacts/offline_experiments/top_cups_01/scenes/scene_021/observation.jpg,616282b0-3343-464e-9da0-8bc5c7f27408,finished,1,0,cand_001,3.644042491912842,1778922346.6920922,correct,,1778922346.6919596,,False,True,pick up the blue spoon.,1,"{'plausible': ['cand_001'], 'eliminated': [], 'last_removed': []}",1,0,3.644042491912842,23,,,pick up the blue spoon.,scene_021::pick up the blue spoon.,pick up the blue spoon,0,1,0,0,0,1,spoon,scene_021|clear,16,8,0.5,1
trial_20260516_180603_2a0693,top_cups_01,main,scene_021,utensil_only,[],pick up the red fork.,clear,first_question,,,,1778922364.7819684,/home/haoandong/ask2act/services/a6000_web/artifacts/offline_experiments/top_cups_01/scenes/scene_021/observation.jpg,cebd8538-49e3-4431-91bd-0b6d53c52775,finished,1,0,cand_001,4.851506948471069,1778922369.6335344,correct,,1778922369.6334174,,False,True,pick up the red fork.,1,"{'plausible': ['cand_001'], 'eliminated': [], 'last_removed': []}",1,0,4.851506948471069,21,,,pick up the red fork.,scene_021::pick up the red fork.,pick up the red fork,0,1,0,0,0,1,fork,scene_021|clear,16,8,0.5,5
trial_20260516_180617_e8183a,top_cups_01,main,scene_021,utensil_only,[],pick up the yellow fork.,clear,first_question,,,,1778922379.176154,/home/haoandong/ask2act/services/a6000_web/artifacts/offline_experiments/top_cups_01/scenes/scene_021/observation.jpg,00a8aff3-0909-47cb-90c4-8af94176a1ef,finished,1,0,cand_001,2.9540762901306152,1778922382.1302931,correct,,1778922382.130166,,False,True,pick up the yellow fork.,1,"{'plausible': ['cand_001'], 'eliminated': [], 'last_removed': []}",1,0,2.9540762901306152,24,,,pick up the yellow fork.,scene_021::pick up the yellow fork.,pick up the yellow fork,0,1,0,0,0,1,fork,scene_021|clear,16,8,0.5,5
trial_20260516_180634_396407,top_cups_01,main,scene_021,utensil_only,[],pick up the yellow fork.,clear,random_question,,,,1778922395.7503688,/home/haoandong/ask2act/services/a6000_web/artifacts/offline_experiments/top_cups_01/scenes/scene_021/observation.jpg,52b3db8e-7e4b-468f-a9c2-4afaa5f9e687,finished,1,0,cand_001,2.1406097412109375,1778922397.8910346,correct,,1778922397.8909245,,False,True,pick up the yellow fork.,1,"{'plausible': ['cand_001'], 'eliminated': [], 'last_removed': []}",1,0,2.1406097412109375,24,,,pick up the yellow fork.,scene_021::pick up the yellow fork.,pick up the yellow fork,0,1,0,0,0,1,fork,scene_021|clear,16,8,0.5,5
trial_20260516_180645_ad39d6,top_cups_01,main,scene_021,utensil_only,[],pick up the red fork.,clear,random_question,,,,1778922406.5766747,/home/haoandong/ask2act/services/a6000_web/artifacts/offline_experiments/top_cups_01/scenes/scene_021/observation.jpg,fa4e0698-aaf7-428a-bcc6-07e76a2b8721,finished,1,0,cand_001,6.678281545639038,1778922413.2550106,correct,,1778922413.2549012,,False,True,pick up the red fork.,1,"{'plausible': ['cand_001'], 'eliminated': [], 'last_removed': []}",1,0,6.678281545639038,21,,,pick up the red fork.,scene_021::pick up the red fork.,pick up the red fork,0,1,0,0,0,1,fork,scene_021|clear,16,8,0.5,5
trial_20260516_180741_20292d,top_cups_01,main,scene_021,utensil_only,[],pick up the yellow fork.,clear,random_question,,,,1778922463.0070658,/home/haoandong/ask2act/services/a6000_web/artifacts/offline_experiments/top_cups_01/scenes/scene_021/observation.jpg,0850ac31-e482-4543-b50a-895b0fe55e19,finished,1,0,cand_001,6.061705827713013,1778922469.0688262,correct,,1778922469.0687177,,False,True,pick up the yellow fork.,1,"{'plausible': ['cand_001'], 'eliminated': [], 'last_removed': []}",1,0,6.061705827713013,24,,,pick up the yellow fork.,scene_021::pick up the yellow fork.,pick up the yellow fork,0,1,0,0,0,1,fork,scene_021|clear,16,8,0.5,5
trial_20260516_180752_982b43,top_cups_01,main,scene_021,utensil_only,[],pick up the yellow fork.,clear,vlm_best_question,,,,1778922473.8198044,/home/haoandong/ask2act/services/a6000_web/artifacts/offline_experiments/top_cups_01/scenes/scene_021/observation.jpg,c8bca63d-700c-4a8a-97b1-2fe111245a00,finished,1,0,cand_001,10.972431182861328,1778922484.7923055,correct,,1778922484.7921755,,False,True,pick up the yellow fork.,1,"{'plausible': ['cand_001'], 'eliminated': [], 'last_removed': []}",1,0,10.972431182861328,24,,,pick up the yellow fork.,scene_021::pick up the yellow fork.,pick up the yellow fork,0,1,0,0,0,1,fork,scene_021|clear,16,8,0.5,5
trial_20260516_180817_28b401,top_cups_01,main,scene_021,utensil_only,[],pick up the red fork.,clear,vlm_best_question,,,,1778922498.5342505,/home/haoandong/ask2act/services/a6000_web/artifacts/offline_experiments/top_cups_01/scenes/scene_021/observation.jpg,c2a72705-adba-42b4-9432-8845988528a1,finished,1,0,cand_001,2.69494366645813,1778922501.2292514,correct,,1778922501.2291336,,False,True,pick up the red fork.,1,"{'plausible': ['cand_001'], 'eliminated': [], 'last_removed': []}",1,0,2.69494366645813,21,,,pick up the red fork.,scene_021::pick up the red fork.,pick up the red fork,0,1,0,0,0,1,fork,scene_021|clear,16,8,0.5,5
trial_20260516_180830_3e4e16,top_cups_01,main,scene_021,utensil_only,[],pick up the red fork.,clear,proposed_efe,,,,1778922512.1192431,/home/haoandong/ask2act/services/a6000_web/artifacts/offline_experiments/top_cups_01/scenes/scene_021/observation.jpg,7582576e-343a-4ad4-a688-0923a71da960,finished,1,0,cand_001,1.939763069152832,1778922514.0590851,correct,,1778922514.0589478,,False,True,pick up the red fork.,1,"{'plausible': ['cand_001'], 'eliminated': [], 'last_removed': []}",1,0,1.939763069152832,21,,,pick up the red fork.,scene_021::pick up the red fork.,pick up the red fork,0,1,0,0,0,1,fork,scene_021|clear,16,8,0.5,5
trial_20260516_180849_d4d961,top_cups_01,main,scene_021,utensil_only,[],pick up the orange spoon.,clear,proposed_efe,,,,1778922530.5032327,/home/haoandong/ask2act/services/a6000_web/artifacts/offline_experiments/top_cups_01/scenes/scene_021/observation.jpg,c42f420c-c97d-4186-b4b4-466e4ea21865,finished,1,0,cand_001,4.4936909675598145,1779208779.3856792,wrong,,1778922534.996876,wrong_object_selected,True,True,pick up the orange spoon.,1,"{'plausible': ['cand_001'], 'eliminated': [], 'last_removed': []}",0,0,4.4936909675598145,25,,,pick up the orange spoon.,scene_021::pick up the orange spoon.,pick up the orange spoon,0,1,0,0,0,1,spoon,scene_021|clear,16,8,0.5,1
trial_20260516_181005_4f566e,top_cups_01,main,scene_021,utensil_only,[],pick up pink spoon.,partial,proposed_efe,,,,1778922606.2964058,/home/haoandong/ask2act/services/a6000_web/artifacts/offline_experiments/top_cups_01/scenes/scene_021/observation.jpg,8f699114-88ea-491f-84ae-1bf26470db61,finished,2,1,cand_001,51.8365216255188,1778922658.1329827,correct,,1778922658.1328552,,False,True,pick up pink spoon.,2,"{'plausible': ['cand_001'], 'eliminated': ['cand_002'], 'last_removed': ['cand_002']}",1,1,51.8365216255188,19,,,pick up pink spoon.,scene_021::pick up pink spoon.,pick up pink spoon,0,1,0,0,0,1,spoon,scene_021|partial,14,4,0.7142857142857143,2
trial_20260516_181114_625e5d,top_cups_01,main,scene_021,utensil_only,[],pick up pink spoon.,partial,top_score,,,,1778922675.7902186,/home/haoandong/ask2act/services/a6000_web/artifacts/offline_experiments/top_cups_01/scenes/scene_021/observation.jpg,783e8d7c-1277-4566-bac7-e36654acdf2e,finished,2,0,cand_001,3.9563050270080566,1778922679.7465727,correct,,1778922679.7464712,,False,True,pick up pink spoon.,2,"{'plausible': ['cand_001'], 'eliminated': ['cand_002'], 'last_removed': ['cand_002']}",1,0,3.9563050270080566,19,,,pick up pink spoon.,scene_021::pick up pink spoon.,pick up pink spoon,0,1,0,0,0,1,spoon,scene_021|partial,14,4,0.7142857142857143,2
trial_20260516_181129_eb83b0,top_cups_01,main,scene_021,utensil_only,[],pick up left spoon.,partial,top_score,,,,1778922690.5492656,/home/haoandong/ask2act/services/a6000_web/artifacts/offline_experiments/top_cups_01/scenes/scene_021/observation.jpg,8c05fc60-7cf1-4167-a22d-4b44bc7c76ba,finished,2,0,cand_001,4.26352596282959,1779208828.4182384,wrong,,1778922694.812734,ambiguity_not_solved,True,True,pick up left spoon.,2,"{'plausible': ['cand_001'], 'eliminated': ['cand_002'], 'last_removed': ['cand_002']}",0,0,4.26352596282959,19,,,pick up left spoon.,scene_021::pick up left spoon.,pick up left spoon,0,0,1,0,0,1,spoon,scene_021|partial,14,4,0.7142857142857143,1
trial_20260516_181144_7c9b2d,top_cups_01,main,scene_021,utensil_only,[],pick up my spoon.,ambiguous,top_score,,,,1778922705.8443863,/home/haoandong/ask2act/services/a6000_web/artifacts/offline_experiments/top_cups_01/scenes/scene_021/observation.jpg,8ffce165-08ee-42f8-9b68-c42d5280add2,finished,6,0,cand_001,3.6707677841186523,1779208851.459689,wrong,,1778922709.5149896,ambiguity_not_solved,True,True,pick up my spoon.,6,"{'plausible': ['cand_001'], 'eliminated': ['cand_002', 'cand_003', 'cand_004', 'cand_005', 'cand_006'], 'last_removed': ['cand_002', 'cand_003', 'cand_004', 'cand_005', 'cand_006']}",0,0,3.6707677841186523,17,,,pick up my spoon.,scene_021::pick up my spoon.,pick up my spoon,1,0,0,0,0,1,spoon,scene_021|ambiguous,16,2,0.875,8
trial_20260516_181209_ef6833,top_cups_01,main,scene_021,utensil_only,[],pick up my fork.,ambiguous,top_score,,,,1778922731.355621,/home/haoandong/ask2act/services/a6000_web/artifacts/offline_experiments/top_cups_01/scenes/scene_021/observation.jpg,e275531f-9bfc-49f6-aeae-3bdff3e68763,finished,1,0,cand_001,5.646761894226074,1779208878.8235204,unresolved,,1778922737.002265,gd_missing_target_candidate,True,True,pick up my fork.,1,"{'plausible': ['cand_001'], 'eliminated': [], 'last_removed': []}",0,0,5.646761894226074,16,,,pick up my fork.,scene_021::pick up my fork.,pick up my fork,1,0,0,0,0,1,fork,scene_021|ambiguous,16,2,0.875,8
trial_20260516_181241_bae67d,top_cups_01,main,scene_021,utensil_only,[],pick up my fork.,ambiguous,random_candidate,,,,1778922762.9278681,/home/haoandong/ask2act/services/a6000_web/artifacts/offline_experiments/top_cups_01/scenes/scene_021/observation.jpg,f8ad6f7e-7784-435e-b2f9-30fa7753a893,finished,1,0,cand_001,5.658181667327881,1779208875.3187912,unresolved,,1778922768.5859826,gd_missing_target_candidate,True,True,pick up my fork.,1,"{'plausible': ['cand_001'], 'eliminated': [], 'last_removed': []}",0,0,5.658181667327881,16,,,pick up my fork.,scene_021::pick up my fork.,pick up my fork,1,0,0,0,0,1,fork,scene_021|ambiguous,16,2,0.875,8
trial_20260516_181254_89ee82,top_cups_01,main,scene_021,utensil_only,[],pick up my spoon.,ambiguous,random_candidate,,,,1778922775.2643979,/home/haoandong/ask2act/services/a6000_web/artifacts/offline_experiments/top_cups_01/scenes/scene_021/observation.jpg,ab8e40d1-ab90-4297-ab6d-928336c10383,finished,6,0,cand_003,11.773559808731079,1779208900.8747354,wrong,,1778922787.0378819,ambiguity_not_solved,True,True,pick up my spoon.,6,"{'plausible': ['cand_003'], 'eliminated': ['cand_001', 'cand_002', 'cand_004', 'cand_005', 'cand_006'], 'last_removed': ['cand_001', 'cand_002', 'cand_004', 'cand_005', 'cand_006']}",0,0,11.773559808731079,17,,,pick up my spoon.,scene_021::pick up my spoon.,pick up my spoon,1,0,0,0,0,1,spoon,scene_021|ambiguous,16,2,0.875,8
trial_20260516_181330_53a6c6,top_cups_01,main,scene_021,utensil_only,[],pick up the pink spoon.,partial,random_candidate,,,,1778922811.8272414,/home/haoandong/ask2act/services/a6000_web/artifacts/offline_experiments/top_cups_01/scenes/scene_021/observation.jpg,c341938b-2c16-498e-98e1-7a2b24461d1a,finished,2,0,cand_001,11.550898551940918,1778922823.378232,correct,,1778922823.3780575,,False,True,pick up the pink spoon.,2,"{'plausible': ['cand_001'], 'eliminated': ['cand_002'], 'last_removed': ['cand_002']}",1,0,11.550898551940918,23,,,pick up the pink spoon.,scene_021::pick up the pink spoon.,pick up the pink spoon,0,1,0,0,0,1,spoon,scene_021|partial,14,4,0.7142857142857143,7
trial_20260516_181351_47419d,top_cups_01,main,scene_021,utensil_only,[],pick up the pink spoon.,partial,vlm_direct,,,,1778922832.8660336,/home/haoandong/ask2act/services/a6000_web/artifacts/offline_experiments/top_cups_01/scenes/scene_021/observation.jpg,4e145ff1-f14f-45d5-b7e5-1ecbc348c887,finished,2,0,cand_001,47.221433877944946,1778922880.0875337,correct,,1778922880.0874033,,False,True,pick up the pink spoon.,2,"{'plausible': ['cand_001'], 'eliminated': ['cand_002'], 'last_removed': ['cand_002']}",1,0,47.221433877944946,23,,,pick up the pink spoon.,scene_021::pick up the pink spoon.,pick up the pink spoon,0,1,0,0,0,1,spoon,scene_021|partial,14,4,0.7142857142857143,7
trial_20260516_181445_d4a4c4,top_cups_01,main,scene_021,utensil_only,[],pick up the left spoon.,partial,vlm_direct,,,,1778922886.7569437,/home/haoandong/ask2act/services/a6000_web/artifacts/offline_experiments/top_cups_01/scenes/scene_021/observation.jpg,266c4c45-7035-4458-a28d-7b0d3cfb15bc,finished,2,0,cand_001,26.44789147377014,1779208919.2914205,wrong,,1778922913.204784,ambiguity_not_solved,True,True,pick up the left spoon.,2,"{'plausible': ['cand_001'], 'eliminated': ['cand_002'], 'last_removed': ['cand_002']}",0,0,26.44789147377014,23,,,pick up the left spoon.,scene_021::pick up the left spoon.,pick up the left spoon,0,0,1,0,0,1,spoon,scene_021|partial,14,4,0.7142857142857143,4
trial_20260516_181531_d598a9,top_cups_01,main,scene_021,utensil_only,[],pick up my spoon.,ambiguous,vlm_direct,,,,1778922932.51061,/home/haoandong/ask2act/services/a6000_web/artifacts/offline_experiments/top_cups_01/scenes/scene_021/observation.jpg,97017208-4561-43b5-96c9-6cc5d26913ba,finished,6,0,cand_001,88.73860549926758,1779208937.1487007,wrong,,1778923021.2491572,ambiguity_not_solved,True,True,pick up my spoon.,6,"{'plausible': ['cand_001'], 'eliminated': ['cand_002', 'cand_003', 'cand_004', 'cand_005', 'cand_006'], 'last_removed': ['cand_002', 'cand_003', 'cand_004', 'cand_005', 'cand_006']}",0,0,88.73860549926758,17,,,pick up my spoon.,scene_021::pick up my spoon.,pick up my spoon,1,0,0,0,0,1,spoon,scene_021|ambiguous,16,2,0.875,8
trial_20260516_181718_f94914,top_cups_01,main,scene_021,utensil_only,[],pick up my fork.,ambiguous,vlm_direct,,,,1778923040.053297,/home/haoandong/ask2act/services/a6000_web/artifacts/offline_experiments/top_cups_01/scenes/scene_021/observation.jpg,d370b49e-9f1a-4faa-9bce-da78846043c5,finished,1,0,cand_001,11.456718683242798,1779208963.9216661,wrong,,1778923051.509914,gd_missing_target_candidate,True,True,pick up my fork.,1,"{'plausible': ['cand_001'], 'eliminated': [], 'last_removed': []}",0,0,11.456718683242798,16,,,pick up my fork.,scene_021::pick up my fork.,pick up my fork,1,0,0,0,0,1,fork,scene_021|ambiguous,16,2,0.875,8
trial_20260516_181749_ee534e,top_cups_01,main,scene_021,utensil_only,[],pick up my fork.,ambiguous,first_question,,,,1778923070.873723,/home/haoandong/ask2act/services/a6000_web/artifacts/offline_experiments/top_cups_01/scenes/scene_021/observation.jpg,b02605e1-c286-4f09-bf36-73c09ef34d8d,finished,1,0,cand_001,3.4572768211364746,1779208995.3243344,unresolved,,1778923074.3309417,gd_missing_target_candidate,True,True,pick up my fork.,1,"{'plausible': ['cand_001'], 'eliminated': [], 'last_removed': []}",0,0,3.4572768211364746,16,,,pick up my fork.,scene_021::pick up my fork.,pick up my fork,1,0,0,0,0,1,fork,scene_021|ambiguous,16,2,0.875,8
trial_20260516_181800_8567f8,top_cups_01,main,scene_021,utensil_only,[],pick up my spoon.,ambiguous,first_question,,,,1778923081.674371,/home/haoandong/ask2act/services/a6000_web/artifacts/offline_experiments/top_cups_01/scenes/scene_021/observation.jpg,d7d83687-985c-4141-9e4f-c3cc19417ce4,finished,6,4,cand_005,201.69766902923584,1778923283.3722596,correct,,1778923283.3718538,,False,True,pick up my spoon.,6,"{'plausible': ['cand_005'], 'eliminated': ['cand_001', 'cand_002', 'cand_003', 'cand_004', 'cand_006'], 'last_removed': ['cand_004']}",1,4,201.69766902923584,17,,,pick up my spoon.,scene_021::pick up my spoon.,pick up my spoon,1,0,0,0,0,1,spoon,scene_021|ambiguous,16,2,0.875,8
trial_20260516_182147_d91a00,top_cups_01,main,scene_021,utensil_only,[],pick up the pink spoon.,partial,first_question,,,,1778923308.8195133,/home/haoandong/ask2act/services/a6000_web/artifacts/offline_experiments/top_cups_01/scenes/scene_021/observation.jpg,a20902ed-71c1-4b5f-bcfb-3ecb914195e3,finished,2,1,cand_001,52.45139408111572,1778923361.2711208,correct,,1778923361.27075,,False,True,pick up the pink spoon.,2,"{'plausible': ['cand_001'], 'eliminated': ['cand_002'], 'last_removed': ['cand_002']}",1,1,52.45139408111572,23,,,pick up the pink spoon.,scene_021::pick up the pink spoon.,pick up the pink spoon,0,1,0,0,0,1,spoon,scene_021|partial,14,4,0.7142857142857143,7
trial_20260516_182247_652da9,top_cups_01,main,scene_021,utensil_only,[],pick up the left spoon.,partial,first_question,,,,1778923368.3556943,/home/haoandong/ask2act/services/a6000_web/artifacts/offline_experiments/top_cups_01/scenes/scene_021/observation.jpg,fa55155f-2a56-4440-8e90-7541a408b7d3,finished,2,1,cand_002,29.830673933029175,1778923398.1864254,correct,,1778923398.1863022,,False,True,pick up the left spoon.,2,"{'plausible': ['cand_002'], 'eliminated': ['cand_001'], 'last_removed': ['cand_001']}",1,1,29.830673933029175,23,,,pick up the left spoon.,scene_021::pick up the left spoon.,pick up the left spoon,0,0,1,0,0,1,spoon,scene_021|partial,14,4,0.7142857142857143,4
trial_20260516_182341_2a398f,top_cups_01,main,scene_021,utensil_only,[],pick up the left spoon.,partial,random_question,,,,1778923422.2061102,/home/haoandong/ask2act/services/a6000_web/artifacts/offline_experiments/top_cups_01/scenes/scene_021/observation.jpg,05091843-c3d2-45a7-88d9-97d61a64b3ed,finished,2,1,cand_001,224.3291654586792,1778923646.5353544,correct,,1778923646.5352058,,False,True,pick up the left spoon.,2,"{'plausible': ['cand_001'], 'eliminated': ['cand_002'], 'last_removed': ['cand_002']}",1,1,224.3291654586792,23,,,pick up the left spoon.,scene_021::pick up the left spoon.,pick up the left spoon,0,0,1,0,0,1,spoon,scene_021|partial,14,4,0.7142857142857143,4
trial_20260516_182738_abbcd4,top_cups_01,main,scene_021,utensil_only,[],pick up the pink spoon.,partial,random_question,,,,1778923659.5822942,/home/haoandong/ask2act/services/a6000_web/artifacts/offline_experiments/top_cups_01/scenes/scene_021/observation.jpg,68e5aaee-f6e1-4ea7-b94f-10511e057fbb,finished,2,1,cand_001,121.8894875049591,1778923781.4718478,correct,,1778923781.471713,,False,True,pick up the pink spoon.,2,"{'plausible': ['cand_001'], 'eliminated': ['cand_002'], 'last_removed': ['cand_002']}",1,1,121.8894875049591,23,,,pick up the pink spoon.,scene_021::pick up the pink spoon.,pick up the pink spoon,0,1,0,0,0,1,spoon,scene_021|partial,14,4,0.7142857142857143,7
trial_20260516_182953_06659f,top_cups_01,main,scene_021,utensil_only,[],pick up my spoon.,ambiguous,random_question,,,,1778923794.4442635,/home/haoandong/ask2act/services/a6000_web/artifacts/offline_experiments/top_cups_01/scenes/scene_021/observation.jpg,551d63ae-11f0-4353-b3af-4828eab93276,finished,6,4,cand_005,279.2381384372711,1778924073.6825442,correct,,1778924073.6822937,,False,True,pick up my spoon.,6,"{'plausible': ['cand_005'], 'eliminated': ['cand_001', 'cand_002', 'cand_003', 'cand_004', 'cand_006'], 'last_removed': ['cand_004']}",1,4,279.2381384372711,17,,,pick up my spoon.,scene_021::pick up my spoon.,pick up my spoon,1,0,0,0,0,1,spoon,scene_021|ambiguous,16,2,0.875,8
trial_20260516_183452_f53376,top_cups_01,main,scene_021,utensil_only,[],pick up my fork.,ambiguous,random_question,,,,1778924093.7175424,/home/haoandong/ask2act/services/a6000_web/artifacts/offline_experiments/top_cups_01/scenes/scene_021/observation.jpg,215ab68c-eba2-4663-856c-1a98091fb38c,finished,1,0,cand_001,4.055697441101074,1779208988.3006275,unresolved,,1778924097.7731922,gd_missing_target_candidate,True,True,pick up my fork.,1,"{'plausible': ['cand_001'], 'eliminated': [], 'last_removed': []}",0,0,4.055697441101074,16,,,pick up my fork.,scene_021::pick up my fork.,pick up my fork,1,0,0,0,0,1,fork,scene_021|ambiguous,16,2,0.875,8
trial_20260516_183503_66f1bb,top_cups_01,main,scene_021,utensil_only,[],pick up my fork.,ambiguous,vlm_best_question,,,,1778924104.5741384,/home/haoandong/ask2act/services/a6000_web/artifacts/offline_experiments/top_cups_01/scenes/scene_021/observation.jpg,120c3036-22af-4423-ada1-d150d587247f,finished,1,0,cand_001,2.4143881797790527,1779209005.7843568,unresolved,,1778924106.9884758,gd_missing_target_candidate,True,True,pick up my fork.,1,"{'plausible': ['cand_001'], 'eliminated': [], 'last_removed': []}",0,0,2.4143881797790527,16,,,pick up my fork.,scene_021::pick up my fork.,pick up my fork,1,0,0,0,0,1,fork,scene_021|ambiguous,16,2,0.875,8
trial_20260516_184639_bdf6b0,top_cups_01,main,scene_021,utensil_only,[],pick up my spoon.,ambiguous,vlm_best_question,,,,1778924801.1777594,/home/haoandong/ask2act/services/a6000_web/artifacts/offline_experiments/top_cups_01/scenes/scene_021/observation.jpg,fae50bd1-3cc3-47d5-9ed2-40ccd9171a7d,finished,6,5,cand_005,318.11285161972046,1778925119.2906759,correct,,1778925119.2905269,,False,True,pick up my spoon.,6,"{'plausible': ['cand_005'], 'eliminated': ['cand_001', 'cand_002', 'cand_003', 'cand_004', 'cand_006'], 'last_removed': ['cand_006']}",1,5,318.11285161972046,17,,,pick up my spoon.,scene_021::pick up my spoon.,pick up my spoon,1,0,0,0,0,1,spoon,scene_021|ambiguous,16,2,0.875,8
trial_20260516_185221_c62037,top_cups_01,main,scene_021,utensil_only,[],pick up the left spoon.,partial,vlm_best_question,,,,1778925142.6068351,/home/haoandong/ask2act/services/a6000_web/artifacts/offline_experiments/top_cups_01/scenes/scene_021/observation.jpg,87361673-4ec4-453b-b896-d70b6b84c310,finished,2,1,cand_002,37.35215663909912,1778925179.9590507,correct,,1778925179.9589288,,False,True,pick up the left spoon.,2,"{'plausible': ['cand_002'], 'eliminated': ['cand_001'], 'last_removed': ['cand_001']}",1,1,37.35215663909912,23,,,pick up the left spoon.,scene_021::pick up the left spoon.,pick up the left spoon,0,0,1,0,0,1,spoon,scene_021|partial,14,4,0.7142857142857143,4
trial_20260516_185308_f72385,top_cups_01,main,scene_021,utensil_only,[],pick up the pink spoon.,partial,vlm_best_question,,,,1778925189.007815,/home/haoandong/ask2act/services/a6000_web/artifacts/offline_experiments/top_cups_01/scenes/scene_021/observation.jpg,cc14c357-c8b5-4a57-9cba-f38d7b9374f2,finished,2,1,cand_001,37.961763858795166,1778925226.9696362,correct,,1778925226.9695127,,False,True,pick up the pink spoon.,2,"{'plausible': ['cand_001'], 'eliminated': ['cand_002'], 'last_removed': ['cand_002']}",1,1,37.961763858795166,23,,,pick up the pink spoon.,scene_021::pick up the pink spoon.,pick up the pink spoon,0,1,0,0,0,1,spoon,scene_021|partial,14,4,0.7142857142857143,7
trial_20260516_185405_8f5bff,top_cups_01,main,scene_021,utensil_only,[],pick up the pink spoon.,partial,proposed_efe,,,,1778925246.2858253,/home/haoandong/ask2act/services/a6000_web/artifacts/offline_experiments/top_cups_01/scenes/scene_021/observation.jpg,8178ae48-f5d5-4ef5-a4d9-0f5e10135a60,finished,2,1,cand_001,42.549373149871826,1778925288.8353558,correct,,1778925288.8350477,,False,True,pick up the pink spoon.,2,"{'plausible': ['cand_001'], 'eliminated': ['cand_002'], 'last_removed': ['cand_002']}",1,1,42.549373149871826,23,,,pick up the pink spoon.,scene_021::pick up the pink spoon.,pick up the pink spoon,0,1,0,0,0,1,spoon,scene_021|partial,14,4,0.7142857142857143,7
trial_20260516_185446_9a4931,top_cups_01,main,scene_021,utensil_only,[],pick up the pink spoon.,partial,proposed_efe,,,,1778925287.6439388,/home/haoandong/ask2act/services/a6000_web/artifacts/offline_experiments/top_cups_01/scenes/scene_021/observation.jpg,c5ab7a2f-d3bd-463c-9ddc-8863e2e19c7d,finished,2,1,cand_001,55.592169761657715,1778925343.236164,correct,,1778925343.2360456,,False,True,pick up the pink spoon.,2,"{'plausible': ['cand_001'], 'eliminated': ['cand_002'], 'last_removed': ['cand_002']}",1,1,55.592169761657715,23,,,pick up the pink spoon.,scene_021::pick up the pink spoon.,pick up the pink spoon,0,1,0,0,0,1,spoon,scene_021|partial,14,4,0.7142857142857143,7
trial_20260516_185555_4a69fc,top_cups_01,main,scene_021,utensil_only,[],pick up my spoon.,ambiguous,proposed_efe,,,,1778925356.457505,/home/haoandong/ask2act/services/a6000_web/artifacts/offline_experiments/top_cups_01/scenes/scene_021/observation.jpg,7e7515ee-f5f9-4456-9426-b4f520592af9,finished,6,4,cand_005,249.94908261299133,1778925606.406642,correct,,1778925606.4065151,,False,True,pick up my spoon.,6,"{'plausible': ['cand_005'], 'eliminated': ['cand_001', 'cand_002', 'cand_003', 'cand_004', 'cand_006'], 'last_removed': ['cand_003']}",1,4,249.94908261299133,17,,,pick up my spoon.,scene_021::pick up my spoon.,pick up my spoon,1,0,0,0,0,1,spoon,scene_021|ambiguous,16,2,0.875,8
trial_20260516_190021_d9886b,top_cups_01,main,scene_021,utensil_only,[],pick up my fork.,ambiguous,proposed_efe,,,,1778925622.6457708,/home/haoandong/ask2act/services/a6000_web/artifacts/offline_experiments/top_cups_01/scenes/scene_021/observation.jpg,948e0791-ac71-4d6a-aa05-86df52bdd6a7,finished,1,0,cand_001,6.116449594497681,1779209018.460134,unresolved,,1778925628.7621632,gd_missing_target_candidate,True,True,pick up my fork.,1,"{'plausible': ['cand_001'], 'eliminated': [], 'last_removed': []}",0,0,6.116449594497681,16,,,pick up my fork.,scene_021::pick up my fork.,pick up my fork,1,0,0,0,0,1,fork,scene_021|ambiguous,16,2,0.875,8
trial_20260516_210404_554ded,top_cups_01,main,scene_022,utensil_only,[],Pick up the yellow fork.,clear,top_score,,,,1778933045.3863463,/home/haoandong/ask2act/services/a6000_web/artifacts/offline_experiments/top_cups_01/scenes/scene_022/observation.jpg,0da3438b-275e-4b35-8507-ed1964c272ed,finished,1,0,cand_001,2.958683967590332,1778933048.3452332,correct,,1778933048.3449054,,False,True,Pick up the yellow fork.,1,"{'plausible': ['cand_001'], 'eliminated': [], 'last_removed': []}",1,0,2.958683967590332,24,,,Pick up the yellow fork.,scene_022::Pick up the yellow fork.,pick up the yellow fork,0,1,0,0,0,1,fork,scene_022|clear,13,6,0.5384615384615384,5
trial_20260516_210500_baef2e,top_cups_01,main,scene_022,utensil_only,[],Pick up the red fork.,clear,top_score,,,,1778933101.9642155,/home/haoandong/ask2act/services/a6000_web/artifacts/offline_experiments/top_cups_01/scenes/scene_022/observation.jpg,fa864f5c-4bc6-4837-8cdf-ae51f863498c,finished,1,0,cand_001,4.998947381973267,1778933106.9632285,correct,,1778933106.9631019,,False,True,Pick up the red fork.,1,"{'plausible': ['cand_001'], 'eliminated': [], 'last_removed': []}",1,0,4.998947381973267,21,,,Pick up the red fork.,scene_022::Pick up the red fork.,pick up the red fork,0,1,0,0,0,1,fork,scene_022|clear,13,6,0.5384615384615384,4
trial_20260516_210519_490617,top_cups_01,main,scene_022,utensil_only,[],Pick up the red spoon.,clear,random_candidate,,,,1778933121.1678865,/home/haoandong/ask2act/services/a6000_web/artifacts/offline_experiments/top_cups_01/scenes/scene_022/observation.jpg,5d140a49-bd75-4e84-b4a0-352d14597ad1,finished,1,0,cand_001,3.823140859603882,1778933124.9911685,correct,,1778933124.990942,,False,True,Pick up the red spoon.,1,"{'plausible': ['cand_001'], 'eliminated': [], 'last_removed': []}",1,0,3.823140859603882,22,,,Pick up the red spoon.,scene_022::Pick up the red spoon.,pick up the red spoon,0,1,0,0,0,1,spoon,scene_022|clear,13,6,0.5384615384615384,1
trial_20260516_210531_7af165,top_cups_01,main,scene_022,utensil_only,[],Pick up the blue spoon.,clear,random_candidate,,,,1778933133.020706,/home/haoandong/ask2act/services/a6000_web/artifacts/offline_experiments/top_cups_01/scenes/scene_022/observation.jpg,8be27abf-d43a-4a2c-8e47-d605146b2d5c,finished,1,0,cand_001,3.0756595134735107,1778933136.0966387,correct,,1778933136.0962167,,False,True,Pick up the blue spoon.,1,"{'plausible': ['cand_001'], 'eliminated': [], 'last_removed': []}",1,0,3.0756595134735107,23,,,Pick up the blue spoon.,scene_022::Pick up the blue spoon.,pick up the blue spoon,0,1,0,0,0,1,spoon,scene_022|clear,13,6,0.5384615384615384,1
trial_20260516_210549_f4f066,top_cups_01,main,scene_022,utensil_only,[],Pick up the green spoon.,clear,vlm_direct,,,,1778933150.9948008,/home/haoandong/ask2act/services/a6000_web/artifacts/offline_experiments/top_cups_01/scenes/scene_022/observation.jpg,365c1e3d-2d77-4bef-bd56-cba43eb659dd,finished,2,0,cand_001,119.00330710411072,1779209056.0702019,wrong,,1778933269.997989,ambiguity_not_solved,True,True,Pick up the green spoon.,2,"{'plausible': ['cand_001'], 'eliminated': ['cand_002'], 'last_removed': ['cand_002']}",0,0,119.00330710411072,24,,,Pick up the green spoon.,scene_022::Pick up the green spoon.,pick up the green spoon,0,1,0,0,0,1,spoon,scene_022|clear,13,6,0.5384615384615384,1
trial_20260516_210833_f8cf89,top_cups_01,main,scene_022,utensil_only,[],Pick up the right spoon.,clear,vlm_direct,,,,1778933315.0223713,/home/haoandong/ask2act/services/a6000_web/artifacts/offline_experiments/top_cups_01/scenes/scene_022/observation.jpg,482ca684-e739-4f0f-9822-56303c73a1df,finished,2,0,cand_004,68.27925848960876,1778933383.3018334,correct,,1778933383.301496,,False,True,Pick up the right spoon.,2,"{'plausible': ['cand_004'], 'eliminated': ['cand_003'], 'last_removed': ['cand_003']}",1,0,68.27925848960876,24,,,Pick up the right spoon.,scene_022::Pick up the right spoon.,pick up the right spoon,0,0,1,0,0,1,spoon,scene_022|clear,13,6,0.5384615384615384,1
trial_20260516_211006_1ba934,top_cups_01,main,scene_022,utensil_only,[],Pick up the red fork.,clear,first_question,,,,1778933407.5413857,/home/haoandong/ask2act/services/a6000_web/artifacts/offline_experiments/top_cups_01/scenes/scene_022/observation.jpg,c351e80e-dd22-4d26-bfcf-67f42e6f7ba7,finished,1,0,cand_001,1.8862507343292236,1778933409.4276886,correct,,1778933409.4275854,,False,True,Pick up the red fork.,1,"{'plausible': ['cand_001'], 'eliminated': [], 'last_removed': []}",1,0,1.8862507343292236,21,,,Pick up the red fork.,scene_022::Pick up the red fork.,pick up the red fork,0,1,0,0,0,1,fork,scene_022|clear,13,6,0.5384615384615384,4
trial_20260516_211019_4de389,top_cups_01,main,scene_022,utensil_only,[],Pick up the yellow fork.,clear,random_question,,,,1778933421.268737,/home/haoandong/ask2act/services/a6000_web/artifacts/offline_experiments/top_cups_01/scenes/scene_022/observation.jpg,2f15c172-a389-4845-8244-0d81b016a23b,finished,1,0,cand_001,3.1879212856292725,1778933424.456829,correct,,1778933424.4565465,,False,True,Pick up the yellow fork.,1,"{'plausible': ['cand_001'], 'eliminated': [], 'last_removed': []}",1,0,3.1879212856292725,24,,,Pick up the yellow fork.,scene_022::Pick up the yellow fork.,pick up the yellow fork,0,1,0,0,0,1,fork,scene_022|clear,13,6,0.5384615384615384,5
trial_20260516_211031_5c27d9,top_cups_01,main,scene_022,utensil_only,[],Pick up the red fork.,clear,random_question,,,,1778933432.9879284,/home/haoandong/ask2act/services/a6000_web/artifacts/offline_experiments/top_cups_01/scenes/scene_022/observation.jpg,fa50de0f-d885-44ab-bd48-f8dc678b81f9,finished,1,0,cand_001,1.7317352294921875,1778933434.719834,correct,,1778933434.7195504,,False,True,Pick up the red fork.,1,"{'plausible': ['cand_001'], 'eliminated': [], 'last_removed': []}",1,0,1.7317352294921875,21,,,Pick up the red fork.,scene_022::Pick up the red fork.,pick up the red fork,0,1,0,0,0,1,fork,scene_022|clear,13,6,0.5384615384615384,4
trial_20260516_211037_adf9fb,top_cups_01,main,scene_022,utensil_only,[],Pick up the red fork.,clear,vlm_best_question,,,,1778933438.4644291,/home/haoandong/ask2act/services/a6000_web/artifacts/offline_experiments/top_cups_01/scenes/scene_022/observation.jpg,02a7609e-b73f-4fab-98da-644b79436d4f,finished,1,0,cand_001,3.772200107574463,1778933442.2368422,correct,,1778933442.236502,,False,True,Pick up the red fork.,1,"{'plausible': ['cand_001'], 'eliminated': [], 'last_removed': []}",1,0,3.772200107574463,21,,,Pick up the red fork.,scene_022::Pick up the red fork.,pick up the red fork,0,1,0,0,0,1,fork,scene_022|clear,13,6,0.5384615384615384,4
trial_20260516_211049_1624b8,top_cups_01,main,scene_022,utensil_only,[],Pick up the yellow fork.,clear,vlm_best_question,,,,1778933450.9379432,/home/haoandong/ask2act/services/a6000_web/artifacts/offline_experiments/top_cups_01/scenes/scene_022/observation.jpg,f4cefbf6-c15e-4bd4-8fed-077264e3b779,finished,1,0,cand_001,3.5553770065307617,1778933454.493458,correct,,1778933454.4932249,,False,True,Pick up the yellow fork.,1,"{'plausible': ['cand_001'], 'eliminated': [], 'last_removed': []}",1,0,3.5553770065307617,24,,,Pick up the yellow fork.,scene_022::Pick up the yellow fork.,pick up the yellow fork,0,1,0,0,0,1,fork,scene_022|clear,13,6,0.5384615384615384,5
trial_20260516_211058_4b85c4,top_cups_01,main,scene_022,utensil_only,[],Pick up the yellow fork.,clear,proposed_efe,,,,1778933459.683956,/home/haoandong/ask2act/services/a6000_web/artifacts/offline_experiments/top_cups_01/scenes/scene_022/observation.jpg,bb2828a1-d265-48e5-ba4e-d2e1921e1326,finished,1,0,cand_001,1.7036845684051514,1778933461.387792,correct,,1778933461.3875487,,False,True,Pick up the yellow fork.,1,"{'plausible': ['cand_001'], 'eliminated': [], 'last_removed': []}",1,0,1.7036845684051514,24,,,Pick up the yellow fork.,scene_022::Pick up the yellow fork.,pick up the yellow fork,0,1,0,0,0,1,fork,scene_022|clear,13,6,0.5384615384615384,5
trial_20260516_211103_77e962,top_cups_01,main,scene_022,utensil_only,[],Pick up the yellow fork.,clear,proposed_efe,,,,1778933464.5603187,/home/haoandong/ask2act/services/a6000_web/artifacts/offline_experiments/top_cups_01/scenes/scene_022/observation.jpg,b0d9a667-f28c-4c3b-95b6-e17a53ed2abf,finished,1,0,cand_001,3.1557908058166504,1778933467.7162828,correct,,1778933467.7160032,,False,True,Pick up the yellow fork.,1,"{'plausible': ['cand_001'], 'eliminated': [], 'last_removed': []}",1,0,3.1557908058166504,24,,,Pick up the yellow fork.,scene_022::Pick up the yellow fork.,pick up the yellow fork,0,1,0,0,0,1,fork,scene_022|clear,13,6,0.5384615384615384,5
trial_20260516_211129_4567f8,top_cups_01,main,scene_022,utensil_only,[],Pick up pink spoon.,partial,top_score,,,,1778933490.8806922,/home/haoandong/ask2act/services/a6000_web/artifacts/offline_experiments/top_cups_01/scenes/scene_022/observation.jpg,a9801cae-c526-4fb7-9636-6708d1d352cc,finished,1,0,cand_001,5.31803297996521,1779209109.976692,wrong,,1778933496.1986132,wrong_object_selected,True,True,Pick up pink spoon.,1,"{'plausible': ['cand_001'], 'eliminated': [], 'last_removed': []}",0,0,5.31803297996521,19,,,Pick up pink spoon.,scene_022::Pick up pink spoon.,pick up pink spoon,0,1,0,0,0,1,spoon,scene_022|partial,13,4,0.6923076923076923,1
trial_20260516_211143_2f7c5c,top_cups_01,main,scene_022,utensil_only,[],Pick up left spoon.,partial,top_score,,,,1778933504.5604918,/home/haoandong/ask2act/services/a6000_web/artifacts/offline_experiments/top_cups_01/scenes/scene_022/observation.jpg,7910fae8-47f4-4f1c-9cd0-7e87495b689a,finished,2,0,cand_001,5.043543338775635,1779209127.703593,wrong,,1778933509.6039767,ambiguity_not_solved,True,True,Pick up left spoon.,2,"{'plausible': ['cand_001'], 'eliminated': ['cand_002'], 'last_removed': ['cand_002']}",0,0,5.043543338775635,19,,,Pick up left spoon.,scene_022::Pick up left spoon.,pick up left spoon,0,0,1,0,0,1,spoon,scene_022|partial,13,4,0.6923076923076923,1
trial_20260516_211156_275958,top_cups_01,main,scene_022,utensil_only,[],Pick up my spoon.,ambiguous,top_score,,,,1778933517.4317706,/home/haoandong/ask2act/services/a6000_web/artifacts/offline_experiments/top_cups_01/scenes/scene_022/observation.jpg,2a51a717-25a4-4d1c-ad87-fd9a7fa5d0d9,finished,5,0,cand_001,4.994943141937256,1779209143.3945913,wrong,,1778933522.426632,ambiguity_not_solved,True,True,Pick up my spoon.,5,"{'plausible': ['cand_001'], 'eliminated': ['cand_002', 'cand_003', 'cand_004', 'cand_005'], 'last_removed': ['cand_002', 'cand_003', 'cand_004', 'cand_005']}",0,0,4.994943141937256,17,,,Pick up my spoon.,scene_022::Pick up my spoon.,pick up my spoon,1,0,0,0,0,1,spoon,scene_022|ambiguous,12,2,0.8333333333333334,7
trial_20260516_211218_109195,top_cups_01,main,scene_022,utensil_only,[],Pick up my fork.,ambiguous,random_candidate,,,,1778933540.7088363,/home/haoandong/ask2act/services/a6000_web/artifacts/offline_experiments/top_cups_01/scenes/scene_022/observation.jpg,9d5fb168-4250-421a-a9df-cfd7deb8e031,finished,1,0,cand_001,2.776890993118286,1779209222.8552747,unresolved,,1778933543.4856687,gd_missing_target_candidate,True,True,Pick up my fork.,1,"{'plausible': ['cand_001'], 'eliminated': [], 'last_removed': []}",0,0,2.776890993118286,16,,,Pick up my fork.,scene_022::Pick up my fork.,pick up my fork,1,0,0,0,0,1,fork,scene_022|ambiguous,12,2,0.8333333333333334,5
trial_20260516_211230_768793,top_cups_01,main,scene_022,utensil_only,[],Pick up my spoon.,ambiguous,random_candidate,,,,1778933551.1470335,/home/haoandong/ask2act/services/a6000_web/artifacts/offline_experiments/top_cups_01/scenes/scene_022/observation.jpg,d440599d-31bd-44a7-9564-0de533e8b380,finished,5,0,cand_005,3.2748591899871826,1779209156.566423,wrong,,1778933554.4217834,ambiguity_not_solved,True,True,Pick up my spoon.,5,"{'plausible': ['cand_005'], 'eliminated': ['cand_001', 'cand_002', 'cand_003', 'cand_004'], 'last_removed': ['cand_001', 'cand_002', 'cand_003', 'cand_004']}",0,0,3.2748591899871826,17,,,Pick up my spoon.,scene_022::Pick up my spoon.,pick up my spoon,1,0,0,0,0,1,spoon,scene_022|ambiguous,12,2,0.8333333333333334,7
trial_20260516_211242_03897e,top_cups_01,main,scene_022,utensil_only,[],Pick up the left spoon.,partial,random_candidate,,,,1778933563.755096,/home/haoandong/ask2act/services/a6000_web/artifacts/offline_experiments/top_cups_01/scenes/scene_022/observation.jpg,cd15e5c5-f326-4711-806b-4cc40b365486,finished,2,0,cand_002,4.065204858779907,1778933567.820433,correct,,1778933567.8202085,,False,True,Pick up the left spoon.,2,"{'plausible': ['cand_002'], 'eliminated': ['cand_001'], 'last_removed': ['cand_001']}",1,0,4.065204858779907,23,,,Pick up the left spoon.,scene_022::Pick up the left spoon.,pick up the left spoon,0,0,1,0,0,1,spoon,scene_022|partial,13,4,0.6923076923076923,5
trial_20260516_211252_2d2e13,top_cups_01,main,scene_022,utensil_only,[],Pick up the right spoon.,partial,random_candidate,,,,1778933574.020401,/home/haoandong/ask2act/services/a6000_web/artifacts/offline_experiments/top_cups_01/scenes/scene_022/observation.jpg,2cce8fda-5f6c-42d5-ab52-93a1c0fb6d05,finished,2,0,cand_004,3.7432191371917725,1778933577.7638395,correct,,1778933577.763505,,False,True,Pick up the right spoon.,2,"{'plausible': ['cand_004'], 'eliminated': ['cand_003'], 'last_removed': ['cand_003']}",1,0,3.7432191371917725,24,,,Pick up the right spoon.,scene_022::Pick up the right spoon.,pick up the right spoon,0,0,1,0,0,1,spoon,scene_022|partial,13,4,0.6923076923076923,6
trial_20260516_211312_5fb522,top_cups_01,main,scene_022,utensil_only,[],Pick up the right spoon.,partial,vlm_direct,,,,1778933593.2651362,/home/haoandong/ask2act/services/a6000_web/artifacts/offline_experiments/top_cups_01/scenes/scene_022/observation.jpg,39348832-6765-443d-abc5-c82a25d7ecaa,finished,2,0,cand_003,74.65646505355835,1779209292.7232347,wrong,,1778933667.9214947,ambiguity_not_solved,True,True,Pick up the right spoon.,2,"{'plausible': ['cand_003'], 'eliminated': ['cand_004'], 'last_removed': ['cand_004']}",0,0,74.65646505355835,24,,,Pick up the right spoon.,scene_022::Pick up the right spoon.,pick up the right spoon,0,0,1,0,0,1,spoon,scene_022|partial,13,4,0.6923076923076923,6
trial_20260516_211437_79ceea,top_cups_01,main,scene_022,utensil_only,[],Pick up the left spoon.,partial,vlm_direct,,,,1778933678.8179436,/home/haoandong/ask2act/services/a6000_web/artifacts/offline_experiments/top_cups_01/scenes/scene_022/observation.jpg,62ee6398-755f-4254-9602-e5bd9597f318,finished,2,0,cand_001,38.98657250404358,1779209272.8594472,wrong,,1778933717.8044538,ambiguity_not_solved,True,True,Pick up the left spoon.,2,"{'plausible': ['cand_001'], 'eliminated': ['cand_002'], 'last_removed': ['cand_002']}",0,0,38.98657250404358,23,,,Pick up the left spoon.,scene_022::Pick up the left spoon.,pick up the left spoon,0,0,1,0,0,1,spoon,scene_022|partial,13,4,0.6923076923076923,5
trial_20260516_211554_b64f3e,top_cups_01,main,scene_022,utensil_only,[],Pick up my spoon.,ambiguous,vlm_direct,,,,1778933754.9519994,/home/haoandong/ask2act/services/a6000_web/artifacts/offline_experiments/top_cups_01/scenes/scene_022/observation.jpg,48f68069-ed62-4d59-8ec6-9fed55479913,finished,5,0,cand_001,42.51174807548523,1779209260.8496428,wrong,,1778933797.4636288,ambiguity_not_solved,True,True,Pick up my spoon.,5,"{'plausible': ['cand_001'], 'eliminated': ['cand_002', 'cand_003', 'cand_004', 'cand_005'], 'last_removed': ['cand_002', 'cand_003', 'cand_004', 'cand_005']}",0,0,42.51174807548523,17,,,Pick up my spoon.,scene_022::Pick up my spoon.,pick up my spoon,1,0,0,0,0,1,spoon,scene_022|ambiguous,12,2,0.8333333333333334,7
trial_20260516_211702_8cf313,top_cups_01,main,scene_022,utensil_only,[],Pick up my fork.,ambiguous,vlm_direct,,,,1778933823.7047913,/home/haoandong/ask2act/services/a6000_web/artifacts/offline_experiments/top_cups_01/scenes/scene_022/observation.jpg,8b2efd31-bd4a-4070-9b39-bd29adc7a55d,finished,1,0,cand_001,3.7575740814208984,1779209237.1632223,unresolved,,1778933827.4623106,gd_missing_target_candidate,True,True,Pick up my fork.,1,"{'plausible': ['cand_001'], 'eliminated': [], 'last_removed': []}",0,0,3.7575740814208984,16,,,Pick up my fork.,scene_022::Pick up my fork.,pick up my fork,1,0,0,0,0,1,fork,scene_022|ambiguous,12,2,0.8333333333333334,5
trial_20260516_211728_d054f6,top_cups_01,main,scene_022,utensil_only,[],Pick up my spoon.,ambiguous,first_question,,,,1778933849.4082685,/home/haoandong/ask2act/services/a6000_web/artifacts/offline_experiments/top_cups_01/scenes/scene_022/observation.jpg,7e626d9d-f095-44fb-9acc-bd14fe752028,finished,5,4,cand_005,202.42887425422668,1778934051.837217,correct,,1778934051.8370414,,False,True,Pick up my spoon.,5,"{'plausible': ['cand_005'], 'eliminated': ['cand_001', 'cand_002', 'cand_003', 'cand_004'], 'last_removed': ['cand_004']}",1,4,202.42887425422668,17,,,Pick up my spoon.,scene_022::Pick up my spoon.,pick up my spoon,1,0,0,0,0,1,spoon,scene_022|ambiguous,12,2,0.8333333333333334,7
trial_20260516_212105_b54b48,top_cups_01,main,scene_022,utensil_only,[],Pick up the left spoon.,partial,first_question,,,,1778934066.6905155,/home/haoandong/ask2act/services/a6000_web/artifacts/offline_experiments/top_cups_01/scenes/scene_022/observation.jpg,3515e7c1-9d32-471c-9507-28a722895f7b,finished,2,1,cand_002,55.56512999534607,1778934122.2558482,correct,,1778934122.255505,,False,True,Pick up the left spoon.,2,"{'plausible': ['cand_002'], 'eliminated': ['cand_001'], 'last_removed': ['cand_001']}",1,1,55.56512999534607,23,,,Pick up the left spoon.,scene_022::Pick up the left spoon.,pick up the left spoon,0,0,1,0,0,1,spoon,scene_022|partial,13,4,0.6923076923076923,5
trial_20260516_212211_ae45f1,top_cups_01,main,scene_022,utensil_only,[],Pick up the right spoon.,partial,first_question,,,,1778934133.0036314,/home/haoandong/ask2act/services/a6000_web/artifacts/offline_experiments/top_cups_01/scenes/scene_022/observation.jpg,4e4badd2-db23-4475-a27d-d1cf3ae4109e,finished,5,1,cand_003,38.71677279472351,1778934171.7206247,correct,,1778934171.720219,,False,True,Pick up the right spoon.,5,"{'plausible': ['cand_003'], 'eliminated': ['cand_001', 'cand_002', 'cand_004', 'cand_005'], 'last_removed': ['cand_001', 'cand_002', 'cand_004', 'cand_005']}",1,1,38.71677279472351,24,,,Pick up the right spoon.,scene_022::Pick up the right spoon.,pick up the right spoon,0,0,1,0,0,1,spoon,scene_022|partial,13,4,0.6923076923076923,6
trial_20260516_212258_d87abc,top_cups_01,main,scene_022,utensil_only,[],Pick up the right spoon.,partial,random_question,,,,1778934179.1193163,/home/haoandong/ask2act/services/a6000_web/artifacts/offline_experiments/top_cups_01/scenes/scene_022/observation.jpg,092d4ec0-a331-418f-a051-b24d6ec35f8a,finished,5,1,cand_003,79.19556427001953,1778934258.3149784,correct,,1778934258.3147862,,False,True,Pick up the right spoon.,5,"{'plausible': ['cand_003'], 'eliminated': ['cand_001', 'cand_002', 'cand_004', 'cand_005'], 'last_removed': ['cand_001', 'cand_002', 'cand_004', 'cand_005']}",1,1,79.19556427001953,24,,,Pick up the right spoon.,scene_022::Pick up the right spoon.,pick up the right spoon,0,0,1,0,0,1,spoon,scene_022|partial,13,4,0.6923076923076923,6
trial_20260516_212551_776255,top_cups_01,main,scene_022,utensil_only,[],Pick up my spoon.,ambiguous,random_question,,,,1778934352.076585,/home/haoandong/ask2act/services/a6000_web/artifacts/offline_experiments/top_cups_01/scenes/scene_022/observation.jpg,18d28645-b0f0-4bb3-8870-8947238dc330,finished,5,4,cand_005,233.61913323402405,1778934585.6959357,correct,,1778934585.6955383,,False,True,Pick up my spoon.,5,"{'plausible': ['cand_005'], 'eliminated': ['cand_001', 'cand_002', 'cand_003', 'cand_004'], 'last_removed': ['cand_004']}",1,4,233.61913323402405,17,,,Pick up my spoon.,scene_022::Pick up my spoon.,pick up my spoon,1,0,0,0,0,1,spoon,scene_022|ambiguous,12,2,0.8333333333333334,7
trial_20260516_212955_0d4953,top_cups_01,main,scene_022,utensil_only,[],Pick up my fork.,ambiguous,random_question,,,,1778934596.632357,/home/haoandong/ask2act/services/a6000_web/artifacts/offline_experiments/top_cups_01/scenes/scene_022/observation.jpg,24eda531-b1a9-4f4b-be1b-75863f4b9d6a,finished,1,0,cand_001,3.825998306274414,1779209343.6729352,unresolved,,1778934600.4582984,gd_missing_target_candidate,True,True,Pick up my fork.,1,"{'plausible': ['cand_001'], 'eliminated': [], 'last_removed': []}",0,0,3.825998306274414,16,,,Pick up my fork.,scene_022::Pick up my fork.,pick up my fork,1,0,0,0,0,1,fork,scene_022|ambiguous,12,2,0.8333333333333334,5
trial_20260516_213104_b33a68,top_cups_01,main,scene_022,utensil_only,[],Pick up my fork.,ambiguous,vlm_best_question,,,,1778934666.3845437,/home/haoandong/ask2act/services/a6000_web/artifacts/offline_experiments/top_cups_01/scenes/scene_022/observation.jpg,df395754-9c58-4f57-b34e-1df5bd211698,finished,1,0,cand_001,3.1763839721679688,1779209346.4594443,unresolved,,1778934669.560859,gd_missing_target_candidate,True,True,Pick up my fork.,1,"{'plausible': ['cand_001'], 'eliminated': [], 'last_removed': []}",0,0,3.1763839721679688,16,,,Pick up my fork.,scene_022::Pick up my fork.,pick up my fork,1,0,0,0,0,1,fork,scene_022|ambiguous,12,2,0.8333333333333334,5
trial_20260516_213124_782d37,top_cups_01,main,scene_022,utensil_only,[],Pick up my spoon.,ambiguous,vlm_best_question,,,,1778934685.8267257,/home/haoandong/ask2act/services/a6000_web/artifacts/offline_experiments/top_cups_01/scenes/scene_022/observation.jpg,bee4ba0e-62f8-47d9-8be4-9ee6ce363524,finished,5,2,cand_005,130.0428924560547,1778934815.8697119,correct,,1778934815.8695312,,False,True,Pick up my spoon.,5,"{'plausible': ['cand_005'], 'eliminated': ['cand_001', 'cand_002', 'cand_003', 'cand_004'], 'last_removed': ['cand_004']}",1,2,130.0428924560547,17,,,Pick up my spoon.,scene_022::Pick up my spoon.,pick up my spoon,1,0,0,0,0,1,spoon,scene_022|ambiguous,12,2,0.8333333333333334,7
trial_20260516_213348_1056f2,top_cups_01,main,scene_022,utensil_only,[],Pick up the left spoon.,partial,vlm_best_question,,,,1778934829.6466224,/home/haoandong/ask2act/services/a6000_web/artifacts/offline_experiments/top_cups_01/scenes/scene_022/observation.jpg,35ed5735-6605-4752-ae57-dac39db23b07,finished,2,1,cand_002,73.61730241775513,1778934903.2639925,correct,,1778934903.2638543,,False,True,Pick up the left spoon.,2,"{'plausible': ['cand_002'], 'eliminated': ['cand_001'], 'last_removed': ['cand_001']}",1,1,73.61730241775513,23,,,Pick up the left spoon.,scene_022::Pick up the left spoon.,pick up the left spoon,0,0,1,0,0,1,spoon,scene_022|partial,13,4,0.6923076923076923,5
trial_20260516_213509_380993,top_cups_01,main,scene_022,utensil_only,[],Pick up the right spoon.,partial,vlm_best_question,,,,1778934910.9510036,/home/haoandong/ask2act/services/a6000_web/artifacts/offline_experiments/top_cups_01/scenes/scene_022/observation.jpg,94a0cc0f-4fb4-4e13-96f1-7e0e42a4f9a8,finished,5,1,cand_003,80.88617706298828,1778934991.8373973,correct,,1778934991.8370197,,False,True,Pick up the right spoon.,5,"{'plausible': ['cand_003'], 'eliminated': ['cand_001', 'cand_002', 'cand_004', 'cand_005'], 'last_removed': ['cand_001', 'cand_002', 'cand_004', 'cand_005']}",1,1,80.88617706298828,24,,,Pick up the right spoon.,scene_022::Pick up the right spoon.,pick up the right spoon,0,0,1,0,0,1,spoon,scene_022|partial,13,4,0.6923076923076923,6
trial_20260516_213636_30c287,top_cups_01,main,scene_022,utensil_only,[],Pick up the right spoon.,partial,proposed_efe,,,,1778934997.2297325,/home/haoandong/ask2act/services/a6000_web/artifacts/offline_experiments/top_cups_01/scenes/scene_022/observation.jpg,a653fdaf-3986-433a-a8bd-2bbece69fc74,finished,5,1,cand_003,50.500550985336304,1778935047.7303593,correct,,1778935047.7302032,,False,True,Pick up the right spoon.,5,"{'plausible': ['cand_003'], 'eliminated': ['cand_001', 'cand_002', 'cand_004', 'cand_005'], 'last_removed': ['cand_001', 'cand_002', 'cand_004', 'cand_005']}",1,1,50.500550985336304,24,,,Pick up the right spoon.,scene_022::Pick up the right spoon.,pick up the right spoon,0,0,1,0,0,1,spoon,scene_022|partial,13,4,0.6923076923076923,6
trial_20260516_213732_858a25,top_cups_01,main,scene_022,utensil_only,[],Pick up the left spoon.,partial,proposed_efe,,,,1778935053.7363338,/home/haoandong/ask2act/services/a6000_web/artifacts/offline_experiments/top_cups_01/scenes/scene_022/observation.jpg,5f6575c7-f042-47e7-a176-7e1345ac0287,finished,2,1,cand_001,112.31191754341125,1779209369.5663335,correct,,1778935166.0481968,,True,True,Pick up the left spoon.,2,"{'plausible': ['cand_001'], 'eliminated': ['cand_002'], 'last_removed': ['cand_002']}",1,1,112.31191754341125,23,,,Pick up the left spoon.,scene_022::Pick up the left spoon.,pick up the left spoon,0,0,1,0,0,1,spoon,scene_022|partial,13,4,0.6923076923076923,5
trial_20260516_213936_e03320,top_cups_01,main,scene_022,utensil_only,[],Pick up my spoon.,ambiguous,proposed_efe,,,,1778935177.831159,/home/haoandong/ask2act/services/a6000_web/artifacts/offline_experiments/top_cups_01/scenes/scene_022/observation.jpg,05f7b485-3729-4285-b0e2-f0f0dadf2987,finished,5,3,cand_005,132.35344791412354,1778935310.1846936,correct,,1778935310.1845188,,False,True,Pick up my spoon.,5,"{'plausible': ['cand_005'], 'eliminated': ['cand_001', 'cand_002', 'cand_003', 'cand_004'], 'last_removed': ['cand_004']}",1,3,132.35344791412354,17,,,Pick up my spoon.,scene_022::Pick up my spoon.,pick up my spoon,1,0,0,0,0,1,spoon,scene_022|ambiguous,12,2,0.8333333333333334,7
trial_20260516_214158_868368,top_cups_01,main,scene_022,utensil_only,[],Pick up my fork.,ambiguous,proposed_efe,,,,1778935320.0597715,/home/haoandong/ask2act/services/a6000_web/artifacts/offline_experiments/top_cups_01/scenes/scene_022/observation.jpg,460630da-b50d-4866-b8b9-013399753172,finished,1,0,cand_001,4.147801876068115,1779209402.4246237,unresolved,,1778935324.207513,gd_missing_target_candidate,True,True,Pick up my fork.,1,"{'plausible': ['cand_001'], 'eliminated': [], 'last_removed': []}",0,0,4.147801876068115,16,,,Pick up my fork.,scene_022::Pick up my fork.,pick up my fork,1,0,0,0,0,1,fork,scene_022|ambiguous,12,2,0.8333333333333334,5
trial_20260516_214342_a6ba40,top_cups_01,main,scene_023,utensil_only,[],Pick up the green spoon.,clear,top_score,,,,1778935424.1925025,/home/haoandong/ask2act/services/a6000_web/artifacts/offline_experiments/top_cups_01/scenes/scene_023/observation.jpg,662b9824-ca03-456e-8698-7a44a3008ff3,finished,1,0,cand_001,4.8104088306427,1778935429.0031745,correct,,1778935429.0027857,,False,True,Pick up the green spoon.,1,"{'plausible': ['cand_001'], 'eliminated': [], 'last_removed': []}",1,0,4.8104088306427,24,,,Pick up the green spoon.,scene_023::Pick up the green spoon.,pick up the green spoon,0,1,0,0,0,1,spoon,scene_023|clear,10,6,0.4,3
trial_20260516_214516_807c03,top_cups_01,main,scene_023,utensil_only,[],Pick up the bottom spoon.,partial,random_candidate,,,,1778935517.7335434,/home/haoandong/ask2act/services/a6000_web/artifacts/offline_experiments/top_cups_01/scenes/scene_023/observation.jpg,ae0eb5ca-d14e-4879-9813-78f5f3a1e330,finished,1,0,cand_001,12.692883253097534,1779209476.574876,wrong,,1778935530.426292,wrong_object_selected,True,True,Pick up the bottom spoon.,1,"{'plausible': ['cand_001'], 'eliminated': [], 'last_removed': []}",0,0,12.692883253097534,25,,,Pick up the bottom spoon.,scene_023::Pick up the bottom spoon.,pick up the bottom spoon,0,0,1,0,0,1,spoon,scene_023|partial,13,3,0.7692307692307692,1
trial_20260516_214552_d4f397,top_cups_01,main,scene_023,utensil_only,[],Pick up the red spoon.,clear,random_candidate,,,,1778935554.1037056,/home/haoandong/ask2act/services/a6000_web/artifacts/offline_experiments/top_cups_01/scenes/scene_023/observation.jpg,9a5328d8-2925-48cb-80b5-43989bd31857,finished,1,0,cand_001,2.9481217861175537,1778935557.0520344,correct,,1778935557.051698,,False,True,Pick up the red spoon.,1,"{'plausible': ['cand_001'], 'eliminated': [], 'last_removed': []}",1,0,2.9481217861175537,22,,,Pick up the red spoon.,scene_023::Pick up the red spoon.,pick up the red spoon,0,1,0,0,0,1,spoon,scene_023|clear,10,6,0.4,2
trial_20260516_214613_7514ef,top_cups_01,main,scene_023,utensil_only,[],Pick up the green spoon.,clear,vlm_direct,,,,1778935574.2488768,/home/haoandong/ask2act/services/a6000_web/artifacts/offline_experiments/top_cups_01/scenes/scene_023/observation.jpg,90950b48-c173-4948-897c-808fcbb8729b,finished,1,0,cand_001,3.09485125541687,1778935577.3439376,correct,,1778935577.3436048,,False,True,Pick up the green spoon.,1,"{'plausible': ['cand_001'], 'eliminated': [], 'last_removed': []}",1,0,3.09485125541687,24,,,Pick up the green spoon.,scene_023::Pick up the green spoon.,pick up the green spoon,0,1,0,0,0,1,spoon,scene_023|clear,10,6,0.4,3
trial_20260516_214853_e0c4d6,top_cups_01,main,scene_023,utensil_only,[],Pick up the orange spoon.,clear,vlm_direct,,,,1778935734.466263,/home/haoandong/ask2act/services/a6000_web/artifacts/offline_experiments/top_cups_01/scenes/scene_023/observation.jpg,1e9db849-4492-4159-9d5c-789a31f37f35,finished,1,0,cand_001,3.3321194648742676,1779209516.72014,wrong,,1778935737.798257,wrong_object_selected,True,True,Pick up the orange spoon.,1,"{'plausible': ['cand_001'], 'eliminated': [], 'last_removed': []}",0,0,3.3321194648742676,25,,,Pick up the orange spoon.,scene_023::Pick up the orange spoon.,pick up the orange spoon,0,1,0,0,0,1,spoon,scene_023|clear,10,6,0.4,2
trial_20260516_214908_7ab843,top_cups_01,main,scene_023,utensil_only,[],Pick up the pink spoon.,clear,first_question,,,,1778935750.1339483,/home/haoandong/ask2act/services/a6000_web/artifacts/offline_experiments/top_cups_01/scenes/scene_023/observation.jpg,ac951698-38d4-48cf-b675-9fcc8d628019,finished,1,0,cand_001,2.760725498199463,1779209526.0452282,wrong,,1778935752.894606,wrong_object_selected,True,True,Pick up the pink spoon.,1,"{'plausible': ['cand_001'], 'eliminated': [], 'last_removed': []}",0,0,2.760725498199463,23,,,Pick up the pink spoon.,scene_023::Pick up the pink spoon.,pick up the pink spoon,0,1,0,0,0,1,spoon,scene_023|clear,10,6,0.4,1
trial_20260516_214950_1234e0,top_cups_01,main,scene_023,utensil_only,[],Pick up the dark blue spoon.,clear,random_question,,,,1778935791.8768609,/home/haoandong/ask2act/services/a6000_web/artifacts/offline_experiments/top_cups_01/scenes/scene_023/observation.jpg,d1e9878b-16ee-4fce-8639-1bf376d36c8a,finished,1,0,cand_001,3.7062792778015137,1778935795.5833442,correct,,1778935795.5830178,,False,True,Pick up the dark blue spoon.,1,"{'plausible': ['cand_001'], 'eliminated': [], 'last_removed': []}",1,0,3.7062792778015137,28,,,Pick up the dark blue spoon.,scene_023::Pick up the dark blue spoon.,pick up the dark blue spoon,0,1,0,0,0,1,spoon,scene_023|clear,10,6,0.4,1
trial_20260516_215008_e2cad2,top_cups_01,main,scene_023,utensil_only,[],Pick up the red spoon.,clear,random_question,,,,1778935810.0267472,/home/haoandong/ask2act/services/a6000_web/artifacts/offline_experiments/top_cups_01/scenes/scene_023/observation.jpg,1d718c14-75fd-4ca2-b679-06e4b125e955,finished,1,0,cand_001,7.09642481803894,1778935817.1233177,correct,,1778935817.1230757,,False,True,Pick up the red spoon.,1,"{'plausible': ['cand_001'], 'eliminated': [], 'last_removed': []}",1,0,7.09642481803894,22,,,Pick up the red spoon.,scene_023::Pick up the red spoon.,pick up the red spoon,0,1,0,0,0,1,spoon,scene_023|clear,10,6,0.4,2
trial_20260516_215102_217eda,top_cups_01,main,scene_023,utensil_only,[],Pick up the green spoon.,clear,vlm_best_question,,,,1778935863.4475784,/home/haoandong/ask2act/services/a6000_web/artifacts/offline_experiments/top_cups_01/scenes/scene_023/observation.jpg,25030eae-2673-423a-8435-0885d6962150,finished,1,0,cand_001,4.044506549835205,1778935867.4921625,correct,,1778935867.4920247,,False,True,Pick up the green spoon.,1,"{'plausible': ['cand_001'], 'eliminated': [], 'last_removed': []}",1,0,4.044506549835205,24,,,Pick up the green spoon.,scene_023::Pick up the green spoon.,pick up the green spoon,0,1,0,0,0,1,spoon,scene_023|clear,10,6,0.4,3
trial_20260516_215125_475a37,top_cups_01,main,scene_023,utensil_only,[],Pick up the orange spoon.,clear,vlm_best_question,,,,1778935886.6979969,/home/haoandong/ask2act/services/a6000_web/artifacts/offline_experiments/top_cups_01/scenes/scene_023/observation.jpg,ba4fd1fb-b19e-44f2-9a8e-75bcc5949297,finished,1,0,cand_001,5.163594484329224,1778935891.8616464,correct,,1778935891.8615348,,False,True,Pick up the orange spoon.,1,"{'plausible': ['cand_001'], 'eliminated': [], 'last_removed': []}",1,0,5.163594484329224,25,,,Pick up the orange spoon.,scene_023::Pick up the orange spoon.,pick up the orange spoon,0,1,0,0,0,1,spoon,scene_023|clear,10,6,0.4,2
trial_20260516_215144_9d2a14,top_cups_01,main,scene_023,utensil_only,[],Pick up the right spoon.,clear,proposed_efe,,,,1778935906.1722426,/home/haoandong/ask2act/services/a6000_web/artifacts/offline_experiments/top_cups_01/scenes/scene_023/observation.jpg,829171fd-968f-4a4a-926c-b36667e1ff47,finished,1,0,cand_001,3.5027410984039307,1778935909.6751115,correct,,1778935909.6749012,,False,True,Pick up the right spoon.,1,"{'plausible': ['cand_001'], 'eliminated': [], 'last_removed': []}",1,0,3.5027410984039307,24,,,Pick up the right spoon.,scene_023::Pick up the right spoon.,pick up the right spoon,0,0,1,0,0,1,spoon,scene_023|clear,10,6,0.4,1
trial_20260516_215411_1e4f52,top_cups_01,main,scene_023,utensil_only,[],Pick up the left spoon.,partial,top_score,,,,1778936053.0195909,/home/haoandong/ask2act/services/a6000_web/artifacts/offline_experiments/top_cups_01/scenes/scene_023/observation.jpg,a96aa0d5-53b8-47fb-9a82-d46786bc335a,finished,2,0,cand_001,4.956003427505493,1778936057.97566,correct,,1778936057.975538,,False,True,Pick up the left spoon.,2,"{'plausible': ['cand_001'], 'eliminated': ['cand_002'], 'last_removed': ['cand_002']}",1,0,4.956003427505493,23,,,Pick up the left spoon.,scene_023::Pick up the left spoon.,pick up the left spoon,0,0,1,0,0,1,spoon,scene_023|partial,13,3,0.7692307692307692,6
trial_20260516_215434_f74501,top_cups_01,main,scene_023,utensil_only,[],Pick up the right spoon.,partial,top_score,,,,1778936075.52004,/home/haoandong/ask2act/services/a6000_web/artifacts/offline_experiments/top_cups_01/scenes/scene_023/observation.jpg,1f5e738d-581e-405e-bcad-a96a4b5fae5a,finished,1,0,cand_001,4.3631274700164795,1778936079.8832252,correct,,1778936079.8831172,,False,True,Pick up the right spoon.,1,"{'plausible': ['cand_001'], 'eliminated': [], 'last_removed': []}",1,0,4.3631274700164795,24,,,Pick up the right spoon.,scene_023::Pick up the right spoon.,pick up the right spoon,0,0,1,0,0,1,spoon,scene_023|partial,13,3,0.7692307692307692,6
trial_20260516_215452_da478e,top_cups_01,main,scene_023,utensil_only,[],Pick up my spoon.,ambiguous,top_score,,,,1778936093.0678043,/home/haoandong/ask2act/services/a6000_web/artifacts/offline_experiments/top_cups_01/scenes/scene_023/observation.jpg,5c94267e-809d-43d1-a5d1-d5a123b3d365,finished,6,0,cand_001,5.010584831237793,1779209581.7701068,wrong,,1778936098.078226,ambiguity_not_solved,True,True,Pick up my spoon.,6,"{'plausible': ['cand_001'], 'eliminated': ['cand_002', 'cand_003', 'cand_004', 'cand_005', 'cand_006'], 'last_removed': ['cand_002', 'cand_003', 'cand_004', 'cand_005', 'cand_006']}",0,0,5.010584831237793,17,,,Pick up my spoon.,scene_023::Pick up my spoon.,pick up my spoon,1,0,0,0,0,1,spoon,scene_023|ambiguous,12,1,0.9166666666666666,12
trial_20260516_215459_eea336,top_cups_01,main,scene_023,utensil_only,[],Pick up my spoon.,ambiguous,top_score,,,,1778936100.7376637,/home/haoandong/ask2act/services/a6000_web/artifacts/offline_experiments/top_cups_01/scenes/scene_023/observation.jpg,4021cf4e-de9b-47d2-9ec4-3817cb74b455,finished,6,0,cand_001,8.369638919830322,1779209586.8662722,wrong,,1778936109.1072254,ambiguity_not_solved,True,True,Pick up my spoon.,6,"{'plausible': ['cand_001'], 'eliminated': ['cand_002', 'cand_003', 'cand_004', 'cand_005', 'cand_006'], 'last_removed': ['cand_002', 'cand_003', 'cand_004', 'cand_005', 'cand_006']}",0,0,8.369638919830322,17,,,Pick up my spoon.,scene_023::Pick up my spoon.,pick up my spoon,1,0,0,0,0,1,spoon,scene_023|ambiguous,12,1,0.9166666666666666,12
trial_20260516_215512_bea82d,top_cups_01,main,scene_023,utensil_only,[],Pick up my spoon.,ambiguous,random_candidate,,,,1778936113.1785276,/home/haoandong/ask2act/services/a6000_web/artifacts/offline_experiments/top_cups_01/scenes/scene_023/observation.jpg,2eb013ee-c7c3-433d-a650-2fd666a2e5d3,finished,6,0,cand_005,4.020648002624512,1779209591.9870026,wrong,,1778936117.1990542,ambiguity_not_solved,True,True,Pick up my spoon.,6,"{'plausible': ['cand_005'], 'eliminated': ['cand_001', 'cand_002', 'cand_003', 'cand_004', 'cand_006'], 'last_removed': ['cand_001', 'cand_002', 'cand_003', 'cand_004', 'cand_006']}",0,0,4.020648002624512,17,,,Pick up my spoon.,scene_023::Pick up my spoon.,pick up my spoon,1,0,0,0,0,1,spoon,scene_023|ambiguous,12,1,0.9166666666666666,12
trial_20260516_215518_281d92,top_cups_01,main,scene_023,utensil_only,[],Pick up my spoon.,ambiguous,random_candidate,,,,1778936119.9007537,/home/haoandong/ask2act/services/a6000_web/artifacts/offline_experiments/top_cups_01/scenes/scene_023/observation.jpg,70d5adb2-01e0-4061-9079-efe44c9f92c5,finished,6,0,cand_001,2.794337034225464,1779209632.7926285,wrong,,1778936122.694985,ambiguity_not_solved,True,True,Pick up my spoon.,6,"{'plausible': ['cand_001'], 'eliminated': ['cand_002', 'cand_003', 'cand_004', 'cand_005', 'cand_006'], 'last_removed': ['cand_002', 'cand_003', 'cand_004', 'cand_005', 'cand_006']}",0,0,2.794337034225464,17,,,Pick up my spoon.,scene_023::Pick up my spoon.,pick up my spoon,1,0,0,0,0,1,spoon,scene_023|ambiguous,12,1,0.9166666666666666,12
trial_20260516_215539_b7962d,top_cups_01,main,scene_023,utensil_only,[],Pick up the left spoon.,partial,random_candidate,,,,1778936140.2171211,/home/haoandong/ask2act/services/a6000_web/artifacts/offline_experiments/top_cups_01/scenes/scene_023/observation.jpg,a0ab322a-0ce0-4e92-bef3-180222c5beac,finished,2,0,cand_002,62.07702565193176,1779209659.7256184,wrong,,1778936202.2940726,ambiguity_not_solved,True,True,Pick up the left spoon.,2,"{'plausible': ['cand_002'], 'eliminated': ['cand_001'], 'last_removed': ['cand_001']}",0,0,62.07702565193176,23,,,Pick up the left spoon.,scene_023::Pick up the left spoon.,pick up the left spoon,0,0,1,0,0,1,spoon,scene_023|partial,13,3,0.7692307692307692,6
trial_20260516_215648_b083ab,top_cups_01,main,scene_023,utensil_only,[],Pick up the right spoon.,partial,random_candidate,,,,1778936209.5423331,/home/haoandong/ask2act/services/a6000_web/artifacts/offline_experiments/top_cups_01/scenes/scene_023/observation.jpg,4416d0c4-d5dd-4171-b157-de889cd36342,finished,1,0,cand_001,3.2312817573547363,1778936212.7737536,correct,,1778936212.7735279,,False,True,Pick up the right spoon.,1,"{'plausible': ['cand_001'], 'eliminated': [], 'last_removed': []}",1,0,3.2312817573547363,24,,,Pick up the right spoon.,scene_023::Pick up the right spoon.,pick up the right spoon,0,0,1,0,0,1,spoon,scene_023|partial,13,3,0.7692307692307692,6
trial_20260516_215656_2a7584,top_cups_01,main,scene_023,utensil_only,[],Pick up the right spoon.,partial,vlm_direct,,,,1778936218.007907,/home/haoandong/ask2act/services/a6000_web/artifacts/offline_experiments/top_cups_01/scenes/scene_023/observation.jpg,8c86138f-5772-4f51-8dec-a7913ed2b2d3,finished,1,0,cand_001,2.310041904449463,1778936220.318059,correct,,1778936220.3178737,,False,True,Pick up the right spoon.,1,"{'plausible': ['cand_001'], 'eliminated': [], 'last_removed': []}",1,0,2.310041904449463,24,,,Pick up the right spoon.,scene_023::Pick up the right spoon.,pick up the right spoon,0,0,1,0,0,1,spoon,scene_023|partial,13,3,0.7692307692307692,6
trial_20260516_215705_5529fe,top_cups_01,main,scene_023,utensil_only,[],Pick up the left spoon.,partial,vlm_direct,,,,1778936226.2411692,/home/haoandong/ask2act/services/a6000_web/artifacts/offline_experiments/top_cups_01/scenes/scene_023/observation.jpg,19979f20-403a-4517-a109-6bfe2894aed5,finished,2,0,cand_002,62.627702951431274,1779209670.4908755,wrong,,1778936288.8687692,ambiguity_not_solved,True,True,Pick up the left spoon.,2,"{'plausible': ['cand_002'], 'eliminated': ['cand_001'], 'last_removed': ['cand_001']}",0,0,62.627702951431274,23,,,Pick up the left spoon.,scene_023::Pick up the left spoon.,pick up the left spoon,0,0,1,0,0,1,spoon,scene_023|partial,13,3,0.7692307692307692,6
trial_20260516_215814_dedac1,top_cups_01,main,scene_023,utensil_only,[],Pick up my spoon.,ambiguous,vlm_direct,,,,1778936295.8613632,/home/haoandong/ask2act/services/a6000_web/artifacts/offline_experiments/top_cups_01/scenes/scene_023/observation.jpg,8765bc96-84e0-4461-ad8c-6e906223c9e9,finished,6,0,cand_001,63.45334815979004,1779209739.2995372,wrong,,1778936359.3146152,ambiguity_not_solved,True,True,Pick up my spoon.,6,"{'plausible': ['cand_001'], 'eliminated': ['cand_002', 'cand_003', 'cand_004', 'cand_005', 'cand_006'], 'last_removed': ['cand_002', 'cand_003', 'cand_004', 'cand_005', 'cand_006']}",0,0,63.45334815979004,17,,,Pick up my spoon.,scene_023::Pick up my spoon.,pick up my spoon,1,0,0,0,0,1,spoon,scene_023|ambiguous,12,1,0.9166666666666666,12
trial_20260516_220002_6bf3ed,top_cups_01,main,scene_023,utensil_only,[],Pick up my spoon.,ambiguous,vlm_direct,,,,1778936403.5202608,/home/haoandong/ask2act/services/a6000_web/artifacts/offline_experiments/top_cups_01/scenes/scene_023/observation.jpg,89013af6-78fe-442b-8d41-c0063bdefc9f,finished,6,0,cand_001,252.55945086479187,1779209745.2710824,wrong,,1778936656.0795255,ambiguity_not_solved,True,True,Pick up my spoon.,6,"{'plausible': ['cand_001'], 'eliminated': ['cand_002', 'cand_003', 'cand_004', 'cand_005', 'cand_006'], 'last_removed': ['cand_002', 'cand_003', 'cand_004', 'cand_005', 'cand_006']}",0,0,252.55945086479187,17,,,Pick up my spoon.,scene_023::Pick up my spoon.,pick up my spoon,1,0,0,0,0,1,spoon,scene_023|ambiguous,12,1,0.9166666666666666,12
trial_20260516_220431_c1eadb,top_cups_01,main,scene_023,utensil_only,[],Pick up my spoon.,ambiguous,first_question,,,,1778936672.8748636,/home/haoandong/ask2act/services/a6000_web/artifacts/offline_experiments/top_cups_01/scenes/scene_023/observation.jpg,65792822-7ce4-4ea6-a690-d872b354a2eb,finished,6,5,cand_006,219.68643355369568,1778936892.561368,correct,,1778936892.5612025,,False,True,Pick up my spoon.,6,"{'plausible': ['cand_006'], 'eliminated': ['cand_001', 'cand_002', 'cand_003', 'cand_004', 'cand_005'], 'last_removed': ['cand_005']}",1,5,219.68643355369568,17,,,Pick up my spoon.,scene_023::Pick up my spoon.,pick up my spoon,1,0,0,0,0,1,spoon,scene_023|ambiguous,12,1,0.9166666666666666,12
trial_20260516_221218_ffe308,top_cups_01,main,scene_023,utensil_only,[],Pick up the right spoon.,partial,random_question,,,,1778937139.8989174,/home/haoandong/ask2act/services/a6000_web/artifacts/offline_experiments/top_cups_01/scenes/scene_023/observation.jpg,b25c7cfb-5d82-4cdc-9998-77f09f7fe2fe,finished,6,3,cand_003,164.28041100502014,1778937304.1794443,correct,,1778937304.1792243,,False,True,Pick up the right spoon.,6,"{'plausible': ['cand_003'], 'eliminated': ['cand_001', 'cand_002', 'cand_004', 'cand_005', 'cand_006'], 'last_removed': ['cand_001', 'cand_002', 'cand_006']}",1,3,164.28041100502014,24,,,Pick up the right spoon.,scene_023::Pick up the right spoon.,pick up the right spoon,0,0,1,0,0,1,spoon,scene_023|partial,13,3,0.7692307692307692,6
trial_20260516_221511_6e0d90,top_cups_01,main,scene_023,utensil_only,[],Pick up the left spoon.,partial,random_question,,,,1778937311.9019928,/home/haoandong/ask2act/services/a6000_web/artifacts/offline_experiments/top_cups_01/scenes/scene_023/observation.jpg,ea5dc9d3-8159-4f8a-b6a0-784dfac9bb88,finished,2,1,cand_001,71.70675206184387,1778937383.6088414,correct,,1778937383.608664,,False,True,Pick up the left spoon.,2,"{'plausible': ['cand_001'], 'eliminated': ['cand_002'], 'last_removed': ['cand_002']}",1,1,71.70675206184387,23,,,Pick up the left spoon.,scene_023::Pick up the left spoon.,pick up the left spoon,0,0,1,0,0,1,spoon,scene_023|partial,13,3,0.7692307692307692,6
trial_20260516_221632_0cf1a1,top_cups_01,main,scene_023,utensil_only,[],Pick up my spoon.,ambiguous,random_question,,,,1778937393.4701865,/home/haoandong/ask2act/services/a6000_web/artifacts/offline_experiments/top_cups_01/scenes/scene_023/observation.jpg,cdd782b4-e883-4471-b75f-0bf14f1f21e9,finished,6,4,cand_006,578.8270149230957,1778937972.2974477,correct,,1778937972.296978,,False,True,Pick up my spoon.,6,"{'plausible': ['cand_006'], 'eliminated': ['cand_001', 'cand_002', 'cand_003', 'cand_004', 'cand_005'], 'last_removed': ['cand_002', 'cand_004']}",1,4,578.8270149230957,17,,,Pick up my spoon.,scene_023::Pick up my spoon.,pick up my spoon,1,0,0,0,0,1,spoon,scene_023|ambiguous,12,1,0.9166666666666666,12
trial_20260516_222547_2d6fa8,top_cups_01,main,scene_023,utensil_only,[],Pick up my spoon.,ambiguous,vlm_best_question,,,,1778937948.2205174,/home/haoandong/ask2act/services/a6000_web/artifacts/offline_experiments/top_cups_01/scenes/scene_023/observation.jpg,03f76d80-290f-4d0d-bb94-e884dadda4d0,finished,6,3,cand_005,123.95938181877136,1778938072.1800404,correct,,1778938072.1797733,,False,True,Pick up my spoon.,6,"{'plausible': ['cand_005'], 'eliminated': ['cand_001', 'cand_002', 'cand_003', 'cand_004', 'cand_006'], 'last_removed': ['cand_006']}",1,3,123.95938181877136,17,,,Pick up my spoon.,scene_023::Pick up my spoon.,pick up my spoon,1,0,0,0,0,1,spoon,scene_023|ambiguous,12,1,0.9166666666666666,12
trial_20260516_222758_d8aff8,top_cups_01,main,scene_023,utensil_only,[],Pick up my spoon.,ambiguous,random_question,,,,1778938079.2973707,/home/haoandong/ask2act/services/a6000_web/artifacts/offline_experiments/top_cups_01/scenes/scene_023/observation.jpg,5560f4ea-7303-4965-a8e6-092e531866a0,finished,6,3,cand_005,168.69770073890686,1778938247.995178,correct,,1778938247.9949782,,False,True,Pick up my spoon.,6,"{'plausible': ['cand_005'], 'eliminated': ['cand_001', 'cand_002', 'cand_003', 'cand_004', 'cand_006'], 'last_removed': ['cand_006']}",1,3,168.69770073890686,17,,,Pick up my spoon.,scene_023::Pick up my spoon.,pick up my spoon,1,0,0,0,0,1,spoon,scene_023|ambiguous,12,1,0.9166666666666666,12
trial_20260516_223055_fce779,top_cups_01,main,scene_023,utensil_only,[],Pick up my spoon.,ambiguous,vlm_best_question,,,,1778938256.437236,/home/haoandong/ask2act/services/a6000_web/artifacts/offline_experiments/top_cups_01/scenes/scene_023/observation.jpg,dc3b36ba-b3b9-4aa0-9f3d-8461f9708099,finished,6,2,cand_002,77.08244442939758,1778938333.5198562,correct,,1778938333.5195947,,False,True,Pick up my spoon.,6,"{'plausible': ['cand_002'], 'eliminated': ['cand_001', 'cand_003', 'cand_004', 'cand_005', 'cand_006'], 'last_removed': ['cand_003', 'cand_004', 'cand_005', 'cand_006']}",1,2,77.08244442939758,17,,,Pick up my spoon.,scene_023::Pick up my spoon.,pick up my spoon,1,0,0,0,0,1,spoon,scene_023|ambiguous,12,1,0.9166666666666666,12
trial_20260516_223235_f7ef1d,top_cups_01,main,scene_023,utensil_only,[],Pick up the left spoon.,partial,vlm_best_question,,,,1778938356.387688,/home/haoandong/ask2act/services/a6000_web/artifacts/offline_experiments/top_cups_01/scenes/scene_023/observation.jpg,265c2b19-dbc2-4b5b-9894-5cfc2ef46103,finished,2,1,cand_001,24.956077575683594,1778938381.3438177,correct,,1778938381.34371,,False,True,Pick up the left spoon.,2,"{'plausible': ['cand_001'], 'eliminated': ['cand_002'], 'last_removed': ['cand_002']}",1,1,24.956077575683594,23,,,Pick up the left spoon.,scene_023::Pick up the left spoon.,pick up the left spoon,0,0,1,0,0,1,spoon,scene_023|partial,13,3,0.7692307692307692,6
trial_20260516_223309_961e9d,top_cups_01,main,scene_023,utensil_only,[],Pick up the right spoon.,partial,vlm_best_question,,,,1778938390.9235847,/home/haoandong/ask2act/services/a6000_web/artifacts/offline_experiments/top_cups_01/scenes/scene_023/observation.jpg,9fba2cb6-9ec6-49d5-a5be-34205e5c6139,finished,6,1,cand_003,41.62092995643616,1778938432.5445921,correct,,1778938432.5444324,,False,True,Pick up the right spoon.,6,"{'plausible': ['cand_003'], 'eliminated': ['cand_001', 'cand_002', 'cand_004', 'cand_005', 'cand_006'], 'last_removed': ['cand_001', 'cand_002', 'cand_004', 'cand_005', 'cand_006']}",1,1,41.62092995643616,24,,,Pick up the right spoon.,scene_023::Pick up the right spoon.,pick up the right spoon,0,0,1,0,0,1,spoon,scene_023|partial,13,3,0.7692307692307692,6
trial_20260516_223407_b0d568,top_cups_01,main,scene_023,utensil_only,[],Pick up the right spoon.,partial,proposed_efe,,,,1778938448.6027877,/home/haoandong/ask2act/services/a6000_web/artifacts/offline_experiments/top_cups_01/scenes/scene_023/observation.jpg,d561ab09-6fa3-4a9d-8a31-d9061d0fd539,finished,6,1,cand_003,78.34677243232727,1778938526.9497538,correct,,1778938526.9493856,,False,True,Pick up the right spoon.,6,"{'plausible': ['cand_003'], 'eliminated': ['cand_001', 'cand_002', 'cand_004', 'cand_005', 'cand_006'], 'last_removed': ['cand_001', 'cand_002', 'cand_004', 'cand_005', 'cand_006']}",1,1,78.34677243232727,24,,,Pick up the right spoon.,scene_023::Pick up the right spoon.,pick up the right spoon,0,0,1,0,0,1,spoon,scene_023|partial,13,3,0.7692307692307692,6
trial_20260516_223535_6eb1fd,top_cups_01,main,scene_023,utensil_only,[],Pick up the left spoon.,partial,proposed_efe,,,,1778938536.189426,/home/haoandong/ask2act/services/a6000_web/artifacts/offline_experiments/top_cups_01/scenes/scene_023/observation.jpg,35594966-5222-49ce-8158-54bab4c64a28,finished,2,1,cand_001,51.362098932266235,1778938587.5517313,correct,,1778938587.5513816,,False,True,Pick up the left spoon.,2,"{'plausible': ['cand_001'], 'eliminated': ['cand_002'], 'last_removed': ['cand_002']}",1,1,51.362098932266235,23,,,Pick up the left spoon.,scene_023::Pick up the left spoon.,pick up the left spoon,0,0,1,0,0,1,spoon,scene_023|partial,13,3,0.7692307692307692,6
trial_20260516_223647_bf1d67,top_cups_01,main,scene_023,utensil_only,[],Pick up my spoon.,ambiguous,proposed_efe,,,,1778938608.71492,/home/haoandong/ask2act/services/a6000_web/artifacts/offline_experiments/top_cups_01/scenes/scene_023/observation.jpg,45f41a8d-bbed-4ea2-a23a-255a08851976,finished,6,3,cand_005,502.7035164833069,1778939111.4185915,correct,,1778939111.4183042,,False,True,Pick up my spoon.,6,"{'plausible': ['cand_005'], 'eliminated': ['cand_001', 'cand_002', 'cand_003', 'cand_004', 'cand_006'], 'last_removed': ['cand_003']}",1,3,502.7035164833069,17,,,Pick up my spoon.,scene_023::Pick up my spoon.,pick up my spoon,1,0,0,0,0,1,spoon,scene_023|ambiguous,12,1,0.9166666666666666,12
trial_20260516_225013_f58e4b,top_cups_01,main,scene_024,utensil_only,[],Pick up the blue fork.,clear,top_score,,,,1778939415.1738424,/home/haoandong/ask2act/services/a6000_web/artifacts/offline_experiments/top_cups_01/scenes/scene_024/observation.jpg,9a7d8ae2-9181-4dd7-9a90-9b1112623035,finished,1,0,cand_001,4.276228666305542,1778939419.45024,correct,,1778939419.4499707,,False,True,Pick up the blue fork.,1,"{'plausible': ['cand_001'], 'eliminated': [], 'last_removed': []}",1,0,4.276228666305542,22,,,Pick up the blue fork.,scene_024::Pick up the blue fork.,pick up the blue fork,0,1,0,0,0,1,fork,scene_024|clear,11,6,0.4545454545454546,2
trial_20260516_225039_5bc226,top_cups_01,main,scene_024,utensil_only,[],Pick up the yellow fork.,clear,random_candidate,,,,1778939441.0221062,/home/haoandong/ask2act/services/a6000_web/artifacts/offline_experiments/top_cups_01/scenes/scene_024/observation.jpg,52f72a08-3d69-4d88-8cc5-8bf1c149dc23,finished,1,0,cand_001,4.660703182220459,1778939445.682921,correct,,1778939445.682733,,False,True,Pick up the yellow fork.,1,"{'plausible': ['cand_001'], 'eliminated': [], 'last_removed': []}",1,0,4.660703182220459,24,,,Pick up the yellow fork.,scene_024::Pick up the yellow fork.,pick up the yellow fork,0,1,0,0,0,1,fork,scene_024|clear,11,6,0.4545454545454546,2
trial_20260516_225125_645a49,top_cups_01,main,scene_024,utensil_only,[],Pick up the left fork.,clear,vlm_direct,,,,1778939486.8378878,/home/haoandong/ask2act/services/a6000_web/artifacts/offline_experiments/top_cups_01/scenes/scene_024/observation.jpg,592b07a1-975e-42ce-b8e3-4a75e8531b8b,finished,2,0,cand_001,85.59729170799255,1778939572.4352763,correct,,1778939572.4351065,,False,True,Pick up the left fork.,2,"{'plausible': ['cand_001'], 'eliminated': ['cand_002'], 'last_removed': ['cand_002']}",1,0,85.59729170799255,22,,,Pick up the left fork.,scene_024::Pick up the left fork.,pick up the left fork,0,0,1,0,0,1,fork,scene_024|clear,11,6,0.4545454545454546,1
trial_20260516_225339_15871f,top_cups_01,main,scene_024,utensil_only,[],Pick up the bottom fork.,clear,first_question,,,,1778939620.2543592,/home/haoandong/ask2act/services/a6000_web/artifacts/offline_experiments/top_cups_01/scenes/scene_024/observation.jpg,7066cc77-f888-4bfc-85a7-99fa7fd00133,finished,1,0,cand_001,3.8701958656311035,1778939624.1246235,correct,,1778939624.124501,,False,True,Pick up the bottom fork.,1,"{'plausible': ['cand_001'], 'eliminated': [], 'last_removed': []}",1,0,3.8701958656311035,24,,,Pick up the bottom fork.,scene_024::Pick up the bottom fork.,pick up the bottom fork,0,0,1,0,0,1,fork,scene_024|clear,11,6,0.4545454545454546,1
trial_20260516_225355_5ff3d6,top_cups_01,main,scene_024,utensil_only,[],Pick up the red fork.,clear,first_question,,,,1778939636.4272196,/home/haoandong/ask2act/services/a6000_web/artifacts/offline_experiments/top_cups_01/scenes/scene_024/observation.jpg,223e4e35-872f-497a-a6df-f2aa3e2fd90b,finished,1,0,cand_001,5.622075796127319,1778939642.0493667,correct,,1778939642.0492404,,False,True,Pick up the red fork.,1,"{'plausible': ['cand_001'], 'eliminated': [], 'last_removed': []}",1,0,5.622075796127319,21,,,Pick up the red fork.,scene_024::Pick up the red fork.,pick up the red fork,0,1,0,0,0,1,fork,scene_024|clear,11,6,0.4545454545454546,4
trial_20260516_225422_7653bb,top_cups_01,main,scene_024,utensil_only,[],Pick up the green fork.,clear,random_question,,,,1778939663.695388,/home/haoandong/ask2act/services/a6000_web/artifacts/offline_experiments/top_cups_01/scenes/scene_024/observation.jpg,7ec7fde7-76dd-4c62-a1fe-5cffc64aebbf,finished,1,0,cand_001,3.6151211261749268,1778939667.3105898,correct,,1778939667.3104405,,False,True,Pick up the green fork.,1,"{'plausible': ['cand_001'], 'eliminated': [], 'last_removed': []}",1,0,3.6151211261749268,23,,,Pick up the green fork.,scene_024::Pick up the green fork.,pick up the green fork,0,1,0,0,0,1,fork,scene_024|clear,11,6,0.4545454545454546,1
trial_20260516_225510_0b1084,top_cups_01,main,scene_024,utensil_only,[],Pick up the yellow fork.,clear,random_question,,,,1778939711.9802701,/home/haoandong/ask2act/services/a6000_web/artifacts/offline_experiments/top_cups_01/scenes/scene_024/observation.jpg,11c212bf-719e-42ec-9b41-67196b7d54e3,finished,1,0,cand_001,4.463900566101074,1778939716.4443798,correct,,1778939716.4440498,,False,True,Pick up the yellow fork.,1,"{'plausible': ['cand_001'], 'eliminated': [], 'last_removed': []}",1,0,4.463900566101074,24,,,Pick up the yellow fork.,scene_024::Pick up the yellow fork.,pick up the yellow fork,0,1,0,0,0,1,fork,scene_024|clear,11,6,0.4545454545454546,2
trial_20260516_225526_c4ea25,top_cups_01,main,scene_024,utensil_only,[],Pick up the blue fork.,clear,vlm_best_question,,,,1778939727.5258017,/home/haoandong/ask2act/services/a6000_web/artifacts/offline_experiments/top_cups_01/scenes/scene_024/observation.jpg,49fe45db-9a26-4e96-af14-50afe7e6eb01,finished,1,0,cand_001,6.354740142822266,1778939733.8807611,correct,,1778939733.8804104,,False,True,Pick up the blue fork.,1,"{'plausible': ['cand_001'], 'eliminated': [], 'last_removed': []}",1,0,6.354740142822266,22,,,Pick up the blue fork.,scene_024::Pick up the blue fork.,pick up the blue fork,0,1,0,0,0,1,fork,scene_024|clear,11,6,0.4545454545454546,2
trial_20260516_225550_308cdc,top_cups_01,main,scene_024,utensil_only,[],Pick up the red fork.,clear,vlm_best_question,,,,1778939751.2401073,/home/haoandong/ask2act/services/a6000_web/artifacts/offline_experiments/top_cups_01/scenes/scene_024/observation.jpg,31510515-90e7-4d2d-b0d2-6c264810bf4d,finished,1,0,cand_001,3.695444107055664,1778939754.9355986,correct,,1778939754.9355078,,False,True,Pick up the red fork.,1,"{'plausible': ['cand_001'], 'eliminated': [], 'last_removed': []}",1,0,3.695444107055664,21,,,Pick up the red fork.,scene_024::Pick up the red fork.,pick up the red fork,0,1,0,0,0,1,fork,scene_024|clear,11,6,0.4545454545454546,4
trial_20260516_225558_3188ad,top_cups_01,main,scene_024,utensil_only,[],Pick up the red fork.,clear,proposed_efe,,,,1778939759.4717412,/home/haoandong/ask2act/services/a6000_web/artifacts/offline_experiments/top_cups_01/scenes/scene_024/observation.jpg,043ed5d1-fe7b-45ea-9326-04156bace487,finished,1,0,cand_001,3.6628963947296143,1778939763.1348727,correct,,1778939763.1345162,,False,True,Pick up the red fork.,1,"{'plausible': ['cand_001'], 'eliminated': [], 'last_removed': []}",1,0,3.6628963947296143,21,,,Pick up the red fork.,scene_024::Pick up the red fork.,pick up the red fork,0,1,0,0,0,1,fork,scene_024|clear,11,6,0.4545454545454546,4
trial_20260516_225615_34d840,top_cups_01,main,scene_024,utensil_only,[],Pick up the red fork.,clear,proposed_efe,,,,1778939776.9731038,/home/haoandong/ask2act/services/a6000_web/artifacts/offline_experiments/top_cups_01/scenes/scene_024/observation.jpg,f2b9c7fd-fa4d-40e3-8880-e71a47bb3cd8,finished,1,0,cand_001,2.6392149925231934,1778939779.6124194,correct,,1778939779.6122406,,False,True,Pick up the red fork.,1,"{'plausible': ['cand_001'], 'eliminated': [], 'last_removed': []}",1,0,2.6392149925231934,21,,,Pick up the red fork.,scene_024::Pick up the red fork.,pick up the red fork,0,1,0,0,0,1,fork,scene_024|clear,11,6,0.4545454545454546,4
trial_20260516_225656_6cceed,top_cups_01,main,scene_024,utensil_only,[],Pick up the right fork.,partial,top_score,,,,1778939818.2244198,/home/haoandong/ask2act/services/a6000_web/artifacts/offline_experiments/top_cups_01/scenes/scene_024/observation.jpg,49814a2d-3e85-45f1-b495-3010b59369da,finished,1,0,cand_001,3.868337631225586,1779209786.1602306,wrong,,1778939822.0926957,ambiguity_not_solved,True,True,Pick up the right fork.,1,"{'plausible': ['cand_001'], 'eliminated': [], 'last_removed': []}",0,0,3.868337631225586,23,,,Pick up the right fork.,scene_024::Pick up the right fork.,pick up the right fork,0,0,1,0,0,1,fork,scene_024|partial,13,2,0.8461538461538461,7
trial_20260516_225725_2cf46e,top_cups_01,main,scene_024,utensil_only,[],Pick up my fork.,ambiguous,top_score,,,,1778939846.2466614,/home/haoandong/ask2act/services/a6000_web/artifacts/offline_experiments/top_cups_01/scenes/scene_024/observation.jpg,6f42b205-3f19-4300-a4df-cf076927da92,finished,4,0,cand_001,11.838340997695923,1779209796.039768,wrong,,1778939858.0849323,,True,True,Pick up my fork.,4,"{'plausible': ['cand_001'], 'eliminated': ['cand_002', 'cand_003', 'cand_004'], 'last_removed': ['cand_002', 'cand_003', 'cand_004']}",0,0,11.838340997695923,16,,,Pick up my fork.,scene_024::Pick up my fork.,pick up my fork,1,0,0,0,0,1,fork,scene_024|ambiguous,14,1,0.9285714285714286,14
trial_20260516_225738_d3bb7a,top_cups_01,main,scene_024,utensil_only,[],Pick up my fork.,ambiguous,top_score,,,,1778939860.154558,/home/haoandong/ask2act/services/a6000_web/artifacts/offline_experiments/top_cups_01/scenes/scene_024/observation.jpg,8abe3fac-5dd9-43d0-a3e3-409de1b89f01,finished,4,0,cand_001,3.7627949714660645,1778939863.9174917,correct,,1778939863.9172378,,False,True,Pick up my fork.,4,"{'plausible': ['cand_001'], 'eliminated': ['cand_002', 'cand_003', 'cand_004'], 'last_removed': ['cand_002', 'cand_003', 'cand_004']}",1,0,3.7627949714660645,16,,,Pick up my fork.,scene_024::Pick up my fork.,pick up my fork,1,0,0,0,0,1,fork,scene_024|ambiguous,14,1,0.9285714285714286,14
trial_20260516_225749_b01b8e,top_cups_01,main,scene_024,utensil_only,[],Pick up my fork.,ambiguous,proposed_efe,,,,1778939870.8057992,/home/haoandong/ask2act/services/a6000_web/artifacts/offline_experiments/top_cups_01/scenes/scene_024/observation.jpg,2ea1fb32-f228-4ced-beed-037ef655100d,finished,4,2,cand_001,143.07453680038452,1778940013.880495,correct,,1778940013.8802032,,False,True,Pick up my fork.,4,"{'plausible': ['cand_001'], 'eliminated': ['cand_002', 'cand_003', 'cand_004'], 'last_removed': ['cand_002']}",1,2,143.07453680038452,16,,,Pick up my fork.,scene_024::Pick up my fork.,pick up my fork,1,0,0,0,0,1,fork,scene_024|ambiguous,14,1,0.9285714285714286,14
trial_20260516_230028_845488,top_cups_01,main,scene_024,utensil_only,[],Pick up my fork.,ambiguous,random_candidate,,,,1778940030.2366998,/home/haoandong/ask2act/services/a6000_web/artifacts/offline_experiments/top_cups_01/scenes/scene_024/observation.jpg,fbaa6471-841e-4b1b-ac13-351893c7888f,finished,4,0,cand_002,5.28684139251709,1779209811.2329597,wrong,,1778940035.523403,ambiguity_not_solved,True,True,Pick up my fork.,4,"{'plausible': ['cand_002'], 'eliminated': ['cand_001', 'cand_003', 'cand_004'], 'last_removed': ['cand_001', 'cand_003', 'cand_004']}",0,0,5.28684139251709,16,,,Pick up my fork.,scene_024::Pick up my fork.,pick up my fork,1,0,0,0,0,1,fork,scene_024|ambiguous,14,1,0.9285714285714286,14
trial_20260516_230036_c398e9,top_cups_01,main,scene_024,utensil_only,[],Pick up my fork.,ambiguous,random_candidate,,,,1778940037.9649599,/home/haoandong/ask2act/services/a6000_web/artifacts/offline_experiments/top_cups_01/scenes/scene_024/observation.jpg,e99089bb-3aad-4669-b9d7-bfdb70b263f7,finished,4,0,cand_002,4.2454235553741455,1779209829.88991,wrong,,1778940042.2102964,ambiguity_not_solved,True,True,Pick up my fork.,4,"{'plausible': ['cand_002'], 'eliminated': ['cand_001', 'cand_003', 'cand_004'], 'last_removed': ['cand_001', 'cand_003', 'cand_004']}",0,0,4.2454235553741455,16,,,Pick up my fork.,scene_024::Pick up my fork.,pick up my fork,1,0,0,0,0,1,fork,scene_024|ambiguous,14,1,0.9285714285714286,14
trial_20260516_230102_4c32b4,top_cups_01,main,scene_024,utensil_only,[],Pick up the left fork.,partial,random_candidate,,,,1778940063.4349442,/home/haoandong/ask2act/services/a6000_web/artifacts/offline_experiments/top_cups_01/scenes/scene_024/observation.jpg,2d9fd42f-a62c-4e22-8080-042bba55016f,finished,2,0,cand_002,3.336879253387451,1779209846.932027,wrong,,1778940066.771728,ambiguity_not_solved,True,True,Pick up the left fork.,2,"{'plausible': ['cand_002'], 'eliminated': ['cand_001'], 'last_removed': ['cand_001']}",0,0,3.336879253387451,22,,,Pick up the left fork.,scene_024::Pick up the left fork.,pick up the left fork,0,0,1,0,0,1,fork,scene_024|partial,13,2,0.8461538461538461,6
trial_20260516_230113_d98f39,top_cups_01,main,scene_024,utensil_only,[],Pick up the right fork.,partial,random_candidate,,,,1778940074.449012,/home/haoandong/ask2act/services/a6000_web/artifacts/offline_experiments/top_cups_01/scenes/scene_024/observation.jpg,74c9b6ab-737b-46dd-8fc8-29bcf35d5aaa,finished,1,0,cand_001,4.17303991317749,1779209871.4611125,wrong,,1778940078.6219566,wrong_object_selected,True,True,Pick up the right fork.,1,"{'plausible': ['cand_001'], 'eliminated': [], 'last_removed': []}",0,0,4.17303991317749,23,,,Pick up the right fork.,scene_024::Pick up the right fork.,pick up the right fork,0,0,1,0,0,1,fork,scene_024|partial,13,2,0.8461538461538461,7
trial_20260516_230122_5c8c1a,top_cups_01,main,scene_024,utensil_only,[],Pick up the right fork.,partial,vlm_direct,,,,1778940083.840727,/home/haoandong/ask2act/services/a6000_web/artifacts/offline_experiments/top_cups_01/scenes/scene_024/observation.jpg,b2e701fc-33f6-4370-945d-b96e3638fe73,finished,1,0,cand_001,4.620196342468262,1779209897.0660584,wrong,,1778940088.4608173,ambiguity_not_solved,True,True,Pick up the right fork.,1,"{'plausible': ['cand_001'], 'eliminated': [], 'last_removed': []}",0,0,4.620196342468262,23,,,Pick up the right fork.,scene_024::Pick up the right fork.,pick up the right fork,0,0,1,0,0,1,fork,scene_024|partial,13,2,0.8461538461538461,7
trial_20260516_230136_d48be9,top_cups_01,main,scene_024,utensil_only,[],Pick up the left fork.,partial,vlm_direct,,,,1778940097.2944765,/home/haoandong/ask2act/services/a6000_web/artifacts/offline_experiments/top_cups_01/scenes/scene_024/observation.jpg,e4a250e7-7d98-4a4a-9a8a-14a582122f27,finished,2,0,cand_001,109.83756804466248,1778940207.132208,correct,,1778940207.131933,,False,True,Pick up the left fork.,2,"{'plausible': ['cand_001'], 'eliminated': ['cand_002'], 'last_removed': ['cand_002']}",1,0,109.83756804466248,22,,,Pick up the left fork.,scene_024::Pick up the left fork.,pick up the left fork,0,0,1,0,0,1,fork,scene_024|partial,13,2,0.8461538461538461,6
trial_20260516_230352_d8f2a3,top_cups_01,main,scene_024,utensil_only,[],Pick up my fork.,ambiguous,vlm_direct,,,,1778940233.4082317,/home/haoandong/ask2act/services/a6000_web/artifacts/offline_experiments/top_cups_01/scenes/scene_024/observation.jpg,baf4c948-2bb3-465b-bf7b-2b764835d553,finished,4,0,cand_001,278.7169916629791,1779209928.6886942,wrong,,1778940512.1251516,ambiguity_not_solved,True,True,Pick up my fork.,4,"{'plausible': ['cand_001'], 'eliminated': ['cand_002', 'cand_003', 'cand_004'], 'last_removed': ['cand_002', 'cand_003', 'cand_004']}",0,0,278.7169916629791,16,,,Pick up my fork.,scene_024::Pick up my fork.,pick up my fork,1,0,0,0,0,1,fork,scene_024|ambiguous,14,1,0.9285714285714286,14
trial_20260516_230835_5afcf5,top_cups_01,main,scene_024,utensil_only,[],Pick up my fork.,ambiguous,vlm_direct,,,,1778940516.290481,/home/haoandong/ask2act/services/a6000_web/artifacts/offline_experiments/top_cups_01/scenes/scene_024/observation.jpg,88925b71-0fc5-4a81-961d-60395d8f7400,finished,4,0,cand_001,94.86159229278564,1779209938.4639337,wrong,,1778940611.1519222,ambiguity_not_solved,True,True,Pick up my fork.,4,"{'plausible': ['cand_001'], 'eliminated': ['cand_002', 'cand_003', 'cand_004'], 'last_removed': ['cand_002', 'cand_003', 'cand_004']}",0,0,94.86159229278564,16,,,Pick up my fork.,scene_024::Pick up my fork.,pick up my fork,1,0,0,0,0,1,fork,scene_024|ambiguous,14,1,0.9285714285714286,14
trial_20260516_231146_d6632c,top_cups_01,main,scene_024,utensil_only,[],Pick up my fork.,ambiguous,first_question,,,,1778940712.696222,/home/haoandong/ask2act/services/a6000_web/artifacts/offline_experiments/top_cups_01/scenes/scene_024/observation.jpg,f58cf8da-2ebc-4bee-8f93-29df77059747,finished,4,2,cand_001,127.95192337036133,1778940840.6482916,correct,,1778940840.6480057,,False,True,Pick up my fork.,4,"{'plausible': ['cand_001'], 'eliminated': ['cand_002', 'cand_003', 'cand_004'], 'last_removed': ['cand_002', 'cand_003']}",1,2,127.95192337036133,16,,,Pick up my fork.,scene_024::Pick up my fork.,pick up my fork,1,0,0,0,0,1,fork,scene_024|ambiguous,14,1,0.9285714285714286,14
trial_20260516_231334_885cda,top_cups_01,main,scene_024,utensil_only,[],Pick up my fork.,ambiguous,first_question,,,,1778940815.5589337,/home/haoandong/ask2act/services/a6000_web/artifacts/offline_experiments/top_cups_01/scenes/scene_024/observation.jpg,9a9edaa5-1423-4b8e-b8e8-b53d608ee131,finished,4,3,cand_003,162.3805103302002,1778940977.9395115,correct,,1778940977.9393704,,False,True,Pick up my fork.,4,"{'plausible': ['cand_003'], 'eliminated': ['cand_001', 'cand_002', 'cand_004'], 'last_removed': ['cand_002']}",1,3,162.3805103302002,16,,,Pick up my fork.,scene_024::Pick up my fork.,pick up my fork,1,0,0,0,0,1,fork,scene_024|ambiguous,14,1,0.9285714285714286,14
trial_20260516_231742_b69945,top_cups_01,main,scene_024,utensil_only,[],Pick up the left fork.,partial,first_question,,,,1778941063.9105692,/home/haoandong/ask2act/services/a6000_web/artifacts/offline_experiments/top_cups_01/scenes/scene_024/observation.jpg,ed74ca4e-e712-4d21-bf67-de06ceb374f2,finished,2,1,cand_001,64.87662267684937,1778941128.7873816,correct,,1778941128.7870612,,False,True,Pick up the left fork.,2,"{'plausible': ['cand_001'], 'eliminated': ['cand_002'], 'last_removed': ['cand_002']}",1,1,64.87662267684937,22,,,Pick up the left fork.,scene_024::Pick up the left fork.,pick up the left fork,0,0,1,0,0,1,fork,scene_024|partial,13,2,0.8461538461538461,6
trial_20260516_231857_d4eb43,top_cups_01,main,scene_024,utensil_only,[],Pick up the right fork.,partial,first_question,,,,1778941138.650723,/home/haoandong/ask2act/services/a6000_web/artifacts/offline_experiments/top_cups_01/scenes/scene_024/observation.jpg,7481731e-aa9e-4aa2-bf57-e17f38a1c9c3,finished,1,0,cand_001,103.54744672775269,1779209981.642044,wrong,,1778941242.1981082,wrong_object_selected,True,True,Pick up the right fork.,1,"{'plausible': ['cand_001'], 'eliminated': [], 'last_removed': []}",0,0,103.54744672775269,23,,,Pick up the right fork.,scene_024::Pick up the right fork.,pick up the right fork,0,0,1,0,0,1,fork,scene_024|partial,13,2,0.8461538461538461,7
trial_20260516_232052_f3696c,top_cups_01,main,scene_024,utensil_only,[],Pick up the right fork.,partial,random_question,,,,1778941253.463448,/home/haoandong/ask2act/services/a6000_web/artifacts/offline_experiments/top_cups_01/scenes/scene_024/observation.jpg,2e76b831-85b2-4cd1-a22e-edb812f5e08f,finished,1,0,cand_001,32.19728183746338,1779210024.615444,wrong,,1778941285.6606498,wrong_object_selected,True,True,Pick up the right fork.,1,"{'plausible': ['cand_001'], 'eliminated': [], 'last_removed': []}",0,0,32.19728183746338,23,,,Pick up the right fork.,scene_024::Pick up the right fork.,pick up the right fork,0,0,1,0,0,1,fork,scene_024|partial,13,2,0.8461538461538461,7
trial_20260516_232138_76095a,top_cups_01,main,scene_024,utensil_only,[],Pick up the left fork.,partial,random_question,,,,1778941299.4052684,/home/haoandong/ask2act/services/a6000_web/artifacts/offline_experiments/top_cups_01/scenes/scene_024/observation.jpg,a298dbc0-8968-4679-8e34-bcf015e92a0d,finished,2,1,cand_001,59.09441947937012,1778941358.4998171,correct,,1778941358.4995892,,False,True,Pick up the left fork.,2,"{'plausible': ['cand_001'], 'eliminated': ['cand_002'], 'last_removed': ['cand_002']}",1,1,59.09441947937012,22,,,Pick up the left fork.,scene_024::Pick up the left fork.,pick up the left fork,0,0,1,0,0,1,fork,scene_024|partial,13,2,0.8461538461538461,6
trial_20260516_232254_6922f4,top_cups_01,main,scene_024,utensil_only,[],Pick up my fork.,ambiguous,random_question,,,,1778941376.724947,/home/haoandong/ask2act/services/a6000_web/artifacts/offline_experiments/top_cups_01/scenes/scene_024/observation.jpg,63bd0d51-8051-4ba7-8cbd-d012f58ce384,finished,4,3,cand_001,136.15439772605896,1778941512.879561,correct,,1778941512.8791745,,False,True,Pick up my fork.,4,"{'plausible': ['cand_001'], 'eliminated': ['cand_002', 'cand_003', 'cand_004'], 'last_removed': ['cand_003']}",1,3,136.15439772605896,16,,,Pick up my fork.,scene_024::Pick up my fork.,pick up my fork,1,0,0,0,0,1,fork,scene_024|ambiguous,14,1,0.9285714285714286,14
trial_20260516_232514_136863,top_cups_01,main,scene_024,utensil_only,[],Pick up my fork.,ambiguous,random_question,,,,1778941515.667496,/home/haoandong/ask2act/services/a6000_web/artifacts/offline_experiments/top_cups_01/scenes/scene_024/observation.jpg,31988434-4b53-4f78-8ddf-0244305ca13b,finished,4,2,cand_003,91.87657451629639,1778941607.5441387,correct,,1778941607.5439997,,False,True,Pick up my fork.,4,"{'plausible': ['cand_003'], 'eliminated': ['cand_001', 'cand_002', 'cand_004'], 'last_removed': ['cand_001', 'cand_004']}",1,2,91.87657451629639,16,,,Pick up my fork.,scene_024::Pick up my fork.,pick up my fork,1,0,0,0,0,1,fork,scene_024|ambiguous,14,1,0.9285714285714286,14
trial_20260516_232654_7d1cc8,top_cups_01,main,scene_024,utensil_only,[],Pick up my fork.,ambiguous,vlm_best_question,,,,1778941615.8760502,/home/haoandong/ask2act/services/a6000_web/artifacts/offline_experiments/top_cups_01/scenes/scene_024/observation.jpg,3fe865ab-d8ff-48a0-837a-1a265312cf20,finished,4,1,cand_001,35.17985820770264,1778941651.056053,correct,,1778941651.055793,,False,True,Pick up my fork.,4,"{'plausible': ['cand_001'], 'eliminated': ['cand_002', 'cand_003', 'cand_004'], 'last_removed': ['cand_002', 'cand_003', 'cand_004']}",1,1,35.17985820770264,16,,,Pick up my fork.,scene_024::Pick up my fork.,pick up my fork,1,0,0,0,0,1,fork,scene_024|ambiguous,14,1,0.9285714285714286,14
trial_20260516_232741_af6f54,top_cups_01,main,scene_024,utensil_only,[],Pick up my fork.,ambiguous,vlm_best_question,,,,1778941663.1025927,/home/haoandong/ask2act/services/a6000_web/artifacts/offline_experiments/top_cups_01/scenes/scene_024/observation.jpg,dc27bc73-094e-44db-8770-a4dcab24da7b,finished,4,3,cand_004,123.69187664985657,1778941786.7947698,correct,,1778941786.7942853,,False,True,Pick up my fork.,4,"{'plausible': ['cand_004'], 'eliminated': ['cand_001', 'cand_002', 'cand_003'], 'last_removed': ['cand_003']}",1,3,123.69187664985657,16,,,Pick up my fork.,scene_024::Pick up my fork.,pick up my fork,1,0,0,0,0,1,fork,scene_024|ambiguous,14,1,0.9285714285714286,14
trial_20260516_233003_35766d,top_cups_01,main,scene_024,utensil_only,[],Pick up the left fork.,partial,vlm_best_question,,,,1778941804.536253,/home/haoandong/ask2act/services/a6000_web/artifacts/offline_experiments/top_cups_01/scenes/scene_024/observation.jpg,f2cee25c-6737-4e2b-8bc1-79be1e0eb7cf,finished,2,1,cand_001,56.68257737159729,1778941861.2190492,correct,,1778941861.2186837,,False,True,Pick up the left fork.,2,"{'plausible': ['cand_001'], 'eliminated': ['cand_002'], 'last_removed': ['cand_002']}",1,1,56.68257737159729,22,,,Pick up the left fork.,scene_024::Pick up the left fork.,pick up the left fork,0,0,1,0,0,1,fork,scene_024|partial,13,2,0.8461538461538461,6
trial_20260516_233114_ade89a,top_cups_01,main,scene_024,utensil_only,[],Pick up the right fork.,partial,vlm_best_question,,,,1778941875.55833,/home/haoandong/ask2act/services/a6000_web/artifacts/offline_experiments/top_cups_01/scenes/scene_024/observation.jpg,efac40d2-7726-4cf2-9ed5-39250ec72b04,finished,1,0,cand_001,15.569165468215942,1779210033.7530992,wrong,,1778941891.1274092,wrong_object_selected,True,True,Pick up the right fork.,1,"{'plausible': ['cand_001'], 'eliminated': [], 'last_removed': []}",0,0,15.569165468215942,23,,,Pick up the right fork.,scene_024::Pick up the right fork.,pick up the right fork,0,0,1,0,0,1,fork,scene_024|partial,13,2,0.8461538461538461,7
trial_20260516_233141_2d5ecf,top_cups_01,main,scene_024,utensil_only,[],Pick up the right fork.,partial,proposed_efe,,,,1778941902.1000612,/home/haoandong/ask2act/services/a6000_web/artifacts/offline_experiments/top_cups_01/scenes/scene_024/observation.jpg,c590ef97-2c4d-400e-a82e-35fd51e13a81,finished,1,0,cand_001,17.526160955429077,1779210042.5955527,wrong,,1778941919.6261036,wrong_object_selected,True,True,Pick up the right fork.,1,"{'plausible': ['cand_001'], 'eliminated': [], 'last_removed': []}",0,0,17.526160955429077,23,,,Pick up the right fork.,scene_024::Pick up the right fork.,pick up the right fork,0,0,1,0,0,1,fork,scene_024|partial,13,2,0.8461538461538461,7
trial_20260516_233209_b3be89,top_cups_01,main,scene_024,utensil_only,[],Pick up the left fork.,partial,proposed_efe,,,,1778941929.920395,/home/haoandong/ask2act/services/a6000_web/artifacts/offline_experiments/top_cups_01/scenes/scene_024/observation.jpg,12a94721-6f1d-43b4-b8ba-3d1b00be18bc,finished,2,1,cand_001,68.00527048110962,1778941997.9258015,correct,,1778941997.9255667,,False,True,Pick up the left fork.,2,"{'plausible': ['cand_001'], 'eliminated': ['cand_002'], 'last_removed': ['cand_002']}",1,1,68.00527048110962,22,,,Pick up the left fork.,scene_024::Pick up the left fork.,pick up the left fork,0,0,1,0,0,1,fork,scene_024|partial,13,2,0.8461538461538461,6
trial_20260516_233525_a76f98,top_cups_01,main,scene_024,utensil_only,[],Pick up my fork.,ambiguous,proposed_efe,,,,1778942126.5420818,/home/haoandong/ask2act/services/a6000_web/artifacts/offline_experiments/top_cups_01/scenes/scene_024/observation.jpg,d0539bd2-b0d7-4028-afaf-ac730b7d817b,finished,4,2,cand_002,132.4847891330719,1778942259.0269334,correct,,1778942259.0268064,,False,True,Pick up my fork.,4,"{'plausible': ['cand_002'], 'eliminated': ['cand_001', 'cand_003', 'cand_004'], 'last_removed': ['cand_003', 'cand_004']}",1,2,132.4847891330719,16,,,Pick up my fork.,scene_024::Pick up my fork.,pick up my fork,1,0,0,0,0,1,fork,scene_024|ambiguous,14,1,0.9285714285714286,14
trial_20260517_025146_2fd687,top_cups_01,main,scene_025,utensil_only,[],pick up the yellow fork.,clear,top_score,,,,1778953912.0340207,/home/haoandong/ask2act/services/a6000_web/artifacts/offline_experiments/top_cups_01/scenes/scene_025/observation.jpg,d22344d5-f28d-439a-9c6d-fff1d1a8612b,finished,1,0,cand_001,7.70009183883667,1778953919.7341716,correct,,1778953919.7340608,,False,True,pick up the yellow fork.,1,"{'plausible': ['cand_001'], 'eliminated': [], 'last_removed': []}",1,0,7.70009183883667,24,,,pick up the yellow fork.,scene_025::pick up the yellow fork.,pick up the yellow fork,0,1,0,0,0,1,fork,scene_025|clear,12,6,0.5,4
trial_20260517_025205_dd617f,top_cups_01,main,scene_025,utensil_only,[],pick up the green fork.,clear,top_score,,,,1778953926.2404451,/home/haoandong/ask2act/services/a6000_web/artifacts/offline_experiments/top_cups_01/scenes/scene_025/observation.jpg,b80cf9ad-a17a-46e8-bf5b-2054c020a84f,finished,2,0,cand_001,7.046907424926758,1779210080.6292496,wrong,,1778953933.287193,ambiguity_not_solved,True,True,pick up the green fork.,2,"{'plausible': ['cand_001'], 'eliminated': ['cand_002'], 'last_removed': ['cand_002']}",0,0,7.046907424926758,23,,,pick up the green fork.,scene_025::pick up the green fork.,pick up the green fork,0,1,0,0,0,1,fork,scene_025|clear,12,6,0.5,1
trial_20260517_025230_93d2e3,top_cups_01,main,scene_025,utensil_only,[],pick up the blue fork.,clear,random_candidate,,,,1778953951.7386215,/home/haoandong/ask2act/services/a6000_web/artifacts/offline_experiments/top_cups_01/scenes/scene_025/observation.jpg,258f3084-25ae-4796-a1e5-94b4a038a077,finished,1,0,cand_001,2.542226552963257,1778953954.2809,correct,,1778953954.2807903,,False,True,pick up the blue fork.,1,"{'plausible': ['cand_001'], 'eliminated': [], 'last_removed': []}",1,0,2.542226552963257,22,,,pick up the blue fork.,scene_025::pick up the blue fork.,pick up the blue fork,0,1,0,0,0,1,fork,scene_025|clear,12,6,0.5,3
trial_20260517_025245_379dd7,top_cups_01,main,scene_025,utensil_only,[],pick up the red fork.,clear,random_candidate,,,,1778953966.2776053,/home/haoandong/ask2act/services/a6000_web/artifacts/offline_experiments/top_cups_01/scenes/scene_025/observation.jpg,ff933d4f-c035-4baa-afac-72964d12e273,finished,2,0,cand_001,5.0675225257873535,1779210141.5237238,wrong,,1778953971.3449976,,True,True,pick up the red fork.,2,"{'plausible': ['cand_001'], 'eliminated': ['cand_002'], 'last_removed': ['cand_002']}",0,0,5.0675225257873535,21,,,pick up the red fork.,scene_025::pick up the red fork.,pick up the red fork,0,1,0,0,0,1,fork,scene_025|clear,12,6,0.5,1
trial_20260517_025310_405b3f,top_cups_01,main,scene_025,utensil_only,[],pick up the left fork.,clear,vlm_direct,,,,1778953992.0275185,/home/haoandong/ask2act/services/a6000_web/artifacts/offline_experiments/top_cups_01/scenes/scene_025/observation.jpg,8947aec1-6b21-4a86-86fa-fe0ecf89bce9,finished,1,0,cand_001,3.5690977573394775,1778953995.596673,correct,,1778953995.5965602,,False,True,pick up the left fork.,1,"{'plausible': ['cand_001'], 'eliminated': [], 'last_removed': []}",1,0,3.5690977573394775,22,,,pick up the left fork.,scene_025::pick up the left fork.,pick up the left fork,0,0,1,0,0,1,fork,scene_025|clear,12,6,0.5,2
trial_20260517_025321_619bf4,top_cups_01,main,scene_025,utensil_only,[],pick up the right fork.,clear,vlm_direct,,,,1778954002.585322,/home/haoandong/ask2act/services/a6000_web/artifacts/offline_experiments/top_cups_01/scenes/scene_025/observation.jpg,a935ff5c-c4a9-4285-b052-669af8518dfb,finished,1,0,cand_001,3.227381467819214,1779210157.9663568,wrong,,1778954005.8125749,ambiguity_not_solved,True,True,pick up the right fork.,1,"{'plausible': ['cand_001'], 'eliminated': [], 'last_removed': []}",0,0,3.227381467819214,23,,,pick up the right fork.,scene_025::pick up the right fork.,pick up the right fork,0,0,1,0,0,1,fork,scene_025|clear,12,6,0.5,1
trial_20260517_025427_612a6f,top_cups_01,main,scene_025,utensil_only,[],pick up the yellow fork.,clear,random_question,,,,1778954068.7968054,/home/haoandong/ask2act/services/a6000_web/artifacts/offline_experiments/top_cups_01/scenes/scene_025/observation.jpg,a1f0c32d-3d06-4378-9f5c-7052c621fb17,finished,1,0,cand_001,3.7494778633117676,1778954072.5464602,correct,,1778954072.5461638,,False,True,pick up the yellow fork.,1,"{'plausible': ['cand_001'], 'eliminated': [], 'last_removed': []}",1,0,3.7494778633117676,24,,,pick up the yellow fork.,scene_025::pick up the yellow fork.,pick up the yellow fork,0,1,0,0,0,1,fork,scene_025|clear,12,6,0.5,4
trial_20260517_025441_6def3e,top_cups_01,main,scene_025,utensil_only,[],pick up the left fork.,clear,random_question,,,,1778954082.757068,/home/haoandong/ask2act/services/a6000_web/artifacts/offline_experiments/top_cups_01/scenes/scene_025/observation.jpg,3e6a44ca-ac4d-49c0-bc25-f0571f3be287,finished,1,0,cand_001,2.606980800628662,1778954085.3641198,correct,,1778954085.3639865,,False,True,pick up the left fork.,1,"{'plausible': ['cand_001'], 'eliminated': [], 'last_removed': []}",1,0,2.606980800628662,22,,,pick up the left fork.,scene_025::pick up the left fork.,pick up the left fork,0,0,1,0,0,1,fork,scene_025|clear,12,6,0.5,2
trial_20260517_025456_37812a,top_cups_01,main,scene_025,utensil_only,[],pick up the blue fork.,clear,vlm_best_question,,,,1778954097.649128,/home/haoandong/ask2act/services/a6000_web/artifacts/offline_experiments/top_cups_01/scenes/scene_025/observation.jpg,02040585-cd3c-46c3-9edd-3a89ce88b417,finished,1,0,cand_001,3.8286526203155518,1778954101.4778557,correct,,1778954101.477721,,False,True,pick up the blue fork.,1,"{'plausible': ['cand_001'], 'eliminated': [], 'last_removed': []}",1,0,3.8286526203155518,22,,,pick up the blue fork.,scene_025::pick up the blue fork.,pick up the blue fork,0,1,0,0,0,1,fork,scene_025|clear,12,6,0.5,3
trial_20260517_025538_ccebeb,top_cups_01,main,scene_025,utensil_only,[],pick up the yellow fork.,clear,vlm_best_question,,,,1778954139.948885,/home/haoandong/ask2act/services/a6000_web/artifacts/offline_experiments/top_cups_01/scenes/scene_025/observation.jpg,e73eef0c-da08-427d-817f-a794198620c8,finished,1,0,cand_001,1.9117870330810547,1778954141.86088,correct,,1778954141.8605416,,False,True,pick up the yellow fork.,1,"{'plausible': ['cand_001'], 'eliminated': [], 'last_removed': []}",1,0,1.9117870330810547,24,,,pick up the yellow fork.,scene_025::pick up the yellow fork.,pick up the yellow fork,0,1,0,0,0,1,fork,scene_025|clear,12,6,0.5,4
trial_20260517_025602_ec2287,top_cups_01,main,scene_025,utensil_only,[],pick up the yellow fork.,clear,proposed_efe,,,,1778954163.6873577,/home/haoandong/ask2act/services/a6000_web/artifacts/offline_experiments/top_cups_01/scenes/scene_025/observation.jpg,4b01c163-38c3-4daa-9e08-df1d65129f3e,finished,1,0,cand_001,2.3183510303497314,1778954166.0058193,correct,,1778954166.0056305,,False,True,pick up the yellow fork.,1,"{'plausible': ['cand_001'], 'eliminated': [], 'last_removed': []}",1,0,2.3183510303497314,24,,,pick up the yellow fork.,scene_025::pick up the yellow fork.,pick up the yellow fork,0,1,0,0,0,1,fork,scene_025|clear,12,6,0.5,4
trial_20260517_025611_564c66,top_cups_01,main,scene_025,utensil_only,[],pick up the blue fork.,clear,proposed_efe,,,,1778954173.0945313,/home/haoandong/ask2act/services/a6000_web/artifacts/offline_experiments/top_cups_01/scenes/scene_025/observation.jpg,ca087e6d-5a91-4fae-98d0-793e34a5c520,finished,1,0,cand_001,2.6865320205688477,1778954175.7811651,correct,,1778954175.7809882,,False,True,pick up the blue fork.,1,"{'plausible': ['cand_001'], 'eliminated': [], 'last_removed': []}",1,0,2.6865320205688477,22,,,pick up the blue fork.,scene_025::pick up the blue fork.,pick up the blue fork,0,1,0,0,0,1,fork,scene_025|clear,12,6,0.5,3
trial_20260517_025627_f649b6,top_cups_01,main,scene_025,utensil_only,[],pick up the red fork.,partial,top_score,,,,1778954188.2881281,/home/haoandong/ask2act/services/a6000_web/artifacts/offline_experiments/top_cups_01/scenes/scene_025/observation.jpg,85f877fd-0236-4465-95f2-ffa17c6c739d,finished,2,0,cand_001,3.967191696166992,1779210182.8453696,wrong,,1778954192.2551908,ambiguity_not_solved,True,True,pick up the red fork.,2,"{'plausible': ['cand_001'], 'eliminated': ['cand_002'], 'last_removed': ['cand_002']}",0,0,3.967191696166992,21,,,pick up the red fork.,scene_025::pick up the red fork.,pick up the red fork,0,1,0,0,0,1,fork,scene_025|partial,13,2,0.8461538461538461,7
trial_20260517_025658_1a7aa2,top_cups_01,main,scene_025,utensil_only,[],pick up the green fork.,partial,top_score,,,,1778954219.7825863,/home/haoandong/ask2act/services/a6000_web/artifacts/offline_experiments/top_cups_01/scenes/scene_025/observation.jpg,74f6d8d9-1072-416d-92ed-f5970995f4a2,finished,2,0,cand_001,3.662592887878418,1779210278.7228985,wrong,,1778954223.4450533,ambiguity_not_solved,True,True,pick up the green fork.,2,"{'plausible': ['cand_001'], 'eliminated': ['cand_002'], 'last_removed': ['cand_002']}",0,0,3.662592887878418,23,,,pick up the green fork.,scene_025::pick up the green fork.,pick up the green fork,0,1,0,0,0,1,fork,scene_025|partial,13,2,0.8461538461538461,6
trial_20260517_025717_2d0ed4,top_cups_01,main,scene_025,utensil_only,[],pick up my fork.,ambiguous,top_score,,,,1778954239.646272,/home/haoandong/ask2act/services/a6000_web/artifacts/offline_experiments/top_cups_01/scenes/scene_025/observation.jpg,0610855d-9370-4411-bc9a-923e593af9cd,finished,4,0,cand_001,3.920773506164551,1778954243.5671046,correct,,1778954243.5669887,,False,True,pick up my fork.,4,"{'plausible': ['cand_001'], 'eliminated': ['cand_002', 'cand_003', 'cand_004'], 'last_removed': ['cand_002', 'cand_003', 'cand_004']}",1,0,3.920773506164551,16,,,pick up my fork.,scene_025::pick up my fork.,pick up my fork,1,0,0,0,0,1,fork,scene_025|ambiguous,13,1,0.9230769230769231,13
trial_20260517_025738_464911,top_cups_01,main,scene_025,utensil_only,[],pick up my fork.,ambiguous,random_candidate,,,,1778954259.5947256,/home/haoandong/ask2act/services/a6000_web/artifacts/offline_experiments/top_cups_01/scenes/scene_025/observation.jpg,3dc054ea-35db-4e09-aaa1-7078f3b5f902,finished,4,0,cand_001,2.7908060550689697,1778954262.3856194,correct,,1778954262.385458,,False,True,pick up my fork.,4,"{'plausible': ['cand_001'], 'eliminated': ['cand_002', 'cand_003', 'cand_004'], 'last_removed': ['cand_002', 'cand_003', 'cand_004']}",1,0,2.7908060550689697,16,,,pick up my fork.,scene_025::pick up my fork.,pick up my fork,1,0,0,0,0,1,fork,scene_025|ambiguous,13,1,0.9230769230769231,13
trial_20260517_025743_806570,top_cups_01,main,scene_025,utensil_only,[],pick up my fork.,ambiguous,random_candidate,,,,1778954264.7149835,/home/haoandong/ask2act/services/a6000_web/artifacts/offline_experiments/top_cups_01/scenes/scene_025/observation.jpg,eb6d3973-a8ea-45ad-9bff-2a9922111fde,finished,4,0,cand_002,3.6415770053863525,1778954268.3567278,correct,,1778954268.3564308,,False,True,pick up my fork.,4,"{'plausible': ['cand_002'], 'eliminated': ['cand_001', 'cand_003', 'cand_004'], 'last_removed': ['cand_001', 'cand_003', 'cand_004']}",1,0,3.6415770053863525,16,,,pick up my fork.,scene_025::pick up my fork.,pick up my fork,1,0,0,0,0,1,fork,scene_025|ambiguous,13,1,0.9230769230769231,13
trial_20260517_025809_cd1d59,top_cups_01,main,scene_025,utensil_only,[],pick up the red fork.,partial,random_candidate,,,,1778954290.4361367,/home/haoandong/ask2act/services/a6000_web/artifacts/offline_experiments/top_cups_01/scenes/scene_025/observation.jpg,26332dd2-b0f2-43ac-8a07-785064757670,finished,2,0,cand_001,3.723395586013794,1779210307.888151,wrong,,1778954294.1594007,ambiguity_not_solved,True,True,pick up the red fork.,2,"{'plausible': ['cand_001'], 'eliminated': ['cand_002'], 'last_removed': ['cand_002']}",0,0,3.723395586013794,21,,,pick up the red fork.,scene_025::pick up the red fork.,pick up the red fork,0,1,0,0,0,1,fork,scene_025|partial,13,2,0.8461538461538461,7
trial_20260517_025820_cf57ec,top_cups_01,main,scene_025,utensil_only,[],pick up the green fork.,partial,random_candidate,,,,1778954301.729525,/home/haoandong/ask2act/services/a6000_web/artifacts/offline_experiments/top_cups_01/scenes/scene_025/observation.jpg,d32ec3ed-7563-44ef-976f-c402df4addc7,finished,2,0,cand_001,3.5575904846191406,1779210328.5043414,wrong,,1778954305.287053,ambiguity_not_solved,True,True,pick up the green fork.,2,"{'plausible': ['cand_001'], 'eliminated': ['cand_002'], 'last_removed': ['cand_002']}",0,0,3.5575904846191406,23,,,pick up the green fork.,scene_025::pick up the green fork.,pick up the green fork,0,1,0,0,0,1,fork,scene_025|partial,13,2,0.8461538461538461,6
trial_20260517_025855_09f90d,top_cups_01,main,scene_025,utensil_only,[],pick up the green fork.,partial,vlm_direct,,,,1778954336.6122048,/home/haoandong/ask2act/services/a6000_web/artifacts/offline_experiments/top_cups_01/scenes/scene_025/observation.jpg,1af4e110-5370-49d6-9866-349eeb871aa6,finished,2,0,cand_001,109.17570376396179,1779210333.9678216,wrong,,1778954445.7878418,ambiguity_not_solved,True,True,pick up the green fork.,2,"{'plausible': ['cand_001'], 'eliminated': ['cand_002'], 'last_removed': ['cand_002']}",0,0,109.17570376396179,23,,,pick up the green fork.,scene_025::pick up the green fork.,pick up the green fork,0,1,0,0,0,1,fork,scene_025|partial,13,2,0.8461538461538461,6
trial_20260517_030051_e7507d,top_cups_01,main,scene_025,utensil_only,[],pick up the red fork.,partial,vlm_direct,,,,1778954452.5630465,/home/haoandong/ask2act/services/a6000_web/artifacts/offline_experiments/top_cups_01/scenes/scene_025/observation.jpg,4c3c0a69-9498-4a07-92c8-af96047f93ac,finished,2,0,cand_001,59.1305046081543,1779210346.3677876,wrong,,1778954511.693471,ambiguity_not_solved,True,True,pick up the red fork.,2,"{'plausible': ['cand_001'], 'eliminated': ['cand_002'], 'last_removed': ['cand_002']}",0,0,59.1305046081543,21,,,pick up the red fork.,scene_025::pick up the red fork.,pick up the red fork,0,1,0,0,0,1,fork,scene_025|partial,13,2,0.8461538461538461,7
trial_20260517_030159_550771,top_cups_01,main,scene_025,utensil_only,[],pick up my fork.,ambiguous,vlm_direct,,,,1778954521.7056224,/home/haoandong/ask2act/services/a6000_web/artifacts/offline_experiments/top_cups_01/scenes/scene_025/observation.jpg,17eb888d-e16c-48f8-9f43-0bd6ac70ac05,finished,4,0,cand_001,62.45061492919922,1778954584.1564531,correct,,1778954584.1560736,,False,True,pick up my fork.,4,"{'plausible': ['cand_001'], 'eliminated': ['cand_002', 'cand_003', 'cand_004'], 'last_removed': ['cand_002', 'cand_003', 'cand_004']}",1,0,62.45061492919922,16,,,pick up my fork.,scene_025::pick up my fork.,pick up my fork,1,0,0,0,0,1,fork,scene_025|ambiguous,13,1,0.9230769230769231,13
trial_20260517_030304_f54e97,top_cups_01,main,scene_025,utensil_only,[],pick up my fork.,ambiguous,vlm_direct,,,,1778954586.8500395,/home/haoandong/ask2act/services/a6000_web/artifacts/offline_experiments/top_cups_01/scenes/scene_025/observation.jpg,1c2c2ac4-a18d-469d-87d0-81109b8f7bdf,finished,4,0,cand_001,70.09608817100525,1779210365.0720062,wrong,,1778954656.9459538,ambiguity_not_solved,True,True,pick up my fork.,4,"{'plausible': ['cand_001'], 'eliminated': ['cand_002', 'cand_003', 'cand_004'], 'last_removed': ['cand_002', 'cand_003', 'cand_004']}",0,0,70.09608817100525,16,,,pick up my fork.,scene_025::pick up my fork.,pick up my fork,1,0,0,0,0,1,fork,scene_025|ambiguous,13,1,0.9230769230769231,13
trial_20260517_030426_257c0f,top_cups_01,main,scene_025,utensil_only,[],pick up my fork.,ambiguous,first_question,,,,1778954667.5643198,/home/haoandong/ask2act/services/a6000_web/artifacts/offline_experiments/top_cups_01/scenes/scene_025/observation.jpg,6c9023e3-9d36-4942-9cf9-ec8631d4b138,finished,4,1,cand_001,55.86326885223389,1778954723.4276495,correct,,1778954723.4275246,,False,True,pick up my fork.,4,"{'plausible': ['cand_001'], 'eliminated': ['cand_002', 'cand_003', 'cand_004'], 'last_removed': ['cand_002', 'cand_003', 'cand_004']}",1,1,55.86326885223389,16,,,pick up my fork.,scene_025::pick up my fork.,pick up my fork,1,0,0,0,0,1,fork,scene_025|ambiguous,13,1,0.9230769230769231,13
trial_20260517_030525_77227b,top_cups_01,main,scene_025,utensil_only,[],pick up my fork.,ambiguous,first_question,,,,1778954726.6694915,/home/haoandong/ask2act/services/a6000_web/artifacts/offline_experiments/top_cups_01/scenes/scene_025/observation.jpg,7f14049a-9814-47ce-b7c9-695b8f0bf113,finished,4,3,cand_002,226.5053961277008,1778954953.1749609,correct,,1778954953.1748016,,False,True,pick up my fork.,4,"{'plausible': ['cand_002'], 'eliminated': ['cand_001', 'cand_003', 'cand_004'], 'last_removed': ['cand_004']}",1,3,226.5053961277008,16,,,pick up my fork.,scene_025::pick up my fork.,pick up my fork,1,0,0,0,0,1,fork,scene_025|ambiguous,13,1,0.9230769230769231,13
trial_20260517_030920_dbc4d3,top_cups_01,main,scene_025,utensil_only,[],pick up the red fork.,partial,first_question,,,,1778954961.8359637,/home/haoandong/ask2act/services/a6000_web/artifacts/offline_experiments/top_cups_01/scenes/scene_025/observation.jpg,29022cfc-371a-4df4-8f5c-033158edd1e7,finished,2,1,cand_002,47.008212089538574,1778955008.84439,correct,,1778955008.8440304,,False,True,pick up the red fork.,2,"{'plausible': ['cand_002'], 'eliminated': ['cand_001'], 'last_removed': ['cand_001']}",1,1,47.008212089538574,21,,,pick up the red fork.,scene_025::pick up the red fork.,pick up the red fork,0,1,0,0,0,1,fork,scene_025|partial,13,2,0.8461538461538461,7
trial_20260517_031016_9ce205,top_cups_01,main,scene_025,utensil_only,[],pick up the green fork.,partial,first_question,,,,1778955017.6881473,/home/haoandong/ask2act/services/a6000_web/artifacts/offline_experiments/top_cups_01/scenes/scene_025/observation.jpg,ae919df3-b5c3-4295-a3e3-8063fe3bc3fb,finished,2,1,cand_002,26.658578157424927,1778955044.346851,correct,,1778955044.3466072,,False,True,pick up the green fork.,2,"{'plausible': ['cand_002'], 'eliminated': ['cand_001'], 'last_removed': ['cand_001']}",1,1,26.658578157424927,23,,,pick up the green fork.,scene_025::pick up the green fork.,pick up the green fork,0,1,0,0,0,1,fork,scene_025|partial,13,2,0.8461538461538461,6
trial_20260517_031048_3e60eb,top_cups_01,main,scene_025,utensil_only,[],pick up the green fork.,partial,random_question,,,,1778955049.7086287,/home/haoandong/ask2act/services/a6000_web/artifacts/offline_experiments/top_cups_01/scenes/scene_025/observation.jpg,3819bdf4-0885-4821-9b13-34665155a7c1,finished,2,1,cand_002,64.12586879730225,1778955113.8346114,correct,,1778955113.8344028,,False,True,pick up the green fork.,2,"{'plausible': ['cand_002'], 'eliminated': ['cand_001'], 'last_removed': ['cand_001']}",1,1,64.12586879730225,23,,,pick up the green fork.,scene_025::pick up the green fork.,pick up the green fork,0,1,0,0,0,1,fork,scene_025|partial,13,2,0.8461538461538461,6
trial_20260517_031159_0ea54b,top_cups_01,main,scene_025,utensil_only,[],pick up the red fork.,partial,random_question,,,,1778955120.4149768,/home/haoandong/ask2act/services/a6000_web/artifacts/offline_experiments/top_cups_01/scenes/scene_025/observation.jpg,b7e42583-0653-4ee7-868c-d1a94faecfa1,finished,2,1,cand_002,76.67995595932007,1778955197.0951939,correct,,1778955197.0947816,,False,True,pick up the red fork.,2,"{'plausible': ['cand_002'], 'eliminated': ['cand_001'], 'last_removed': ['cand_001']}",1,1,76.67995595932007,21,,,pick up the red fork.,scene_025::pick up the red fork.,pick up the red fork,0,1,0,0,0,1,fork,scene_025|partial,13,2,0.8461538461538461,7
trial_20260517_031330_db5cd3,top_cups_01,main,scene_025,utensil_only,[],pick up my fork.,ambiguous,random_question,,,,1778955212.337916,/home/haoandong/ask2act/services/a6000_web/artifacts/offline_experiments/top_cups_01/scenes/scene_025/observation.jpg,f76e3db6-ce9c-491b-b8b9-a12548cd671c,finished,4,2,cand_001,107.50706911087036,1778955319.8451266,correct,,1778955319.8448584,,False,True,pick up my fork.,4,"{'plausible': ['cand_001'], 'eliminated': ['cand_002', 'cand_003', 'cand_004'], 'last_removed': ['cand_003', 'cand_004']}",1,2,107.50706911087036,16,,,pick up my fork.,scene_025::pick up my fork.,pick up my fork,1,0,0,0,0,1,fork,scene_025|ambiguous,13,1,0.9230769230769231,13
trial_20260517_031508_0e573b,top_cups_01,main,scene_025,utensil_only,[],pick up my fork.,ambiguous,random_question,,,,1778955310.5564058,/home/haoandong/ask2act/services/a6000_web/artifacts/offline_experiments/top_cups_01/scenes/scene_025/observation.jpg,d4537c97-40eb-4ded-8995-5cbbaa47f74c,finished,4,3,cand_001,154.5346167087555,1778955465.0912714,correct,,1778955465.0908723,,False,True,pick up my fork.,4,"{'plausible': ['cand_001'], 'eliminated': ['cand_002', 'cand_003', 'cand_004'], 'last_removed': ['cand_004']}",1,3,154.5346167087555,16,,,pick up my fork.,scene_025::pick up my fork.,pick up my fork,1,0,0,0,0,1,fork,scene_025|ambiguous,13,1,0.9230769230769231,13
trial_20260517_031758_8635fe,top_cups_01,main,scene_025,utensil_only,[],pick up my fork.,ambiguous,vlm_best_question,,,,1778955479.9593842,/home/haoandong/ask2act/services/a6000_web/artifacts/offline_experiments/top_cups_01/scenes/scene_025/observation.jpg,f8d58c6e-fcb2-4612-b01e-5bd8b3abb4f8,finished,4,1,cand_001,34.120266914367676,1778955514.0797763,correct,,1778955514.079544,,False,True,pick up my fork.,4,"{'plausible': ['cand_001'], 'eliminated': ['cand_002', 'cand_003', 'cand_004'], 'last_removed': ['cand_002', 'cand_003', 'cand_004']}",1,1,34.120266914367676,16,,,pick up my fork.,scene_025::pick up my fork.,pick up my fork,1,0,0,0,0,1,fork,scene_025|ambiguous,13,1,0.9230769230769231,13
trial_20260517_031834_4d5ce9,top_cups_01,main,scene_025,utensil_only,[],pick up my fork.,ambiguous,vlm_best_question,,,,1778955516.365406,/home/haoandong/ask2act/services/a6000_web/artifacts/offline_experiments/top_cups_01/scenes/scene_025/observation.jpg,90d92de5-48e1-4323-aae8-1e349100ce30,finished,4,3,cand_002,142.3441424369812,1778955658.7096572,correct,,1778955658.7094488,,False,True,pick up my fork.,4,"{'plausible': ['cand_002'], 'eliminated': ['cand_001', 'cand_003', 'cand_004'], 'last_removed': ['cand_004']}",1,3,142.3441424369812,16,,,pick up my fork.,scene_025::pick up my fork.,pick up my fork,1,0,0,0,0,1,fork,scene_025|ambiguous,13,1,0.9230769230769231,13
trial_20260517_032110_aec680,top_cups_01,main,scene_025,utensil_only,[],pick up the red fork.,partial,vlm_best_question,,,,1778955672.018188,/home/haoandong/ask2act/services/a6000_web/artifacts/offline_experiments/top_cups_01/scenes/scene_025/observation.jpg,fc20bd6e-4a0b-47d4-b064-492b40daa5ac,finished,2,1,cand_002,34.01488637924194,1778955706.0331404,correct,,1778955706.0330033,,False,True,pick up the red fork.,2,"{'plausible': ['cand_002'], 'eliminated': ['cand_001'], 'last_removed': ['cand_001']}",1,1,34.01488637924194,21,,,pick up the red fork.,scene_025::pick up the red fork.,pick up the red fork,0,1,0,0,0,1,fork,scene_025|partial,13,2,0.8461538461538461,7
trial_20260517_032244_b89fe1,top_cups_01,main,scene_025,utensil_only,[],pick up the green fork.,partial,proposed_efe,,,,1778955765.3454282,/home/haoandong/ask2act/services/a6000_web/artifacts/offline_experiments/top_cups_01/scenes/scene_025/observation.jpg,76d3f687-cd9d-406c-83d5-dd84bb4010b2,finished,2,1,cand_002,54.35431933403015,1778955819.6998131,correct,,1778955819.6996753,,False,True,pick up the green fork.,2,"{'plausible': ['cand_002'], 'eliminated': ['cand_001'], 'last_removed': ['cand_001']}",1,1,54.35431933403015,23,,,pick up the green fork.,scene_025::pick up the green fork.,pick up the green fork,0,1,0,0,0,1,fork,scene_025|partial,13,2,0.8461538461538461,6
trial_20260517_032352_773dcf,top_cups_01,main,scene_025,utensil_only,[],pick up the red fork.,partial,proposed_efe,,,,1778955832.916529,/home/haoandong/ask2act/services/a6000_web/artifacts/offline_experiments/top_cups_01/scenes/scene_025/observation.jpg,20517e0c-9e9e-4d05-84d5-ae30b6efded5,finished,2,1,cand_002,50.60478067398071,1778955883.521445,correct,,1778955883.5212078,,False,True,pick up the red fork.,2,"{'plausible': ['cand_002'], 'eliminated': ['cand_001'], 'last_removed': ['cand_001']}",1,1,50.60478067398071,21,,,pick up the red fork.,scene_025::pick up the red fork.,pick up the red fork,0,1,0,0,0,1,fork,scene_025|partial,13,2,0.8461538461538461,7
trial_20260517_032519_2ded17,top_cups_01,main,scene_025,utensil_only,[],pick up my fork.,ambiguous,proposed_efe,,,,1778955921.1608715,/home/haoandong/ask2act/services/a6000_web/artifacts/offline_experiments/top_cups_01/scenes/scene_025/observation.jpg,d57a4575-c3af-4482-9352-6712f1cd20f1,finished,4,2,cand_001,110.90986251831055,1778956032.0708952,correct,,1778956032.0705934,,False,True,pick up my fork.,4,"{'plausible': ['cand_001'], 'eliminated': ['cand_002', 'cand_003', 'cand_004'], 'last_removed': ['cand_002', 'cand_004']}",1,2,110.90986251831055,16,,,pick up my fork.,scene_025::pick up my fork.,pick up my fork,1,0,0,0,0,1,fork,scene_025|ambiguous,13,1,0.9230769230769231,13
trial_20260517_032723_7843fa,top_cups_01,main,scene_025,utensil_only,[],pick up my fork.,ambiguous,proposed_efe,,,,1778956044.7131073,/home/haoandong/ask2act/services/a6000_web/artifacts/offline_experiments/top_cups_01/scenes/scene_025/observation.jpg,6915693f-f2e8-4759-a1b6-8ddf527b08ad,finished,4,2,cand_002,128.48229503631592,1778956173.195567,correct,,1778956173.1952775,,False,True,pick up my fork.,4,"{'plausible': ['cand_002'], 'eliminated': ['cand_001', 'cand_003', 'cand_004'], 'last_removed': ['cand_004']}",1,2,128.48229503631592,16,,,pick up my fork.,scene_025::pick up my fork.,pick up my fork,1,0,0,0,0,1,fork,scene_025|ambiguous,13,1,0.9230769230769231,13
trial_20260517_033104_540695,top_cups_01,main,scene_026,bottle_only,[],pick up the red bottle.,clear,top_score,,,,1778956265.7660966,/home/haoandong/ask2act/services/a6000_web/artifacts/offline_experiments/top_cups_01/scenes/scene_026/observation.jpg,0fc59258-0bfa-43c3-8918-91239fab01a8,finished,1,0,cand_001,4.1736156940460205,1778956269.9399095,correct,,1778956269.9395885,,False,True,pick up the red bottle.,1,"{'plausible': ['cand_001'], 'eliminated': [], 'last_removed': []}",1,0,4.1736156940460205,23,,,pick up the red bottle.,scene_026::pick up the red bottle.,pick up the red bottle,0,1,0,0,0,1,bottle,scene_026|clear,13,6,0.5384615384615384,3
trial_20260517_033116_a10aa1,top_cups_01,main,scene_026,bottle_only,[],pick up the green bottle.,clear,top_score,,,,1778956277.9769619,/home/haoandong/ask2act/services/a6000_web/artifacts/offline_experiments/top_cups_01/scenes/scene_026/observation.jpg,cd92ceb6-9471-4cdb-863f-a1fc8eb53732,finished,1,0,cand_001,3.209394931793213,1778956281.1866064,correct,,1778956281.186211,,False,True,pick up the green bottle.,1,"{'plausible': ['cand_001'], 'eliminated': [], 'last_removed': []}",1,0,3.209394931793213,25,,,pick up the green bottle.,scene_026::pick up the green bottle.,pick up the green bottle,0,1,0,0,0,1,bottle,scene_026|clear,13,6,0.5384615384615384,4
trial_20260517_033132_e4dc34,top_cups_01,main,scene_026,bottle_only,[],pick up the blue bottle.,clear,random_candidate,,,,1778956294.2484713,/home/haoandong/ask2act/services/a6000_web/artifacts/offline_experiments/top_cups_01/scenes/scene_026/observation.jpg,012772ea-126e-41d8-b4fe-948aeffa805e,finished,1,0,cand_001,3.4078352451324463,1778956297.6564271,correct,,1778956297.6562235,,False,True,pick up the blue bottle.,1,"{'plausible': ['cand_001'], 'eliminated': [], 'last_removed': []}",1,0,3.4078352451324463,24,,,pick up the blue bottle.,scene_026::pick up the blue bottle.,pick up the blue bottle,0,1,0,0,0,1,bottle,scene_026|clear,13,6,0.5384615384615384,3
trial_20260517_033143_4e73a6,top_cups_01,main,scene_026,bottle_only,[],pick up the black bottle.,clear,random_candidate,,,,1778956305.1222696,/home/haoandong/ask2act/services/a6000_web/artifacts/offline_experiments/top_cups_01/scenes/scene_026/observation.jpg,e16640ae-ffd8-43e9-bc19-3f294c9b7ad4,finished,1,0,cand_001,4.356959819793701,1779210437.4647455,wrong,,1778956309.4791443,wrong_object_selected,True,True,pick up the black bottle.,1,"{'plausible': ['cand_001'], 'eliminated': [], 'last_removed': []}",0,0,4.356959819793701,25,,,pick up the black bottle.,scene_026::pick up the black bottle.,pick up the black bottle,0,1,0,0,0,1,bottle,scene_026|clear,13,6,0.5384615384615384,1
trial_20260517_033219_37677a,top_cups_01,main,scene_026,bottle_only,[],pick up the left bottle.,clear,vlm_direct,,,,1778956341.1925876,/home/haoandong/ask2act/services/a6000_web/artifacts/offline_experiments/top_cups_01/scenes/scene_026/observation.jpg,cd7d7c86-dd9a-4acf-9b5f-ad7412bc4a13,finished,1,0,cand_001,3.26824951171875,1778956344.4609456,correct,,1778956344.4607642,,False,True,pick up the left bottle.,1,"{'plausible': ['cand_001'], 'eliminated': [], 'last_removed': []}",1,0,3.26824951171875,24,,,pick up the left bottle.,scene_026::pick up the left bottle.,pick up the left bottle,0,0,1,0,0,1,bottle,scene_026|clear,13,6,0.5384615384615384,1
trial_20260517_033229_06b1bf,top_cups_01,main,scene_026,bottle_only,[],pick up the tall bottle.,clear,vlm_direct,,,,1778956351.2717535,/home/haoandong/ask2act/services/a6000_web/artifacts/offline_experiments/top_cups_01/scenes/scene_026/observation.jpg,31db8f7a-f7ff-4740-8c63-c678c0b60bae,finished,1,0,cand_001,3.904888868331909,1778956355.176879,correct,,1778956355.1765122,,False,True,pick up the tall bottle.,1,"{'plausible': ['cand_001'], 'eliminated': [], 'last_removed': []}",1,0,3.904888868331909,24,,,pick up the tall bottle.,scene_026::pick up the tall bottle.,pick up the tall bottle,0,0,0,0,1,1,bottle,scene_026|clear,13,6,0.5384615384615384,1
trial_20260517_033321_3da7d9,top_cups_01,main,scene_026,bottle_only,[],pick up the green bottle.,clear,first_question,,,,1778956402.295567,/home/haoandong/ask2act/services/a6000_web/artifacts/offline_experiments/top_cups_01/scenes/scene_026/observation.jpg,9fd9807d-819c-4b53-8042-99d8d907210e,finished,1,0,cand_001,2.796680450439453,1778956405.092354,correct,,1778956405.0921748,,False,True,pick up the green bottle.,1,"{'plausible': ['cand_001'], 'eliminated': [], 'last_removed': []}",1,0,2.796680450439453,25,,,pick up the green bottle.,scene_026::pick up the green bottle.,pick up the green bottle,0,1,0,0,0,1,bottle,scene_026|clear,13,6,0.5384615384615384,4
trial_20260517_033342_9e0836,top_cups_01,main,scene_026,bottle_only,[],pick up the red bottle.,clear,first_question,,,,1778956424.0256522,/home/haoandong/ask2act/services/a6000_web/artifacts/offline_experiments/top_cups_01/scenes/scene_026/observation.jpg,7a11d1ba-cc52-40d4-bcf9-57fd2ad0a439,finished,1,0,cand_001,2.7626945972442627,1778956426.7884064,correct,,1778956426.7882926,,False,True,pick up the red bottle.,1,"{'plausible': ['cand_001'], 'eliminated': [], 'last_removed': []}",1,0,2.7626945972442627,23,,,pick up the red bottle.,scene_026::pick up the red bottle.,pick up the red bottle,0,1,0,0,0,1,bottle,scene_026|clear,13,6,0.5384615384615384,3
trial_20260517_033409_7c31b3,top_cups_01,main,scene_026,bottle_only,[],pick up the green bottle.,clear,random_question,,,,1778956450.3073165,/home/haoandong/ask2act/services/a6000_web/artifacts/offline_experiments/top_cups_01/scenes/scene_026/observation.jpg,6adbf48e-a5bd-4689-8c5d-ed994d073d95,finished,1,0,cand_001,3.069784164428711,1778956453.3771634,correct,,1778956453.3770413,,False,True,pick up the green bottle.,1,"{'plausible': ['cand_001'], 'eliminated': [], 'last_removed': []}",1,0,3.069784164428711,25,,,pick up the green bottle.,scene_026::pick up the green bottle.,pick up the green bottle,0,1,0,0,0,1,bottle,scene_026|clear,13,6,0.5384615384615384,4
trial_20260517_033416_937057,top_cups_01,main,scene_026,bottle_only,[],pick up the green bottle.,clear,random_question,,,,1778956457.657513,/home/haoandong/ask2act/services/a6000_web/artifacts/offline_experiments/top_cups_01/scenes/scene_026/observation.jpg,35fb560c-3849-4bad-ae90-ca20f9feaed6,finished,1,0,cand_001,1.6248903274536133,1778956459.2825418,correct,,1778956459.2823117,,False,True,pick up the green bottle.,1,"{'plausible': ['cand_001'], 'eliminated': [], 'last_removed': []}",1,0,1.6248903274536133,25,,,pick up the green bottle.,scene_026::pick up the green bottle.,pick up the green bottle,0,1,0,0,0,1,bottle,scene_026|clear,13,6,0.5384615384615384,4
trial_20260517_033424_65f485,top_cups_01,main,scene_026,bottle_only,[],pick up the blue bottle.,clear,random_question,,,,1778956466.121685,/home/haoandong/ask2act/services/a6000_web/artifacts/offline_experiments/top_cups_01/scenes/scene_026/observation.jpg,f175c3df-a777-48a5-acfd-bf734f6f9a15,finished,1,0,cand_001,2.401426076889038,1778956468.5233707,correct,,1778956468.522966,,False,True,pick up the blue bottle.,1,"{'plausible': ['cand_001'], 'eliminated': [], 'last_removed': []}",1,0,2.401426076889038,24,,,pick up the blue bottle.,scene_026::pick up the blue bottle.,pick up the blue bottle,0,1,0,0,0,1,bottle,scene_026|clear,13,6,0.5384615384615384,3
trial_20260517_033432_f1b3f1,top_cups_01,main,scene_026,bottle_only,[],pick up the blue bottle.,clear,proposed_efe,,,,1778956473.5479488,/home/haoandong/ask2act/services/a6000_web/artifacts/offline_experiments/top_cups_01/scenes/scene_026/observation.jpg,aa40307c-d1f2-4247-a19c-a5cf55a9230f,finished,1,0,cand_001,1.5252010822296143,1778956475.073265,correct,,1778956475.0730696,,False,True,pick up the blue bottle.,1,"{'plausible': ['cand_001'], 'eliminated': [], 'last_removed': []}",1,0,1.5252010822296143,24,,,pick up the blue bottle.,scene_026::pick up the blue bottle.,pick up the blue bottle,0,1,0,0,0,1,bottle,scene_026|clear,13,6,0.5384615384615384,3
trial_20260517_033448_413205,top_cups_01,main,scene_026,bottle_only,[],pick up the red bottle.,clear,proposed_efe,,,,1778956489.56601,/home/haoandong/ask2act/services/a6000_web/artifacts/offline_experiments/top_cups_01/scenes/scene_026/observation.jpg,db6da60c-375f-417f-a5da-beaa22cfc9ff,finished,1,0,cand_001,1.7186017036437988,1778956491.2846613,correct,,1778956491.284561,,False,True,pick up the red bottle.,1,"{'plausible': ['cand_001'], 'eliminated': [], 'last_removed': []}",1,0,1.7186017036437988,23,,,pick up the red bottle.,scene_026::pick up the red bottle.,pick up the red bottle,0,1,0,0,0,1,bottle,scene_026|clear,13,6,0.5384615384615384,3
trial_20260517_033504_2d9ec4,top_cups_01,main,scene_026,bottle_only,[],pick up the right bottle.,partial,top_score,,,,1778956505.344,/home/haoandong/ask2act/services/a6000_web/artifacts/offline_experiments/top_cups_01/scenes/scene_026/observation.jpg,60b238e5-18e3-4841-bf0c-2414b1e7e916,finished,1,0,cand_001,6.924395322799683,1778956512.2685993,correct,,1778956512.2682607,,False,True,pick up the right bottle.,1,"{'plausible': ['cand_001'], 'eliminated': [], 'last_removed': []}",1,0,6.924395322799683,25,,,pick up the right bottle.,scene_026::pick up the right bottle.,pick up the right bottle,0,0,1,0,0,1,bottle,scene_026|partial,13,2,0.8461538461538461,6
trial_20260517_033527_bcf9db,top_cups_01,main,scene_026,bottle_only,[],pick up the center bottle.,partial,top_score,,,,1778956528.7851658,/home/haoandong/ask2act/services/a6000_web/artifacts/offline_experiments/top_cups_01/scenes/scene_026/observation.jpg,22f5adcb-0720-43bb-ae79-7ecb3a75fdea,finished,1,0,cand_001,2.643125534057617,1779210509.9516275,wrong,,1778956531.4282405,wrong_object_selected,True,True,pick up the center bottle.,1,"{'plausible': ['cand_001'], 'eliminated': [], 'last_removed': []}",0,0,2.643125534057617,26,,,pick up the center bottle.,scene_026::pick up the center bottle.,pick up the center bottle,0,0,1,0,0,1,bottle,scene_026|partial,13,2,0.8461538461538461,7
trial_20260517_033546_e22aa2,top_cups_01,main,scene_026,bottle_only,[],pick up my bottle.,ambiguous,top_score,,,,1778956547.7375882,/home/haoandong/ask2act/services/a6000_web/artifacts/offline_experiments/top_cups_01/scenes/scene_026/observation.jpg,2ae096d0-bf44-43a7-a71a-f67226bb7b4d,finished,4,0,cand_001,5.425933361053467,1779210668.9184487,wrong,,1778956553.163448,ambiguity_not_solved,True,True,pick up my bottle.,4,"{'plausible': ['cand_001'], 'eliminated': ['cand_002', 'cand_003', 'cand_004'], 'last_removed': ['cand_002', 'cand_003', 'cand_004']}",0,0,5.425933361053467,18,,,pick up my bottle.,scene_026::pick up my bottle.,pick up my bottle,1,0,0,0,0,1,bottle,scene_026|ambiguous,13,1,0.9230769230769231,13
trial_20260517_033555_f6a76c,top_cups_01,main,scene_026,bottle_only,[],pick up my bottle.,ambiguous,top_score,,,,1778956556.4443755,/home/haoandong/ask2act/services/a6000_web/artifacts/offline_experiments/top_cups_01/scenes/scene_026/observation.jpg,101f858a-f814-486b-997d-dfbc5e6183c1,finished,4,0,cand_001,2.182729721069336,1779210675.843976,wrong,,1778956558.6270056,ambiguity_not_solved,True,True,pick up my bottle.,4,"{'plausible': ['cand_001'], 'eliminated': ['cand_002', 'cand_003', 'cand_004'], 'last_removed': ['cand_002', 'cand_003', 'cand_004']}",0,0,2.182729721069336,18,,,pick up my bottle.,scene_026::pick up my bottle.,pick up my bottle,1,0,0,0,0,1,bottle,scene_026|ambiguous,13,1,0.9230769230769231,13
trial_20260517_033609_878e87,top_cups_01,main,scene_026,bottle_only,[],pick up my bottle.,ambiguous,random_candidate,,,,1778956570.948524,/home/haoandong/ask2act/services/a6000_web/artifacts/offline_experiments/top_cups_01/scenes/scene_026/observation.jpg,73c6aee7-da2b-4a17-8bb1-e52a8594c0f1,finished,4,0,cand_003,5.284699440002441,1778956576.2332735,correct,,1778956576.2331536,,False,True,pick up my bottle.,4,"{'plausible': ['cand_003'], 'eliminated': ['cand_001', 'cand_002', 'cand_004'], 'last_removed': ['cand_001', 'cand_002', 'cand_004']}",1,0,5.284699440002441,18,,,pick up my bottle.,scene_026::pick up my bottle.,pick up my bottle,1,0,0,0,0,1,bottle,scene_026|ambiguous,13,1,0.9230769230769231,13
trial_20260517_033617_30c455,top_cups_01,main,scene_026,bottle_only,[],pick up my bottle.,ambiguous,random_candidate,,,,1778956578.2169917,/home/haoandong/ask2act/services/a6000_web/artifacts/offline_experiments/top_cups_01/scenes/scene_026/observation.jpg,2c859bae-7b8e-4124-92b5-cec4fa12e90d,finished,4,0,cand_001,3.6543452739715576,1779210682.4181538,wrong,,1778956581.8712313,ambiguity_not_solved,True,True,pick up my bottle.,4,"{'plausible': ['cand_001'], 'eliminated': ['cand_002', 'cand_003', 'cand_004'], 'last_removed': ['cand_002', 'cand_003', 'cand_004']}",0,0,3.6543452739715576,18,,,pick up my bottle.,scene_026::pick up my bottle.,pick up my bottle,1,0,0,0,0,1,bottle,scene_026|ambiguous,13,1,0.9230769230769231,13
trial_20260517_033629_433c61,top_cups_01,main,scene_026,bottle_only,[],pick up the right bottle.,partial,random_candidate,,,,1778956590.9033673,/home/haoandong/ask2act/services/a6000_web/artifacts/offline_experiments/top_cups_01/scenes/scene_026/observation.jpg,41a6c0e9-7d17-403f-8b2c-5c762dc05766,finished,1,0,cand_001,2.3950843811035156,1778956593.2985003,correct,,1778956593.2984037,,False,True,pick up the right bottle.,1,"{'plausible': ['cand_001'], 'eliminated': [], 'last_removed': []}",1,0,2.3950843811035156,25,,,pick up the right bottle.,scene_026::pick up the right bottle.,pick up the right bottle,0,0,1,0,0,1,bottle,scene_026|partial,13,2,0.8461538461538461,6
trial_20260517_033639_d23fb9,top_cups_01,main,scene_026,bottle_only,[],pick up the center bottle.,partial,random_candidate,,,,1778956601.1613815,/home/haoandong/ask2act/services/a6000_web/artifacts/offline_experiments/top_cups_01/scenes/scene_026/observation.jpg,fc77e027-54da-4694-b662-e70f82849f8c,finished,1,0,cand_001,3.1742115020751953,1779210523.1585705,wrong,,1778956604.3355374,wrong_object_selected,True,True,pick up the center bottle.,1,"{'plausible': ['cand_001'], 'eliminated': [], 'last_removed': []}",0,0,3.1742115020751953,26,,,pick up the center bottle.,scene_026::pick up the center bottle.,pick up the center bottle,0,0,1,0,0,1,bottle,scene_026|partial,13,2,0.8461538461538461,7
trial_20260517_033701_74fc13,top_cups_01,main,scene_026,bottle_only,[],pick up the center bottle.,partial,vlm_direct,,,,1778956623.2997048,/home/haoandong/ask2act/services/a6000_web/artifacts/offline_experiments/top_cups_01/scenes/scene_026/observation.jpg,75c1f70b-f9f3-43d4-a139-87b695113261,finished,1,0,cand_001,1.905259609222412,1779210530.5361712,wrong,,1778956625.2048414,wrong_object_selected,True,True,pick up the center bottle.,1,"{'plausible': ['cand_001'], 'eliminated': [], 'last_removed': []}",0,0,1.905259609222412,26,,,pick up the center bottle.,scene_026::pick up the center bottle.,pick up the center bottle,0,0,1,0,0,1,bottle,scene_026|partial,13,2,0.8461538461538461,7
trial_20260517_033727_c64f16,top_cups_01,main,scene_026,bottle_only,[],pick up my bottle.,ambiguous,vlm_direct,,,,1778956648.0670936,/home/haoandong/ask2act/services/a6000_web/artifacts/offline_experiments/top_cups_01/scenes/scene_026/observation.jpg,9551788a-82da-4bfc-8493-f1c9dbe68da5,finished,4,0,cand_001,73.05929374694824,1779210750.9995072,wrong,,1778956721.1262584,ambiguity_not_solved,True,True,pick up my bottle.,4,"{'plausible': ['cand_001'], 'eliminated': ['cand_002', 'cand_003', 'cand_004'], 'last_removed': ['cand_002', 'cand_003', 'cand_004']}",0,0,73.05929374694824,18,,,pick up my bottle.,scene_026::pick up my bottle.,pick up my bottle,1,0,0,0,0,1,bottle,scene_026|ambiguous,13,1,0.9230769230769231,13
trial_20260517_033843_2ec9b4,top_cups_01,main,scene_026,bottle_only,[],pick up my bottle.,ambiguous,vlm_direct,,,,1778956724.0646157,/home/haoandong/ask2act/services/a6000_web/artifacts/offline_experiments/top_cups_01/scenes/scene_026/observation.jpg,1c271fbd-a4b9-48b3-bafd-482ce0589aa2,finished,4,0,cand_001,63.81734752655029,1779210761.4091182,wrong,,1778956787.8819005,ambiguity_not_solved,True,True,pick up my bottle.,4,"{'plausible': ['cand_001'], 'eliminated': ['cand_002', 'cand_003', 'cand_004'], 'last_removed': ['cand_002', 'cand_003', 'cand_004']}",0,0,63.81734752655029,18,,,pick up my bottle.,scene_026::pick up my bottle.,pick up my bottle,1,0,0,0,0,1,bottle,scene_026|ambiguous,13,1,0.9230769230769231,13
trial_20260517_034008_c1c0f0,top_cups_01,main,scene_026,bottle_only,[],pick up my bottle.,ambiguous,first_question,,,,1778956809.7621384,/home/haoandong/ask2act/services/a6000_web/artifacts/offline_experiments/top_cups_01/scenes/scene_026/observation.jpg,713b6153-c445-44ed-b29e-4e3303e3d682,finished,4,3,cand_004,91.77158045768738,1778956901.533838,correct,,1778956901.5336144,,False,True,pick up my bottle.,4,"{'plausible': ['cand_004'], 'eliminated': ['cand_001', 'cand_002', 'cand_003'], 'last_removed': ['cand_003']}",1,3,91.77158045768738,18,,,pick up my bottle.,scene_026::pick up my bottle.,pick up my bottle,1,0,0,0,0,1,bottle,scene_026|ambiguous,13,1,0.9230769230769231,13
trial_20260517_034142_bb1fb5,top_cups_01,main,scene_026,bottle_only,[],pick up my bottle.,ambiguous,first_question,,,,1778956903.846962,/home/haoandong/ask2act/services/a6000_web/artifacts/offline_experiments/top_cups_01/scenes/scene_026/observation.jpg,2e0af8de-c9dc-4a4b-9723-a4016501145d,finished,4,1,cand_003,42.57733654975891,1778956946.4244032,correct,,1778956946.4242096,,False,True,pick up my bottle.,4,"{'plausible': ['cand_003'], 'eliminated': ['cand_001', 'cand_002', 'cand_004'], 'last_removed': ['cand_001', 'cand_002', 'cand_004']}",1,1,42.57733654975891,18,,,pick up my bottle.,scene_026::pick up my bottle.,pick up my bottle,1,0,0,0,0,1,bottle,scene_026|ambiguous,13,1,0.9230769230769231,13
trial_20260517_034240_9e05a0,top_cups_01,main,scene_026,bottle_only,[],pick up the right bottle.,partial,first_question,,,,1778956961.03222,/home/haoandong/ask2act/services/a6000_web/artifacts/offline_experiments/top_cups_01/scenes/scene_026/observation.jpg,709358af-60a2-4ef2-af35-7c9e82d0ec8b,finished,1,0,cand_001,16.353649139404297,1778956977.3861015,correct,,1778956977.3857362,,False,True,pick up the right bottle.,1,"{'plausible': ['cand_001'], 'eliminated': [], 'last_removed': []}",1,0,16.353649139404297,25,,,pick up the right bottle.,scene_026::pick up the right bottle.,pick up the right bottle,0,0,1,0,0,1,bottle,scene_026|partial,13,2,0.8461538461538461,6
trial_20260517_034322_6c437f,top_cups_01,main,scene_026,bottle_only,[],pick up the center bottle.,partial,first_question,,,,1778957003.004686,/home/haoandong/ask2act/services/a6000_web/artifacts/offline_experiments/top_cups_01/scenes/scene_026/observation.jpg,35a00611-2eed-4e96-aaff-9272b6a563de,finished,1,0,cand_001,13.34486436843872,1779210544.7612293,unresolved,,1778957016.3494916,wrong_object_selected,True,True,pick up the center bottle.,1,"{'plausible': ['cand_001'], 'eliminated': [], 'last_removed': []}",0,0,13.34486436843872,26,,,pick up the center bottle.,scene_026::pick up the center bottle.,pick up the center bottle,0,0,1,0,0,1,bottle,scene_026|partial,13,2,0.8461538461538461,7
trial_20260517_034350_dd27d8,top_cups_01,main,scene_026,bottle_only,[],pick up the center bottle.,partial,random_question,,,,1778957031.5217743,/home/haoandong/ask2act/services/a6000_web/artifacts/offline_experiments/top_cups_01/scenes/scene_026/observation.jpg,f4df3100-0973-4625-b634-c7ab8d7e0b57,finished,1,0,cand_001,22.978482007980347,1779210551.699549,wrong,,1778957054.5002022,wrong_object_selected,True,True,pick up the center bottle.,1,"{'plausible': ['cand_001'], 'eliminated': [], 'last_removed': []}",0,0,22.978482007980347,26,,,pick up the center bottle.,scene_026::pick up the center bottle.,pick up the center bottle,0,0,1,0,0,1,bottle,scene_026|partial,13,2,0.8461538461538461,7
trial_20260517_034423_c8e60d,top_cups_01,main,scene_026,bottle_only,[],pick up the right bottle.,partial,random_question,,,,1778957064.5402544,/home/haoandong/ask2act/services/a6000_web/artifacts/offline_experiments/top_cups_01/scenes/scene_026/observation.jpg,1df33e81-1697-46ee-ba25-b6bd093e74f1,finished,1,0,cand_001,28.14499258995056,1778957092.6854432,correct,,1778957092.6851494,,False,True,pick up the right bottle.,1,"{'plausible': ['cand_001'], 'eliminated': [], 'last_removed': []}",1,0,28.14499258995056,25,,,pick up the right bottle.,scene_026::pick up the right bottle.,pick up the right bottle,0,0,1,0,0,1,bottle,scene_026|partial,13,2,0.8461538461538461,6
trial_20260517_034504_a41dc2,top_cups_01,main,scene_026,bottle_only,[],pick up my bottle.,ambiguous,random_question,,,,1778957105.4463236,/home/haoandong/ask2act/services/a6000_web/artifacts/offline_experiments/top_cups_01/scenes/scene_026/observation.jpg,eaed3555-d248-4475-8049-ce186534c88f,finished,4,3,cand_003,138.1946144104004,1778957243.6410754,correct,,1778957243.6408205,,False,True,pick up my bottle.,4,"{'plausible': ['cand_003'], 'eliminated': ['cand_001', 'cand_002', 'cand_004'], 'last_removed': ['cand_002']}",1,3,138.1946144104004,18,,,pick up my bottle.,scene_026::pick up my bottle.,pick up my bottle,1,0,0,0,0,1,bottle,scene_026|ambiguous,13,1,0.9230769230769231,13
trial_20260517_034728_62e97f,top_cups_01,main,scene_026,bottle_only,[],pick up my bottle.,ambiguous,random_question,,,,1778957249.6679142,/home/haoandong/ask2act/services/a6000_web/artifacts/offline_experiments/top_cups_01/scenes/scene_026/observation.jpg,b4459fcd-2a72-4a2f-846a-0b564ca59094,finished,4,1,cand_004,52.264989614486694,1778957301.932958,correct,,1778957301.9328377,,False,True,pick up my bottle.,4,"{'plausible': ['cand_004'], 'eliminated': ['cand_001', 'cand_002', 'cand_003'], 'last_removed': ['cand_001', 'cand_002', 'cand_003']}",1,1,52.264989614486694,18,,,pick up my bottle.,scene_026::pick up my bottle.,pick up my bottle,1,0,0,0,0,1,bottle,scene_026|ambiguous,13,1,0.9230769230769231,13
trial_20260517_034829_e3f9cd,top_cups_01,main,scene_026,bottle_only,[],pick up my bottle.,ambiguous,vlm_best_question,,,,1778957310.0598104,/home/haoandong/ask2act/services/a6000_web/artifacts/offline_experiments/top_cups_01/scenes/scene_026/observation.jpg,6d416116-c5e0-44af-a27d-95c2cefbfe09,finished,4,3,cand_004,92.62118220329285,1778957402.6810522,correct,,1778957402.680917,,False,True,pick up my bottle.,4,"{'plausible': ['cand_004'], 'eliminated': ['cand_001', 'cand_002', 'cand_003'], 'last_removed': ['cand_002']}",1,3,92.62118220329285,18,,,pick up my bottle.,scene_026::pick up my bottle.,pick up my bottle,1,0,0,0,0,1,bottle,scene_026|ambiguous,13,1,0.9230769230769231,13
trial_20260517_035054_074677,top_cups_01,main,scene_026,bottle_only,[],pick up the right bottle.,partial,vlm_best_question,,,,1778957455.4621406,/home/haoandong/ask2act/services/a6000_web/artifacts/offline_experiments/top_cups_01/scenes/scene_026/observation.jpg,9834404c-f419-44e7-bbc9-782462b31b4b,finished,1,0,cand_001,39.95872449874878,1778957495.4209275,correct,,1778957495.420806,,False,True,pick up the right bottle.,1,"{'plausible': ['cand_001'], 'eliminated': [], 'last_removed': []}",1,0,39.95872449874878,25,,,pick up the right bottle.,scene_026::pick up the right bottle.,pick up the right bottle,0,0,1,0,0,1,bottle,scene_026|partial,13,2,0.8461538461538461,6
trial_20260517_035154_4a5717,top_cups_01,main,scene_026,bottle_only,[],pick up the center bottle.,partial,vlm_best_question,,,,1778957516.1013455,/home/haoandong/ask2act/services/a6000_web/artifacts/offline_experiments/top_cups_01/scenes/scene_026/observation.jpg,5d31e9fd-3b56-4e43-b706-08f7224db577,finished,1,0,cand_001,25.884859085083008,1779210783.4409897,wrong,,1778957541.9861515,wrong_object_selected,True,True,pick up the center bottle.,1,"{'plausible': ['cand_001'], 'eliminated': [], 'last_removed': []}",0,0,25.884859085083008,26,,,pick up the center bottle.,scene_026::pick up the center bottle.,pick up the center bottle,0,0,1,0,0,1,bottle,scene_026|partial,13,2,0.8461538461538461,7
trial_20260517_035234_aa113e,top_cups_01,main,scene_026,bottle_only,[],pick up the center bottle.,partial,proposed_efe,,,,1778957555.0910661,/home/haoandong/ask2act/services/a6000_web/artifacts/offline_experiments/top_cups_01/scenes/scene_026/observation.jpg,653c3dd0-7977-46df-9732-4180a1ab03e2,finished,1,0,cand_001,20.427685260772705,1779210791.3744504,wrong,,1778957575.5186973,wrong_object_selected,True,True,pick up the center bottle.,1,"{'plausible': ['cand_001'], 'eliminated': [], 'last_removed': []}",0,0,20.427685260772705,26,,,pick up the center bottle.,scene_026::pick up the center bottle.,pick up the center bottle,0,0,1,0,0,1,bottle,scene_026|partial,13,2,0.8461538461538461,7
trial_20260517_035303_c473ba,top_cups_01,main,scene_026,bottle_only,[],pick up the right bottle.,partial,proposed_efe,,,,1778957584.2516096,/home/haoandong/ask2act/services/a6000_web/artifacts/offline_experiments/top_cups_01/scenes/scene_026/observation.jpg,f9c6985d-4068-4a14-bd9f-d5abd5881746,finished,1,0,cand_001,18.579667806625366,1778957602.8313322,correct,,1778957602.8312204,,False,True,pick up the right bottle.,1,"{'plausible': ['cand_001'], 'eliminated': [], 'last_removed': []}",1,0,18.579667806625366,25,,,pick up the right bottle.,scene_026::pick up the right bottle.,pick up the right bottle,0,0,1,0,0,1,bottle,scene_026|partial,13,2,0.8461538461538461,6
trial_20260517_035332_b56c16,top_cups_01,main,scene_026,bottle_only,[],pick up my bottle.,ambiguous,proposed_efe,,,,1778957613.068529,/home/haoandong/ask2act/services/a6000_web/artifacts/offline_experiments/top_cups_01/scenes/scene_026/observation.jpg,2d9fdd81-5c40-45e6-bf4b-5d7fcdace709,finished,4,1,cand_003,55.750478744506836,1778957668.8190644,correct,,1778957668.8189363,,False,True,pick up my bottle.,4,"{'plausible': ['cand_003'], 'eliminated': ['cand_001', 'cand_002', 'cand_004'], 'last_removed': ['cand_001', 'cand_002', 'cand_004']}",1,1,55.750478744506836,18,,,pick up my bottle.,scene_026::pick up my bottle.,pick up my bottle,1,0,0,0,0,1,bottle,scene_026|ambiguous,13,1,0.9230769230769231,13
trial_20260517_035443_33e6ff,top_cups_01,main,scene_026,bottle_only,[],pick up my bottle.,ambiguous,proposed_efe,,,,1778957684.0703993,/home/haoandong/ask2act/services/a6000_web/artifacts/offline_experiments/top_cups_01/scenes/scene_026/observation.jpg,c557424c-42b1-4708-a87c-e62f33b67cbb,finished,4,3,cand_004,132.25106143951416,1778957816.3215225,correct,,1778957816.3213837,,False,True,pick up my bottle.,4,"{'plausible': ['cand_004'], 'eliminated': ['cand_001', 'cand_002', 'cand_003'], 'last_removed': ['cand_002']}",1,3,132.25106143951416,18,,,pick up my bottle.,scene_026::pick up my bottle.,pick up my bottle,1,0,0,0,0,1,bottle,scene_026|ambiguous,13,1,0.9230769230769231,13
trial_20260517_035819_59baa4,top_cups_01,main,scene_027,mixed,[],pick up the red bottle.,clear,top_score,,,,1778957901.310225,/home/haoandong/ask2act/services/a6000_web/artifacts/offline_experiments/top_cups_01/scenes/scene_027/observation.jpg,f0d11417-ccbb-49fe-aae0-3f85c724b9bb,finished,1,0,cand_001,4.881864070892334,1778957906.1922302,correct,,1778957906.19199,,False,True,pick up the red bottle.,1,"{'plausible': ['cand_001'], 'eliminated': [], 'last_removed': []}",1,0,4.881864070892334,23,,,pick up the red bottle.,scene_027::pick up the red bottle.,pick up the red bottle,0,1,0,0,0,1,bottle,scene_027|clear,13,12,0.07692307692307687,1
trial_20260517_035831_51b0a6,top_cups_01,main,scene_027,mixed,[],pick up the red cup.,clear,top_score,,,,1778957912.790235,/home/haoandong/ask2act/services/a6000_web/artifacts/offline_experiments/top_cups_01/scenes/scene_027/observation.jpg,d4f80168-0216-4f51-98c7-32e2666bf8bf,finished,1,0,cand_001,2.6984474658966064,1778957915.488748,correct,,1778957915.488618,,False,True,pick up the red cup.,1,"{'plausible': ['cand_001'], 'eliminated': [], 'last_removed': []}",1,0,2.6984474658966064,20,,,pick up the red cup.,scene_027::pick up the red cup.,pick up the red cup,0,1,0,0,0,1,cup,scene_027|clear,13,12,0.07692307692307687,2
trial_20260517_035849_17fe5c,top_cups_01,main,scene_027,mixed,[],pick up the pink cup.,clear,random_candidate,,,,1778957930.4731221,/home/haoandong/ask2act/services/a6000_web/artifacts/offline_experiments/top_cups_01/scenes/scene_027/observation.jpg,368cc35b-f26f-4565-839a-1bf80d994624,finished,1,0,cand_001,7.8158018589019775,1779210849.4009233,wrong,,1778957938.2888021,wrong_object_selected,True,True,pick up the pink cup.,1,"{'plausible': ['cand_001'], 'eliminated': [], 'last_removed': []}",0,0,7.8158018589019775,21,,,pick up the pink cup.,scene_027::pick up the pink cup.,pick up the pink cup,0,1,0,0,0,1,cup,scene_027|clear,13,12,0.07692307692307687,1
trial_20260517_035911_0edac2,top_cups_01,main,scene_027,mixed,[],pick up the brown cup.,clear,random_candidate,,,,1778957952.29518,/home/haoandong/ask2act/services/a6000_web/artifacts/offline_experiments/top_cups_01/scenes/scene_027/observation.jpg,4ad0125a-65dc-441c-867e-562be6ed3f53,finished,1,0,cand_001,2.4906537532806396,1778957954.7858882,correct,,1778957954.785779,,False,True,pick up the brown cup.,1,"{'plausible': ['cand_001'], 'eliminated': [], 'last_removed': []}",1,0,2.4906537532806396,22,,,pick up the brown cup.,scene_027::pick up the brown cup.,pick up the brown cup,0,0,0,0,0,0,cup,scene_027|clear,13,12,0.07692307692307687,1
trial_20260517_035930_ff47ca,top_cups_01,main,scene_027,mixed,[],pick up the green bottle.,clear,vlm_direct,,,,1778957972.2679462,/home/haoandong/ask2act/services/a6000_web/artifacts/offline_experiments/top_cups_01/scenes/scene_027/observation.jpg,d078a0d8-738a-4c46-9606-956fa26d9572,finished,1,0,cand_001,20.28843355178833,1778957992.5564296,correct,,1778957992.5563335,,False,True,pick up the green bottle.,1,"{'plausible': ['cand_001'], 'eliminated': [], 'last_removed': []}",1,0,20.28843355178833,25,,,pick up the green bottle.,scene_027::pick up the green bottle.,pick up the green bottle,0,1,0,0,0,1,bottle,scene_027|clear,13,12,0.07692307692307687,1
trial_20260517_040011_274668,top_cups_01,main,scene_027,mixed,[],pick up the black bottle.,clear,vlm_direct,,,,1778958012.6686606,/home/haoandong/ask2act/services/a6000_web/artifacts/offline_experiments/top_cups_01/scenes/scene_027/observation.jpg,845c5041-f667-4f39-93d8-272df56f68fd,finished,6,0,cand_001,36.81486630439758,1778958049.4835885,correct,,1778958049.4834619,,False,True,pick up the black bottle.,6,"{'plausible': ['cand_001'], 'eliminated': ['cand_002', 'cand_003', 'cand_004', 'cand_005', 'cand_006'], 'last_removed': ['cand_002', 'cand_003', 'cand_004', 'cand_005', 'cand_006']}",1,0,36.81486630439758,25,,,pick up the black bottle.,scene_027::pick up the black bottle.,pick up the black bottle,0,1,0,0,0,1,bottle,scene_027|clear,13,12,0.07692307692307687,1
trial_20260517_040110_c21539,top_cups_01,main,scene_027,mixed,[],pick up the left cup.,clear,first_question,,,,1778958072.1516683,/home/haoandong/ask2act/services/a6000_web/artifacts/offline_experiments/top_cups_01/scenes/scene_027/observation.jpg,9107f0d0-98a0-4fa2-b11f-932633ac3570,finished,1,0,cand_001,2.907327890396118,1778958075.0590508,correct,,1778958075.058938,,False,True,pick up the left cup.,1,"{'plausible': ['cand_001'], 'eliminated': [], 'last_removed': []}",1,0,2.907327890396118,21,,,pick up the left cup.,scene_027::pick up the left cup.,pick up the left cup,0,0,1,0,0,1,cup,scene_027|clear,13,12,0.07692307692307687,1
trial_20260517_040123_df469f,top_cups_01,main,scene_027,mixed,[],pick up the right cup.,clear,first_question,,,,1778958084.388802,/home/haoandong/ask2act/services/a6000_web/artifacts/offline_experiments/top_cups_01/scenes/scene_027/observation.jpg,b564d7da-2113-4fa3-aec1-94a0abd926e6,finished,1,0,cand_001,2.6421995162963867,1778958087.0310702,correct,,1778958087.030942,,False,True,pick up the right cup.,1,"{'plausible': ['cand_001'], 'eliminated': [], 'last_removed': []}",1,0,2.6421995162963867,22,,,pick up the right cup.,scene_027::pick up the right cup.,pick up the right cup,0,0,1,0,0,1,cup,scene_027|clear,13,12,0.07692307692307687,1
trial_20260517_040137_f84a69,top_cups_01,main,scene_027,mixed,[],pick up the center cup.,clear,random_question,,,,1778958098.9905028,/home/haoandong/ask2act/services/a6000_web/artifacts/offline_experiments/top_cups_01/scenes/scene_027/observation.jpg,9906beea-4ef5-4af1-9b5d-bcd373e4fe56,finished,1,0,cand_001,2.641261100769043,1778958101.631821,correct,,1778958101.631708,,False,True,pick up the center cup.,1,"{'plausible': ['cand_001'], 'eliminated': [], 'last_removed': []}",1,0,2.641261100769043,23,,,pick up the center cup.,scene_027::pick up the center cup.,pick up the center cup,0,0,1,0,0,1,cup,scene_027|clear,13,12,0.07692307692307687,1
trial_20260517_040222_25d13a,top_cups_01,main,scene_027,mixed,[],pick up the left bottle.,clear,random_question,,,,1778958143.5788646,/home/haoandong/ask2act/services/a6000_web/artifacts/offline_experiments/top_cups_01/scenes/scene_027/observation.jpg,d7d01a9f-9da8-4ae9-b035-051f1402de93,finished,1,0,cand_001,3.026028633117676,1778958146.6049504,correct,,1778958146.6048436,,False,True,pick up the left bottle.,1,"{'plausible': ['cand_001'], 'eliminated': [], 'last_removed': []}",1,0,3.026028633117676,24,,,pick up the left bottle.,scene_027::pick up the left bottle.,pick up the left bottle,0,0,1,0,0,1,bottle,scene_027|clear,13,12,0.07692307692307687,1
trial_20260517_040241_2844c3,top_cups_01,main,scene_027,mixed,[],pick up the bottom bottle.,clear,vlm_best_question,,,,1778958162.7928205,/home/haoandong/ask2act/services/a6000_web/artifacts/offline_experiments/top_cups_01/scenes/scene_027/observation.jpg,25b0543b-96ed-45c2-ad35-8c60ddc3b9e1,finished,1,0,cand_001,3.3960959911346436,1778958166.1893349,correct,,1778958166.1886919,,False,True,pick up the bottom bottle.,1,"{'plausible': ['cand_001'], 'eliminated': [], 'last_removed': []}",1,0,3.3960959911346436,26,,,pick up the bottom bottle.,scene_027::pick up the bottom bottle.,pick up the bottom bottle,0,0,1,0,0,1,bottle,scene_027|clear,13,12,0.07692307692307687,1
trial_20260517_040253_105137,top_cups_01,main,scene_027,mixed,[],pick up the top bottle.,clear,vlm_best_question,,,,1778958175.0928433,/home/haoandong/ask2act/services/a6000_web/artifacts/offline_experiments/top_cups_01/scenes/scene_027/observation.jpg,9c21e41e-850e-4c53-9c54-28bc6f78d14f,finished,2,1,cand_002,56.182557582855225,1778958231.2754567,correct,,1778958231.2753336,,False,True,pick up the top bottle.,2,"{'plausible': ['cand_002'], 'eliminated': ['cand_001'], 'last_removed': ['cand_001']}",1,1,56.182557582855225,23,,,pick up the top bottle.,scene_027::pick up the top bottle.,pick up the top bottle,0,0,1,0,0,1,bottle,scene_027|clear,13,12,0.07692307692307687,1
trial_20260517_040407_7dca9a,top_cups_01,main,scene_027,mixed,[],pick up the red cup.,clear,proposed_efe,,,,1778958248.8983486,/home/haoandong/ask2act/services/a6000_web/artifacts/offline_experiments/top_cups_01/scenes/scene_027/observation.jpg,a90d8482-52e9-4cc9-8af0-a8feee02e332,finished,1,0,cand_001,1.8148376941680908,1778958250.713235,correct,,1778958250.7131405,,False,True,pick up the red cup.,1,"{'plausible': ['cand_001'], 'eliminated': [], 'last_removed': []}",1,0,1.8148376941680908,20,,,pick up the red cup.,scene_027::pick up the red cup.,pick up the red cup,0,1,0,0,0,1,cup,scene_027|clear,13,12,0.07692307692307687,2
trial_20260517_041223_89a38a,top_cups_01,main,scene_027,mixed,[],pick up the top bottle.,partial,top_score,,,,1778958744.4445264,/home/haoandong/ask2act/services/a6000_web/artifacts/offline_experiments/top_cups_01/scenes/scene_027/observation.jpg,f576768a-a99a-440a-a01a-0dc6e82e853c,finished,2,0,cand_001,6.530228853225708,1779210901.423074,wrong,,1778958750.9746006,ambiguity_not_solved,True,True,pick up the top bottle.,2,"{'plausible': ['cand_001'], 'eliminated': ['cand_002'], 'last_removed': ['cand_002']}",0,0,6.530228853225708,23,,,pick up the top bottle.,scene_027::pick up the top bottle.,pick up the top bottle,0,0,1,0,0,1,bottle,scene_027|partial,13,4,0.6923076923076923,7
trial_20260517_041238_455cfc,top_cups_01,main,scene_027,mixed,[],pick up the right bottle.,partial,top_score,,,,1778958759.9988036,/home/haoandong/ask2act/services/a6000_web/artifacts/offline_experiments/top_cups_01/scenes/scene_027/observation.jpg,aeee6d45-9b24-4457-9cfe-71d8840f6dd2,finished,1,0,cand_001,5.249683618545532,1779210907.7496696,wrong,,1778958765.2483642,ambiguity_not_solved,True,True,pick up the right bottle.,1,"{'plausible': ['cand_001'], 'eliminated': [], 'last_removed': []}",0,0,5.249683618545532,25,,,pick up the right bottle.,scene_027::pick up the right bottle.,pick up the right bottle,0,0,1,0,0,1,bottle,scene_027|partial,13,4,0.6923076923076923,1
trial_20260517_041257_525b1e,top_cups_01,main,scene_027,mixed,[],pick up my bottle.,ambiguous,top_score,,,,1778958778.7423882,/home/haoandong/ask2act/services/a6000_web/artifacts/offline_experiments/top_cups_01/scenes/scene_027/observation.jpg,b5beb11c-250b-4fe9-b6ee-b7b4374c69b4,finished,3,0,cand_001,7.456028938293457,1779210931.8395016,wrong,,1778958786.1982808,ambiguity_not_solved,True,True,pick up my bottle.,3,"{'plausible': ['cand_001'], 'eliminated': ['cand_002', 'cand_003'], 'last_removed': ['cand_002', 'cand_003']}",0,0,7.456028938293457,18,,,pick up my bottle.,scene_027::pick up my bottle.,pick up my bottle,1,0,0,0,0,1,bottle,scene_027|ambiguous,13,2,0.8461538461538461,7
trial_20260517_041314_7ba019,top_cups_01,main,scene_027,mixed,[],pick up my cup.,ambiguous,top_score,,,,1778958794.9125693,/home/haoandong/ask2act/services/a6000_web/artifacts/offline_experiments/top_cups_01/scenes/scene_027/observation.jpg,19387eb2-4e0c-48fa-bdd4-2f3ac42f6c92,finished,3,0,cand_001,9.443654775619507,1779210938.6392965,wrong,,1778958804.3560834,ambiguity_not_solved,True,True,pick up my cup.,3,"{'plausible': ['cand_001'], 'eliminated': ['cand_002', 'cand_003'], 'last_removed': ['cand_002', 'cand_003']}",0,0,9.443654775619507,15,,,pick up my cup.,scene_027::pick up my cup.,pick up my cup,1,0,0,0,0,1,cup,scene_027|ambiguous,13,2,0.8461538461538461,6
trial_20260517_041332_23f084,top_cups_01,main,scene_027,mixed,[],pick up my cup.,ambiguous,random_candidate,,,,1778958812.9481425,/home/haoandong/ask2act/services/a6000_web/artifacts/offline_experiments/top_cups_01/scenes/scene_027/observation.jpg,4d8643c2-db1b-4265-b6cf-9992a1db5473,finished,3,0,cand_003,3.212024450302124,1778958816.160231,correct,,1778958816.1601012,,False,True,pick up my cup.,3,"{'plausible': ['cand_003'], 'eliminated': ['cand_001', 'cand_002'], 'last_removed': ['cand_001', 'cand_002']}",1,0,3.212024450302124,15,,,pick up my cup.,scene_027::pick up my cup.,pick up my cup,1,0,0,0,0,1,cup,scene_027|ambiguous,13,2,0.8461538461538461,6
trial_20260517_041345_dfb42d,top_cups_01,main,scene_027,mixed,[],pick up my bottle.,ambiguous,random_candidate,,,,1778958826.43552,/home/haoandong/ask2act/services/a6000_web/artifacts/offline_experiments/top_cups_01/scenes/scene_027/observation.jpg,bbbdc7d9-c535-4bb6-b4f1-b41bb3df8ff6,finished,3,0,cand_003,4.545025110244751,1779210951.493167,wrong,,1778958830.9804113,ambiguity_not_solved,True,True,pick up my bottle.,3,"{'plausible': ['cand_003'], 'eliminated': ['cand_001', 'cand_002'], 'last_removed': ['cand_001', 'cand_002']}",0,0,4.545025110244751,18,,,pick up my bottle.,scene_027::pick up my bottle.,pick up my bottle,1,0,0,0,0,1,bottle,scene_027|ambiguous,13,2,0.8461538461538461,7
trial_20260517_041401_8298e3,top_cups_01,main,scene_027,mixed,[],pick up the top bottle.,partial,random_candidate,,,,1778958842.8399746,/home/haoandong/ask2act/services/a6000_web/artifacts/offline_experiments/top_cups_01/scenes/scene_027/observation.jpg,3121be60-64c1-4fc6-9c1a-f8093dd5c2b1,finished,2,0,cand_002,3.9163827896118164,1778958846.7565572,correct,,1778958846.7562284,,False,True,pick up the top bottle.,2,"{'plausible': ['cand_002'], 'eliminated': ['cand_001'], 'last_removed': ['cand_001']}",1,0,3.9163827896118164,23,,,pick up the top bottle.,scene_027::pick up the top bottle.,pick up the top bottle,0,0,1,0,0,1,bottle,scene_027|partial,13,4,0.6923076923076923,7
trial_20260517_041424_97042c,top_cups_01,main,scene_027,mixed,[],pick up the center bottle.,partial,random_candidate,,,,1778958865.7684994,/home/haoandong/ask2act/services/a6000_web/artifacts/offline_experiments/top_cups_01/scenes/scene_027/observation.jpg,0517e2fc-4b0b-4da4-a9ed-f68fc6f07dde,finished,1,0,cand_001,3.59257173538208,1779210991.378059,wrong,,1778958869.3609335,,True,True,pick up the center bottle.,1,"{'plausible': ['cand_001'], 'eliminated': [], 'last_removed': []}",0,0,3.59257173538208,26,,,pick up the center bottle.,scene_027::pick up the center bottle.,pick up the center bottle,0,0,1,0,0,1,bottle,scene_027|partial,13,4,0.6923076923076923,2
trial_20260517_041440_ae0972,top_cups_01,main,scene_027,mixed,[],pick up the center bottle.,partial,vlm_direct,,,,1778958881.779132,/home/haoandong/ask2act/services/a6000_web/artifacts/offline_experiments/top_cups_01/scenes/scene_027/observation.jpg,9bfed2ff-a4dc-442a-8dac-be6017602d68,finished,1,0,cand_001,14.420350551605225,1779211006.594287,wrong,,1778958896.19939,wrong_object_selected,True,True,pick up the center bottle.,1,"{'plausible': ['cand_001'], 'eliminated': [], 'last_removed': []}",0,0,14.420350551605225,26,,,pick up the center bottle.,scene_027::pick up the center bottle.,pick up the center bottle,0,0,1,0,0,1,bottle,scene_027|partial,13,4,0.6923076923076923,2
trial_20260517_041502_947983,top_cups_01,main,scene_027,mixed,[],pick up the top bottle.,partial,vlm_direct,,,,1778958902.90187,/home/haoandong/ask2act/services/a6000_web/artifacts/offline_experiments/top_cups_01/scenes/scene_027/observation.jpg,407d90b5-9764-4a09-bac1-3e9adf9f6a65,finished,2,0,cand_002,26.002430200576782,1778958928.9045086,correct,,1778958928.9041657,,False,True,pick up the top bottle.,2,"{'plausible': ['cand_002'], 'eliminated': ['cand_001'], 'last_removed': ['cand_001']}",1,0,26.002430200576782,23,,,pick up the top bottle.,scene_027::pick up the top bottle.,pick up the top bottle,0,0,1,0,0,1,bottle,scene_027|partial,13,4,0.6923076923076923,7
trial_20260517_041543_91d3cc,top_cups_01,main,scene_027,mixed,[],pick up my bottle.,ambiguous,vlm_direct,,,,1778958944.26468,/home/haoandong/ask2act/services/a6000_web/artifacts/offline_experiments/top_cups_01/scenes/scene_027/observation.jpg,c4f775cb-9f21-4913-bef3-aa4fb2a03ff6,finished,3,0,cand_001,86.55882954597473,1779211078.8041434,wrong,,1778959030.8233747,ambiguity_not_solved,True,True,pick up my bottle.,3,"{'plausible': ['cand_001'], 'eliminated': ['cand_002', 'cand_003'], 'last_removed': ['cand_002', 'cand_003']}",0,0,86.55882954597473,18,,,pick up my bottle.,scene_027::pick up my bottle.,pick up my bottle,1,0,0,0,0,1,bottle,scene_027|ambiguous,13,2,0.8461538461538461,7
trial_20260517_041719_0c2a76,top_cups_01,main,scene_027,mixed,[],pick up my cup.,ambiguous,vlm_direct,,,,1778959040.2672818,/home/haoandong/ask2act/services/a6000_web/artifacts/offline_experiments/top_cups_01/scenes/scene_027/observation.jpg,398ceb46-8359-48f0-9a40-274a106e1d5a,finished,3,0,cand_001,51.923662185668945,1779211084.903664,wrong,,1778959092.1908035,ambiguity_not_solved,True,True,pick up my cup.,3,"{'plausible': ['cand_001'], 'eliminated': ['cand_002', 'cand_003'], 'last_removed': ['cand_002', 'cand_003']}",0,0,51.923662185668945,15,,,pick up my cup.,scene_027::pick up my cup.,pick up my cup,1,0,0,0,0,1,cup,scene_027|ambiguous,13,2,0.8461538461538461,6
trial_20260517_041829_9e64ad,top_cups_01,main,scene_027,mixed,[],pick up my cup.,ambiguous,first_question,,,,1778959110.4882383,/home/haoandong/ask2act/services/a6000_web/artifacts/offline_experiments/top_cups_01/scenes/scene_027/observation.jpg,3e49394c-f238-402f-a654-02cd8fe8c46a,finished,3,1,cand_003,38.73385834693909,1778959149.22231,correct,,1778959149.2219477,,False,True,pick up my cup.,3,"{'plausible': ['cand_003'], 'eliminated': ['cand_001', 'cand_002'], 'last_removed': ['cand_001', 'cand_002']}",1,1,38.73385834693909,15,,,pick up my cup.,scene_027::pick up my cup.,pick up my cup,1,0,0,0,0,1,cup,scene_027|ambiguous,13,2,0.8461538461538461,6
trial_20260517_041918_a93b56,top_cups_01,main,scene_027,mixed,[],pick up my bottle.,ambiguous,first_question,,,,1778959158.867025,/home/haoandong/ask2act/services/a6000_web/artifacts/offline_experiments/top_cups_01/scenes/scene_027/observation.jpg,87a0f97f-346b-4abb-b0d5-e22167ebe804,finished,3,2,cand_003,57.88381814956665,1778959216.7510614,correct,,1778959216.7506883,,False,True,pick up my bottle.,3,"{'plausible': ['cand_003'], 'eliminated': ['cand_001', 'cand_002'], 'last_removed': ['cand_001']}",1,2,57.88381814956665,18,,,pick up my bottle.,scene_027::pick up my bottle.,pick up my bottle,1,0,0,0,0,1,bottle,scene_027|ambiguous,13,2,0.8461538461538461,7
trial_20260517_042027_dacf27,top_cups_01,main,scene_027,mixed,[],pick up the top bottle.,partial,first_question,,,,1778959228.5741055,/home/haoandong/ask2act/services/a6000_web/artifacts/offline_experiments/top_cups_01/scenes/scene_027/observation.jpg,32c54402-18df-490a-9292-1a069a6af123,finished,2,1,cand_001,28.107288599014282,1778959256.681607,correct,,1778959256.6812477,,False,True,pick up the top bottle.,2,"{'plausible': ['cand_001'], 'eliminated': ['cand_002'], 'last_removed': ['cand_002']}",1,1,28.107288599014282,23,,,pick up the top bottle.,scene_027::pick up the top bottle.,pick up the top bottle,0,0,1,0,0,1,bottle,scene_027|partial,13,4,0.6923076923076923,7
trial_20260517_042123_9a669c,top_cups_01,main,scene_027,mixed,[],pick up the top cup.,partial,random_question,,,,1778959284.8498988,/home/haoandong/ask2act/services/a6000_web/artifacts/offline_experiments/top_cups_01/scenes/scene_027/observation.jpg,cb90330d-5797-49a3-9362-2c8e7da8c3db,finished,1,0,cand_001,2.5956573486328125,1778959287.4457586,correct,,1778959287.4454389,,False,True,pick up the top cup.,1,"{'plausible': ['cand_001'], 'eliminated': [], 'last_removed': []}",1,0,2.5956573486328125,20,,,pick up the top cup.,scene_027::pick up the top cup.,pick up the top cup,0,0,1,0,0,1,cup,scene_027|partial,13,4,0.6923076923076923,3
trial_20260517_042136_3a0f03,top_cups_01,main,scene_027,mixed,[],pick up the top bottle.,partial,random_question,,,,1778959297.1660674,/home/haoandong/ask2act/services/a6000_web/artifacts/offline_experiments/top_cups_01/scenes/scene_027/observation.jpg,39c0ec05-532f-4f16-95f5-ee0986b1de33,finished,2,1,cand_002,66.51897072792053,1778959363.6852598,correct,,1778959363.684895,,False,True,pick up the top bottle.,2,"{'plausible': ['cand_002'], 'eliminated': ['cand_001'], 'last_removed': ['cand_001']}",1,1,66.51897072792053,23,,,pick up the top bottle.,scene_027::pick up the top bottle.,pick up the top bottle,0,0,1,0,0,1,bottle,scene_027|partial,13,4,0.6923076923076923,7
trial_20260517_042323_a14a37,top_cups_01,main,scene_027,mixed,[],pick up my bottle.,ambiguous,random_question,,,,1778959404.4526956,/home/haoandong/ask2act/services/a6000_web/artifacts/offline_experiments/top_cups_01/scenes/scene_027/observation.jpg,9cfa6104-dc2f-4c4d-873e-8c8344eaaa10,finished,3,2,cand_003,125.40913510322571,1778959529.862038,correct,,1778959529.861676,,False,True,pick up my bottle.,3,"{'plausible': ['cand_003'], 'eliminated': ['cand_001', 'cand_002'], 'last_removed': ['cand_001']}",1,2,125.40913510322571,18,,,pick up my bottle.,scene_027::pick up my bottle.,pick up my bottle,1,0,0,0,0,1,bottle,scene_027|ambiguous,13,2,0.8461538461538461,7
trial_20260517_042536_fe3f96,top_cups_01,main,scene_027,mixed,[],pick up my cup.,ambiguous,random_question,,,,1778959537.5314536,/home/haoandong/ask2act/services/a6000_web/artifacts/offline_experiments/top_cups_01/scenes/scene_027/observation.jpg,8a73b56f-47d2-443b-8c50-0a1b2eb8873e,finished,3,2,cand_002,59.26220417022705,1778959596.7938778,correct,,1778959596.7935,,False,True,pick up my cup.,3,"{'plausible': ['cand_002'], 'eliminated': ['cand_001', 'cand_003'], 'last_removed': ['cand_001']}",1,2,59.26220417022705,15,,,pick up my cup.,scene_027::pick up my cup.,pick up my cup,1,0,0,0,0,1,cup,scene_027|ambiguous,13,2,0.8461538461538461,6
trial_20260517_042651_617196,top_cups_01,main,scene_027,mixed,[],pick up my cup.,ambiguous,vlm_best_question,,,,1778959611.9979367,/home/haoandong/ask2act/services/a6000_web/artifacts/offline_experiments/top_cups_01/scenes/scene_027/observation.jpg,795c8d2a-40f2-4abd-ae1e-aabc3116d0f0,finished,3,2,cand_002,108.05405473709106,1778959720.052213,correct,,1778959720.051835,,False,True,pick up my cup.,3,"{'plausible': ['cand_002'], 'eliminated': ['cand_001', 'cand_003'], 'last_removed': ['cand_001']}",1,2,108.05405473709106,15,,,pick up my cup.,scene_027::pick up my cup.,pick up my cup,1,0,0,0,0,1,cup,scene_027|ambiguous,13,2,0.8461538461538461,6
trial_20260517_042852_daae6c,top_cups_01,main,scene_027,mixed,[],pick up my bottle.,ambiguous,vlm_best_question,,,,1778959733.6588826,/home/haoandong/ask2act/services/a6000_web/artifacts/offline_experiments/top_cups_01/scenes/scene_027/observation.jpg,6510784a-d4f7-4b35-82b4-a7dafc9405f9,finished,3,2,cand_003,77.82307720184326,1778959811.48218,correct,,1778959811.4818084,,False,True,pick up my bottle.,3,"{'plausible': ['cand_003'], 'eliminated': ['cand_001', 'cand_002'], 'last_removed': ['cand_002']}",1,2,77.82307720184326,18,,,pick up my bottle.,scene_027::pick up my bottle.,pick up my bottle,1,0,0,0,0,1,bottle,scene_027|ambiguous,13,2,0.8461538461538461,7
trial_20260517_043032_61e8a6,top_cups_01,main,scene_027,mixed,[],pick up the top bottle.,partial,vlm_best_question,,,,1778959833.441659,/home/haoandong/ask2act/services/a6000_web/artifacts/offline_experiments/top_cups_01/scenes/scene_027/observation.jpg,c44e27e4-ace0-48f3-9d5e-592f776a2ce6,finished,2,1,cand_002,35.07692313194275,1778959868.5188134,correct,,1778959868.5184429,,False,True,pick up the top bottle.,2,"{'plausible': ['cand_002'], 'eliminated': ['cand_001'], 'last_removed': ['cand_001']}",1,1,35.07692313194275,23,,,pick up the top bottle.,scene_027::pick up the top bottle.,pick up the top bottle,0,0,1,0,0,1,bottle,scene_027|partial,13,4,0.6923076923076923,7
trial_20260517_043114_c3e522,top_cups_01,main,scene_027,mixed,[],pick up the top cup.,partial,vlm_best_question,,,,1778959875.002552,/home/haoandong/ask2act/services/a6000_web/artifacts/offline_experiments/top_cups_01/scenes/scene_027/observation.jpg,7783482c-6c93-4705-8317-222fdc817787,finished,1,0,cand_001,28.026044845581055,1778959903.0287976,correct,,1778959903.0284767,,False,True,pick up the top cup.,1,"{'plausible': ['cand_001'], 'eliminated': [], 'last_removed': []}",1,0,28.026044845581055,20,,,pick up the top cup.,scene_027::pick up the top cup.,pick up the top cup,0,0,1,0,0,1,cup,scene_027|partial,13,4,0.6923076923076923,3
trial_20260517_043151_80639a,top_cups_01,main,scene_027,mixed,[],pick up the top cup.,partial,proposed_efe,,,,1778959912.0024815,/home/haoandong/ask2act/services/a6000_web/artifacts/offline_experiments/top_cups_01/scenes/scene_027/observation.jpg,34e6828e-3558-4f2c-8a99-98e243e10ab2,finished,1,0,cand_001,42.36946225166321,1778959954.3721445,correct,,1778959954.3718262,,False,True,pick up the top cup.,1,"{'plausible': ['cand_001'], 'eliminated': [], 'last_removed': []}",1,0,42.36946225166321,20,,,pick up the top cup.,scene_027::pick up the top cup.,pick up the top cup,0,0,1,0,0,1,cup,scene_027|partial,13,4,0.6923076923076923,3
trial_20260517_043244_18b60c,top_cups_01,main,scene_027,mixed,[],pick up the top bottle.,partial,proposed_efe,,,,1778959965.5050683,/home/haoandong/ask2act/services/a6000_web/artifacts/offline_experiments/top_cups_01/scenes/scene_027/observation.jpg,562f6ebc-94dc-4288-b927-58fae9ed5ded,finished,2,1,cand_002,44.851962089538574,1778960010.357238,correct,,1778960010.3568835,,False,True,pick up the top bottle.,2,"{'plausible': ['cand_002'], 'eliminated': ['cand_001'], 'last_removed': ['cand_001']}",1,1,44.851962089538574,23,,,pick up the top bottle.,scene_027::pick up the top bottle.,pick up the top bottle,0,0,1,0,0,1,bottle,scene_027|partial,13,4,0.6923076923076923,7
trial_20260517_043347_e017e1,top_cups_01,main,scene_027,mixed,[],pick up my bottle.,ambiguous,proposed_efe,,,,1778960028.7558131,/home/haoandong/ask2act/services/a6000_web/artifacts/offline_experiments/top_cups_01/scenes/scene_027/observation.jpg,5e8f589a-e1ed-4156-bb9b-2ba336fa72ab,finished,3,1,cand_002,108.03439426422119,1778960136.7904143,correct,,1778960136.7900543,,False,True,pick up my bottle.,3,"{'plausible': ['cand_002'], 'eliminated': ['cand_001', 'cand_003'], 'last_removed': ['cand_001', 'cand_003']}",1,1,108.03439426422119,18,,,pick up my bottle.,scene_027::pick up my bottle.,pick up my bottle,1,0,0,0,0,1,bottle,scene_027|ambiguous,13,2,0.8461538461538461,7
trial_20260517_170330_a78690,top_cups_01,main,scene_028,mixed,[],Pick up the blue cup.,clear,top_score,,,,1779005018.052348,/home/haoandong/ask2act/services/a6000_web/artifacts/offline_experiments/top_cups_01/scenes/scene_028/observation.jpg,e54cdfd3-d20f-4c67-af72-3f5c8ed96d59,finished,1,0,cand_001,7.666869878768921,1779005025.7192786,correct,,1779005025.7191556,,False,True,Pick up the blue cup.,1,"{'plausible': ['cand_001'], 'eliminated': [], 'last_removed': []}",1,0,7.666869878768921,21,,,Pick up the blue cup.,scene_028::Pick up the blue cup.,pick up the blue cup,0,1,0,0,0,1,cup,scene_028|clear,12,6,0.5,1
trial_20260517_170358_95e801,top_cups_01,main,scene_028,mixed,[],Pick up the green cup.,clear,top_score,,,,1779005039.8845356,/home/haoandong/ask2act/services/a6000_web/artifacts/offline_experiments/top_cups_01/scenes/scene_028/observation.jpg,c63d4347-dc2a-40ec-8a81-e1935af50991,finished,1,0,cand_001,5.03786563873291,1779005044.9224877,correct,,1779005044.9223359,,False,True,Pick up the green cup.,1,"{'plausible': ['cand_001'], 'eliminated': [], 'last_removed': []}",1,0,5.03786563873291,22,,,Pick up the green cup.,scene_028::Pick up the green cup.,pick up the green cup,0,1,0,0,0,1,cup,scene_028|clear,12,6,0.5,1
trial_20260517_170414_a18caa,top_cups_01,main,scene_028,mixed,[],Pick up the left cup.,clear,random_candidate,,,,1779005055.8008752,/home/haoandong/ask2act/services/a6000_web/artifacts/offline_experiments/top_cups_01/scenes/scene_028/observation.jpg,dce9e694-4662-413e-818d-429d83d31e25,finished,1,0,cand_001,17.382168292999268,1779005073.183305,correct,,1779005073.1829202,,False,True,Pick up the left cup.,1,"{'plausible': ['cand_001'], 'eliminated': [], 'last_removed': []}",1,0,17.382168292999268,21,,,Pick up the left cup.,scene_028::Pick up the left cup.,pick up the left cup,0,0,1,0,0,1,cup,scene_028|clear,12,6,0.5,1
trial_20260517_170458_2fe5a1,top_cups_01,main,scene_028,mixed,[],Pick up the right cup.,clear,random_candidate,,,,1779005099.2383308,/home/haoandong/ask2act/services/a6000_web/artifacts/offline_experiments/top_cups_01/scenes/scene_028/observation.jpg,a86784fc-2b56-4b86-b704-07289747a034,finished,1,0,cand_001,6.170132875442505,1779005105.408542,correct,,1779005105.408406,,False,True,Pick up the right cup.,1,"{'plausible': ['cand_001'], 'eliminated': [], 'last_removed': []}",1,0,6.170132875442505,22,,,Pick up the right cup.,scene_028::Pick up the right cup.,pick up the right cup,0,0,1,0,0,1,cup,scene_028|clear,12,6,0.5,1
trial_20260517_170522_5f3d88,top_cups_01,main,scene_028,mixed,[],Pick up the green bottle.,clear,vlm_direct,,,,1779005123.9171689,/home/haoandong/ask2act/services/a6000_web/artifacts/offline_experiments/top_cups_01/scenes/scene_028/observation.jpg,0441ea1d-c3e1-42fa-89b4-08ddfb0ec554,finished,1,0,cand_001,5.883362531661987,1779005129.80059,correct,,1779005129.800477,,False,True,Pick up the green bottle.,1,"{'plausible': ['cand_001'], 'eliminated': [], 'last_removed': []}",1,0,5.883362531661987,25,,,Pick up the green bottle.,scene_028::Pick up the green bottle.,pick up the green bottle,0,1,0,0,0,1,bottle,scene_028|clear,12,6,0.5,4
trial_20260517_170541_984150,top_cups_01,main,scene_028,mixed,[],Pick up the red bottle.,clear,vlm_direct,,,,1779005142.4032884,/home/haoandong/ask2act/services/a6000_web/artifacts/offline_experiments/top_cups_01/scenes/scene_028/observation.jpg,9b3813d6-c45e-47da-9625-f81597442e33,finished,1,0,cand_001,2.5922133922576904,1779005144.9957006,correct,,1779005144.9953892,,False,True,Pick up the red bottle.,1,"{'plausible': ['cand_001'], 'eliminated': [], 'last_removed': []}",1,0,2.5922133922576904,23,,,Pick up the red bottle.,scene_028::Pick up the red bottle.,pick up the red bottle,0,1,0,0,0,1,bottle,scene_028|clear,12,6,0.5,4
trial_20260517_170728_4affdc,top_cups_01,main,scene_028,mixed,[],Pick up the green bottle.,clear,random_question,,,,1779005249.5930893,/home/haoandong/ask2act/services/a6000_web/artifacts/offline_experiments/top_cups_01/scenes/scene_028/observation.jpg,5ef06c58-e980-49bd-bae3-ae0c011d25cc,finished,1,0,cand_001,2.5422873497009277,1779005252.1355765,correct,,1779005252.1352582,,False,True,Pick up the green bottle.,1,"{'plausible': ['cand_001'], 'eliminated': [], 'last_removed': []}",1,0,2.5422873497009277,25,,,Pick up the green bottle.,scene_028::Pick up the green bottle.,pick up the green bottle,0,1,0,0,0,1,bottle,scene_028|clear,12,6,0.5,4
trial_20260517_170737_a6dac4,top_cups_01,main,scene_028,mixed,[],Pick up the red bottle.,clear,random_question,,,,1779005259.2109025,/home/haoandong/ask2act/services/a6000_web/artifacts/offline_experiments/top_cups_01/scenes/scene_028/observation.jpg,8fb464b9-8cc9-4ea0-9984-fa0c3e221a1f,finished,1,0,cand_001,3.194352149963379,1779005262.405473,correct,,1779005262.405131,,False,True,Pick up the red bottle.,1,"{'plausible': ['cand_001'], 'eliminated': [], 'last_removed': []}",1,0,3.194352149963379,23,,,Pick up the red bottle.,scene_028::Pick up the red bottle.,pick up the red bottle,0,1,0,0,0,1,bottle,scene_028|clear,12,6,0.5,4
trial_20260517_170746_fdbe13,top_cups_01,main,scene_028,mixed,[],Pick up the red bottle.,clear,vlm_best_question,,,,1779005267.4939024,/home/haoandong/ask2act/services/a6000_web/artifacts/offline_experiments/top_cups_01/scenes/scene_028/observation.jpg,5753fe77-c8e8-4ba9-ba76-364f06d23040,finished,1,0,cand_001,1.7704827785491943,1779005269.26444,correct,,1779005269.2643354,,False,True,Pick up the red bottle.,1,"{'plausible': ['cand_001'], 'eliminated': [], 'last_removed': []}",1,0,1.7704827785491943,23,,,Pick up the red bottle.,scene_028::Pick up the red bottle.,pick up the red bottle,0,1,0,0,0,1,bottle,scene_028|clear,12,6,0.5,4
trial_20260517_170755_4a0034,top_cups_01,main,scene_028,mixed,[],Pick up the green bottle.,clear,vlm_best_question,,,,1779005276.5176663,/home/haoandong/ask2act/services/a6000_web/artifacts/offline_experiments/top_cups_01/scenes/scene_028/observation.jpg,3a78e7f7-ecf9-4ca9-ba13-df460282e304,finished,1,0,cand_001,2.218376636505127,1779005278.736098,correct,,1779005278.7359881,,False,True,Pick up the green bottle.,1,"{'plausible': ['cand_001'], 'eliminated': [], 'last_removed': []}",1,0,2.218376636505127,25,,,Pick up the green bottle.,scene_028::Pick up the green bottle.,pick up the green bottle,0,1,0,0,0,1,bottle,scene_028|clear,12,6,0.5,4
trial_20260517_170802_1df6f8,top_cups_01,main,scene_028,mixed,[],Pick up the green bottle.,clear,proposed_efe,,,,1779005284.195848,/home/haoandong/ask2act/services/a6000_web/artifacts/offline_experiments/top_cups_01/scenes/scene_028/observation.jpg,c68613a6-d215-464e-8fba-bd41deb753b7,finished,1,0,cand_001,7.15229058265686,1779005291.3481915,correct,,1779005291.3480906,,False,True,Pick up the green bottle.,1,"{'plausible': ['cand_001'], 'eliminated': [], 'last_removed': []}",1,0,7.15229058265686,25,,,Pick up the green bottle.,scene_028::Pick up the green bottle.,pick up the green bottle,0,1,0,0,0,1,bottle,scene_028|clear,12,6,0.5,4
trial_20260517_170818_b3e78d,top_cups_01,main,scene_028,mixed,[],Pick up the red bottle.,clear,proposed_efe,,,,1779005299.5233414,/home/haoandong/ask2act/services/a6000_web/artifacts/offline_experiments/top_cups_01/scenes/scene_028/observation.jpg,4550a552-a53a-4a2f-a4ec-2a05dd7ddbcd,finished,1,0,cand_001,8.738856554031372,1779005308.2622843,correct,,1779005308.2621317,,False,True,Pick up the red bottle.,1,"{'plausible': ['cand_001'], 'eliminated': [], 'last_removed': []}",1,0,8.738856554031372,23,,,Pick up the red bottle.,scene_028::Pick up the red bottle.,pick up the red bottle,0,1,0,0,0,1,bottle,scene_028|clear,12,6,0.5,4
trial_20260517_170900_f456ba,top_cups_01,main,scene_028,mixed,[],Pick up the red cup.,partial,top_score,,,,1779005341.2710235,/home/haoandong/ask2act/services/a6000_web/artifacts/offline_experiments/top_cups_01/scenes/scene_028/observation.jpg,9559955d-17e9-4c60-becb-83578b5323a9,finished,1,0,cand_001,4.427458763122559,1779211112.8366418,unresolved,,1779005345.6983538,gd_missing_target_candidate,True,True,Pick up the red cup.,1,"{'plausible': ['cand_001'], 'eliminated': [], 'last_removed': []}",0,0,4.427458763122559,20,,,Pick up the red cup.,scene_028::Pick up the red cup.,pick up the red cup,0,1,0,0,0,1,cup,scene_028|partial,14,3,0.7857142857142857,7
trial_20260517_170913_a06dce,top_cups_01,main,scene_028,mixed,[],Pick up the pink cup.,partial,top_score,,,,1779005354.8225944,/home/haoandong/ask2act/services/a6000_web/artifacts/offline_experiments/top_cups_01/scenes/scene_028/observation.jpg,552e1ae8-0339-4542-8aa7-56aada96f8a2,finished,1,0,cand_001,7.595407009124756,1779211136.65391,wrong,,1779005362.4179242,wrong_object_selected,True,True,Pick up the pink cup.,1,"{'plausible': ['cand_001'], 'eliminated': [], 'last_removed': []}",0,0,7.595407009124756,21,,,Pick up the pink cup.,scene_028::Pick up the pink cup.,pick up the pink cup,0,1,0,0,0,1,cup,scene_028|partial,14,3,0.7857142857142857,1
trial_20260517_170949_fdd324,top_cups_01,main,scene_028,mixed,[],Pick up my cup.,ambiguous,top_score,,,,1779005390.6626883,/home/haoandong/ask2act/services/a6000_web/artifacts/offline_experiments/top_cups_01/scenes/scene_028/observation.jpg,5fed1f68-4698-40e9-a07b-448c5a2b8812,finished,5,0,cand_001,8.091400623321533,1779005398.7541478,correct,,1779005398.7540233,,False,True,Pick up my cup.,5,"{'plausible': ['cand_001'], 'eliminated': ['cand_002', 'cand_003', 'cand_004', 'cand_005'], 'last_removed': ['cand_002', 'cand_003', 'cand_004', 'cand_005']}",1,0,8.091400623321533,15,,,Pick up my cup.,scene_028::Pick up my cup.,pick up my cup,1,0,0,0,0,1,cup,scene_028|ambiguous,13,2,0.8461538461538461,8
trial_20260517_171026_344654,top_cups_01,main,scene_028,mixed,[],Pick up my cup.,ambiguous,random_candidate,,,,1779005427.2344854,/home/haoandong/ask2act/services/a6000_web/artifacts/offline_experiments/top_cups_01/scenes/scene_028/observation.jpg,cf3e3ee2-e259-472b-9ac6-e7d101953a53,finished,5,0,cand_004,2.8155839443206787,1779005430.0502698,wrong,,1779005430.0499246,,False,True,Pick up my cup.,5,"{'plausible': ['cand_004'], 'eliminated': ['cand_001', 'cand_002', 'cand_003', 'cand_005'], 'last_removed': ['cand_001', 'cand_002', 'cand_003', 'cand_005']}",0,0,2.8155839443206787,15,,,Pick up my cup.,scene_028::Pick up my cup.,pick up my cup,1,0,0,0,0,1,cup,scene_028|ambiguous,13,2,0.8461538461538461,8
trial_20260517_171031_b9bcca,top_cups_01,main,scene_028,mixed,[],Pick up my cup.,ambiguous,random_candidate,,,,1779005431.9973135,/home/haoandong/ask2act/services/a6000_web/artifacts/offline_experiments/top_cups_01/scenes/scene_028/observation.jpg,3e3815ba-8fd9-4bd0-b568-3d578956eed3,finished,5,0,cand_002,3.6089563369750977,1779211144.96556,wrong,,1779005435.6061437,ambiguity_not_solved,True,True,Pick up my cup.,5,"{'plausible': ['cand_002'], 'eliminated': ['cand_001', 'cand_003', 'cand_004', 'cand_005'], 'last_removed': ['cand_001', 'cand_003', 'cand_004', 'cand_005']}",0,0,3.6089563369750977,15,,,Pick up my cup.,scene_028::Pick up my cup.,pick up my cup,1,0,0,0,0,1,cup,scene_028|ambiguous,13,2,0.8461538461538461,8
trial_20260517_171140_db8bbe,top_cups_01,main,scene_028,mixed,[],Pick up the red cup.,partial,random_candidate,,,,1779005502.1827118,/home/haoandong/ask2act/services/a6000_web/artifacts/offline_experiments/top_cups_01/scenes/scene_028/observation.jpg,be6bf2c8-a1e4-461a-8bda-3c728ed1d565,finished,1,0,cand_001,3.3980369567871094,1779211162.551605,unresolved,,1779005505.5806894,,True,True,Pick up the red cup.,1,"{'plausible': ['cand_001'], 'eliminated': [], 'last_removed': []}",0,0,3.3980369567871094,20,,,Pick up the red cup.,scene_028::Pick up the red cup.,pick up the red cup,0,1,0,0,0,1,cup,scene_028|partial,14,3,0.7857142857142857,7
trial_20260517_171152_617543,top_cups_01,main,scene_028,mixed,[],Pick up the red cup.,partial,vlm_direct,,,,1779005513.6054955,/home/haoandong/ask2act/services/a6000_web/artifacts/offline_experiments/top_cups_01/scenes/scene_028/observation.jpg,19d375fc-b8f0-4a51-a88b-6d3ea902ed93,finished,1,0,cand_001,5.26251745223999,1779211173.0638564,wrong,,1779005518.86796,,True,True,Pick up the red cup.,1,"{'plausible': ['cand_001'], 'eliminated': [], 'last_removed': []}",0,0,5.26251745223999,20,,,Pick up the red cup.,scene_028::Pick up the red cup.,pick up the red cup,0,1,0,0,0,1,cup,scene_028|partial,14,3,0.7857142857142857,7
trial_20260517_171205_3a2a4e,top_cups_01,main,scene_028,mixed,[],Pick up the center cup.,partial,vlm_direct,,,,1779005526.4557776,/home/haoandong/ask2act/services/a6000_web/artifacts/offline_experiments/top_cups_01/scenes/scene_028/observation.jpg,3d7e28ab-8728-4921-ac23-cb2d26b1e5d8,finished,2,0,cand_001,76.09812688827515,1779211192.3466308,wrong,,1779005602.5537755,ambiguity_not_solved,True,True,Pick up the center cup.,2,"{'plausible': ['cand_001'], 'eliminated': ['cand_002'], 'last_removed': ['cand_002']}",0,0,76.09812688827515,23,,,Pick up the center cup.,scene_028::Pick up the center cup.,pick up the center cup,0,0,1,0,0,1,cup,scene_028|partial,14,3,0.7857142857142857,6
trial_20260517_171333_69945a,top_cups_01,main,scene_028,mixed,[],Pick up my cup.,ambiguous,vlm_direct,,,,1779005614.7570496,/home/haoandong/ask2act/services/a6000_web/artifacts/offline_experiments/top_cups_01/scenes/scene_028/observation.jpg,9029f545-b2c6-46fa-b063-ebb06d19860f,finished,5,0,cand_001,92.96615481376648,1779005707.7234144,correct,,1779005707.7230577,,False,True,Pick up my cup.,5,"{'plausible': ['cand_001'], 'eliminated': ['cand_002', 'cand_003', 'cand_004', 'cand_005'], 'last_removed': ['cand_002', 'cand_003', 'cand_004', 'cand_005']}",1,0,92.96615481376648,15,,,Pick up my cup.,scene_028::Pick up my cup.,pick up my cup,1,0,0,0,0,1,cup,scene_028|ambiguous,13,2,0.8461538461538461,8
trial_20260517_171518_0b9671,top_cups_01,main,scene_028,mixed,[],Pick up my bottle.,ambiguous,vlm_direct,,,,1779005719.4742367,/home/haoandong/ask2act/services/a6000_web/artifacts/offline_experiments/top_cups_01/scenes/scene_028/observation.jpg,533c0437-e82f-4c1b-ae2b-0371698ef27c,finished,2,0,cand_001,75.5322585105896,1779005795.0067234,correct,,1779005795.0063634,,False,True,Pick up my bottle.,2,"{'plausible': ['cand_001'], 'eliminated': ['cand_002'], 'last_removed': ['cand_002']}",1,0,75.5322585105896,18,,,Pick up my bottle.,scene_028::Pick up my bottle.,pick up my bottle,1,0,0,0,0,1,bottle,scene_028|ambiguous,13,2,0.8461538461538461,5
trial_20260517_171718_265edb,top_cups_01,main,scene_028,mixed,[],Pick up my bottle.,ambiguous,first_question,,,,1779005839.26838,/home/haoandong/ask2act/services/a6000_web/artifacts/offline_experiments/top_cups_01/scenes/scene_028/observation.jpg,30b9d72d-976a-49b4-9701-cddb10c449a0,finished,2,1,cand_002,58.129000425338745,1779005897.3974593,correct,,1779005897.3973114,,False,True,Pick up my bottle.,2,"{'plausible': ['cand_002'], 'eliminated': ['cand_001'], 'last_removed': ['cand_001']}",1,1,58.129000425338745,18,,,Pick up my bottle.,scene_028::Pick up my bottle.,pick up my bottle,1,0,0,0,0,1,bottle,scene_028|ambiguous,13,2,0.8461538461538461,5
trial_20260517_172029_72414b,top_cups_01,main,scene_028,mixed,[],Pick up the center cup.,partial,first_question,,,,1779006030.7385547,/home/haoandong/ask2act/services/a6000_web/artifacts/offline_experiments/top_cups_01/scenes/scene_028/observation.jpg,b1041cf2-ee76-481a-9bbe-f29f816e3adf,finished,2,1,cand_002,20.313167810440063,1779006051.051946,correct,,1779006051.0515702,,False,True,Pick up the center cup.,2,"{'plausible': ['cand_002'], 'eliminated': ['cand_001'], 'last_removed': ['cand_001']}",1,1,20.313167810440063,23,,,Pick up the center cup.,scene_028::Pick up the center cup.,pick up the center cup,0,0,1,0,0,1,cup,scene_028|partial,14,3,0.7857142857142857,6
trial_20260517_172103_565e78,top_cups_01,main,scene_028,mixed,[],Pick up the red cup.,partial,first_question,,,,1779006064.1560323,/home/haoandong/ask2act/services/a6000_web/artifacts/offline_experiments/top_cups_01/scenes/scene_028/observation.jpg,785246be-aa78-4a3a-bdcb-5c185b69b105,finished,1,0,cand_001,44.61323428153992,1779211209.6280377,unresolved,,1779006108.7692132,wrong_object_selected,True,True,Pick up the red cup.,1,"{'plausible': ['cand_001'], 'eliminated': [], 'last_removed': []}",0,0,44.61323428153992,20,,,Pick up the red cup.,scene_028::Pick up the red cup.,pick up the red cup,0,1,0,0,0,1,cup,scene_028|partial,14,3,0.7857142857142857,7
trial_20260517_172203_d7ba0d,top_cups_01,main,scene_028,mixed,[],Pick up the red cup.,partial,random_question,,,,1779006124.268403,/home/haoandong/ask2act/services/a6000_web/artifacts/offline_experiments/top_cups_01/scenes/scene_028/observation.jpg,ed91dacb-d795-4bc0-ad21-d784d7f2c7a2,finished,1,0,cand_001,18.314472913742065,1779211219.5191464,unresolved,,1779006142.5828261,wrong_object_selected,True,True,Pick up the red cup.,1,"{'plausible': ['cand_001'], 'eliminated': [], 'last_removed': []}",0,0,18.314472913742065,20,,,Pick up the red cup.,scene_028::Pick up the red cup.,pick up the red cup,0,1,0,0,0,1,cup,scene_028|partial,14,3,0.7857142857142857,7
trial_20260517_172237_35a697,top_cups_01,main,scene_028,mixed,[],Pick up the center cup.,partial,random_question,,,,1779006158.4944773,/home/haoandong/ask2act/services/a6000_web/artifacts/offline_experiments/top_cups_01/scenes/scene_028/observation.jpg,5110fd9c-1555-4e3f-b353-bd38aa04978a,finished,2,1,cand_002,57.06919813156128,1779006215.5638018,correct,,1779006215.563482,,False,True,Pick up the center cup.,2,"{'plausible': ['cand_002'], 'eliminated': ['cand_001'], 'last_removed': ['cand_001']}",1,1,57.06919813156128,23,,,Pick up the center cup.,scene_028::Pick up the center cup.,pick up the center cup,0,0,1,0,0,1,cup,scene_028|partial,14,3,0.7857142857142857,6
trial_20260517_172349_c833f3,top_cups_01,main,scene_028,mixed,[],Pick up my cup.,ambiguous,random_question,,,,1779006230.3651605,/home/haoandong/ask2act/services/a6000_web/artifacts/offline_experiments/top_cups_01/scenes/scene_028/observation.jpg,92937d7a-f075-4782-a974-cc12c4422493,finished,5,0,,50.88118314743042,1779211294.382574,wrong,,1779006281.2462392,vlm_error,True,True,Pick up my cup.,5,"{'plausible': ['cand_001', 'cand_002', 'cand_003', 'cand_004', 'cand_005'], 'eliminated': [], 'last_removed': []}",0,0,50.88118314743042,15,,,Pick up my cup.,scene_028::Pick up my cup.,pick up my cup,1,0,0,0,0,1,cup,scene_028|ambiguous,13,2,0.8461538461538461,8
trial_20260517_172703_b2fe44,top_cups_01,main,scene_028,mixed,[],Pick up my cup.,ambiguous,random_question,,,,1779006428.9143364,/home/haoandong/ask2act/services/a6000_web/artifacts/offline_experiments/top_cups_01/scenes/scene_028/observation.jpg,ac62028c-0278-4936-99ca-8e8c275bd1b9,finished,5,4,cand_001,199.8311731815338,1779006628.7455804,correct,,1779006628.7454236,,False,True,Pick up my cup.,5,"{'plausible': ['cand_001'], 'eliminated': ['cand_002', 'cand_003', 'cand_004', 'cand_005'], 'last_removed': ['cand_005']}",1,4,199.8311731815338,15,,,Pick up my cup.,scene_028::Pick up my cup.,pick up my cup,1,0,0,0,0,1,cup,scene_028|ambiguous,13,2,0.8461538461538461,8
trial_20260517_173035_31a06b,top_cups_01,main,scene_028,mixed,[],Pick up my bottle.,ambiguous,random_question,,,,1779006636.8156438,/home/haoandong/ask2act/services/a6000_web/artifacts/offline_experiments/top_cups_01/scenes/scene_028/observation.jpg,cb5620cc-979e-450d-8da0-77bc23f85da3,finished,2,1,cand_002,65.95871019363403,1779006702.7744176,correct,,1779006702.774283,,False,True,Pick up my bottle.,2,"{'plausible': ['cand_002'], 'eliminated': ['cand_001'], 'last_removed': ['cand_001']}",1,1,65.95871019363403,18,,,Pick up my bottle.,scene_028::Pick up my bottle.,pick up my bottle,1,0,0,0,0,1,bottle,scene_028|ambiguous,13,2,0.8461538461538461,5
trial_20260517_173155_33e182,top_cups_01,main,scene_028,mixed,[],Pick up my bottle.,ambiguous,vlm_best_question,,,,1779006716.4009225,/home/haoandong/ask2act/services/a6000_web/artifacts/offline_experiments/top_cups_01/scenes/scene_028/observation.jpg,411cd057-70c8-4dd0-a7ce-e40953c6ff61,finished,2,1,cand_001,44.41485905647278,1779006760.815839,correct,,1779006760.8157196,,False,True,Pick up my bottle.,2,"{'plausible': ['cand_001'], 'eliminated': ['cand_002'], 'last_removed': ['cand_002']}",1,1,44.41485905647278,18,,,Pick up my bottle.,scene_028::Pick up my bottle.,pick up my bottle,1,0,0,0,0,1,bottle,scene_028|ambiguous,13,2,0.8461538461538461,5
trial_20260517_173303_59dfa5,top_cups_01,main,scene_028,mixed,[],Pick up my cup.,ambiguous,vlm_best_question,,,,1779006784.4189904,/home/haoandong/ask2act/services/a6000_web/artifacts/offline_experiments/top_cups_01/scenes/scene_028/observation.jpg,455f29d1-beda-4098-8f7b-66ae40568d22,finished,5,3,cand_003,216.3549726009369,1779007000.7741797,correct,,1779007000.773792,,False,True,Pick up my cup.,5,"{'plausible': ['cand_003'], 'eliminated': ['cand_001', 'cand_002', 'cand_004', 'cand_005'], 'last_removed': ['cand_005']}",1,3,216.3549726009369,15,,,Pick up my cup.,scene_028::Pick up my cup.,pick up my cup,1,0,0,0,0,1,cup,scene_028|ambiguous,13,2,0.8461538461538461,8
trial_20260517_173657_ee3736,top_cups_01,main,scene_028,mixed,[],Pick up the red cup.,partial,vlm_best_question,,,,1779007018.9217656,/home/haoandong/ask2act/services/a6000_web/artifacts/offline_experiments/top_cups_01/scenes/scene_028/observation.jpg,97385ed6-57a8-4681-a847-5032b12600a0,finished,1,0,cand_001,13.520730257034302,1779211308.0236638,unresolved,,1779007032.4423773,gd_missing_target_candidate,True,True,Pick up the red cup.,1,"{'plausible': ['cand_001'], 'eliminated': [], 'last_removed': []}",0,0,13.520730257034302,20,,,Pick up the red cup.,scene_028::Pick up the red cup.,pick up the red cup,0,1,0,0,0,1,cup,scene_028|partial,14,3,0.7857142857142857,7
trial_20260517_173721_31a519,top_cups_01,main,scene_028,mixed,[],Pick up the center cup.,partial,vlm_best_question,,,,1779007042.5289366,/home/haoandong/ask2act/services/a6000_web/artifacts/offline_experiments/top_cups_01/scenes/scene_028/observation.jpg,ecda2c77-5a6b-4b04-a66f-45d42afe3fab,finished,2,1,cand_002,59.04815864562988,1779007101.5773058,correct,,1779007101.5769534,,False,True,Pick up the center cup.,2,"{'plausible': ['cand_002'], 'eliminated': ['cand_001'], 'last_removed': ['cand_001']}",1,1,59.04815864562988,23,,,Pick up the center cup.,scene_028::Pick up the center cup.,pick up the center cup,0,0,1,0,0,1,cup,scene_028|partial,14,3,0.7857142857142857,6
trial_20260517_173830_d0971e,top_cups_01,main,scene_028,mixed,[],Pick up the center cup.,partial,proposed_efe,,,,1779007111.7667496,/home/haoandong/ask2act/services/a6000_web/artifacts/offline_experiments/top_cups_01/scenes/scene_028/observation.jpg,dbd42b28-1c55-4a4e-a3cb-682b4e69f921,finished,2,1,cand_002,52.19797134399414,1779007163.96493,correct,,1779007163.9645774,,False,True,Pick up the center cup.,2,"{'plausible': ['cand_002'], 'eliminated': ['cand_001'], 'last_removed': ['cand_001']}",1,1,52.19797134399414,23,,,Pick up the center cup.,scene_028::Pick up the center cup.,pick up the center cup,0,0,1,0,0,1,cup,scene_028|partial,14,3,0.7857142857142857,6
trial_20260517_173938_14c4b2,top_cups_01,main,scene_028,mixed,[],Pick up the red cup.,partial,proposed_efe,,,,1779007179.6371527,/home/haoandong/ask2act/services/a6000_web/artifacts/offline_experiments/top_cups_01/scenes/scene_028/observation.jpg,99ff5361-2291-42fb-bf36-53e4fbc9c495,finished,1,0,cand_001,19.778910160064697,1779211327.270285,unresolved,,1779007199.4159448,gd_missing_target_candidate,True,True,Pick up the red cup.,1,"{'plausible': ['cand_001'], 'eliminated': [], 'last_removed': []}",0,0,19.778910160064697,20,,,Pick up the red cup.,scene_028::Pick up the red cup.,pick up the red cup,0,1,0,0,0,1,cup,scene_028|partial,14,3,0.7857142857142857,7
trial_20260517_174011_541e08,top_cups_01,main,scene_028,mixed,[],Pick up my cup.,ambiguous,proposed_efe,,,,1779007211.8507025,/home/haoandong/ask2act/services/a6000_web/artifacts/offline_experiments/top_cups_01/scenes/scene_028/observation.jpg,731eb99d-bb5c-47b0-a3b0-eb581d2c005a,finished,5,2,cand_001,325.46657538414,1779007537.3175263,correct,,1779007537.3171232,,False,True,Pick up my cup.,5,"{'plausible': ['cand_001'], 'eliminated': ['cand_002', 'cand_003', 'cand_004', 'cand_005'], 'last_removed': ['cand_004']}",1,2,325.46657538414,15,,,Pick up my cup.,scene_028::Pick up my cup.,pick up my cup,1,0,0,0,0,1,cup,scene_028|ambiguous,13,2,0.8461538461538461,8
trial_20260517_174552_df9664,top_cups_01,main,scene_028,mixed,[],Pick up my bottle.,ambiguous,proposed_efe,,,,1779007553.631268,/home/haoandong/ask2act/services/a6000_web/artifacts/offline_experiments/top_cups_01/scenes/scene_028/observation.jpg,42997a53-77e8-4b30-bf99-a5fe03ddf49e,finished,2,1,cand_002,91.54685974121094,1779007645.178333,correct,,1779007645.1779864,,False,True,Pick up my bottle.,2,"{'plausible': ['cand_002'], 'eliminated': ['cand_001'], 'last_removed': ['cand_001']}",1,1,91.54685974121094,18,,,Pick up my bottle.,scene_028::Pick up my bottle.,pick up my bottle,1,0,0,0,0,1,bottle,scene_028|ambiguous,13,2,0.8461538461538461,5
trial_20260517_192456_60805b,top_cups_01,main,scene_029,mixed,[],Pick up the green cup.,clear,top_score,,,,1779013501.8641891,/home/haoandong/ask2act/services/a6000_web/artifacts/offline_experiments/top_cups_01/scenes/scene_029/observation.jpg,23302553-36d6-4b11-a2ee-8b036d83ad15,finished,1,0,cand_001,7.521125078201294,1779013509.3855245,correct,,1779013509.385195,,False,True,Pick up the green cup.,1,"{'plausible': ['cand_001'], 'eliminated': [], 'last_removed': []}",1,0,7.521125078201294,22,,,Pick up the green cup.,scene_029::Pick up the green cup.,pick up the green cup,0,1,0,0,0,1,cup,scene_029|clear,13,8,0.3846153846153846,4
trial_20260517_192634_94a2c9,top_cups_01,main,scene_029,mixed,[],Pick up the left cup.,clear,random_candidate,,,,1779013595.527955,/home/haoandong/ask2act/services/a6000_web/artifacts/offline_experiments/top_cups_01/scenes/scene_029/observation.jpg,505b3209-f638-4470-9e12-047b7a018953,finished,1,0,cand_001,8.08680248260498,1779013603.6149666,correct,,1779013603.614632,,False,True,Pick up the left cup.,1,"{'plausible': ['cand_001'], 'eliminated': [], 'last_removed': []}",1,0,8.08680248260498,21,,,Pick up the left cup.,scene_029::Pick up the left cup.,pick up the left cup,0,0,1,0,0,1,cup,scene_029|clear,13,8,0.3846153846153846,2
trial_20260517_192749_974d43,top_cups_01,main,scene_029,mixed,[],Pick up the green fork.,clear,random_candidate,,,,1779013670.3956685,/home/haoandong/ask2act/services/a6000_web/artifacts/offline_experiments/top_cups_01/scenes/scene_029/observation.jpg,a87a94c3-3220-45a4-a0c6-32720528cb74,finished,1,0,cand_001,3.280414581298828,1779013673.6762886,correct,,1779013673.675964,,False,True,Pick up the green fork.,1,"{'plausible': ['cand_001'], 'eliminated': [], 'last_removed': []}",1,0,3.280414581298828,23,,,Pick up the green fork.,scene_029::Pick up the green fork.,pick up the green fork,0,1,0,0,0,1,fork,scene_029|clear,13,8,0.3846153846153846,1
trial_20260517_192831_ab4fef,top_cups_01,main,scene_029,mixed,[],Pick up the blue fork.,clear,vlm_direct,,,,1779013712.1363702,/home/haoandong/ask2act/services/a6000_web/artifacts/offline_experiments/top_cups_01/scenes/scene_029/observation.jpg,05c078d8-404b-4515-8f5e-47a88f38e1c8,finished,2,0,cand_001,61.178022146224976,1779211390.200101,wrong,,1779013773.3142598,ambiguity_not_solved,True,True,Pick up the blue fork.,2,"{'plausible': ['cand_001'], 'eliminated': ['cand_002'], 'last_removed': ['cand_002']}",0,0,61.178022146224976,22,,,Pick up the blue fork.,scene_029::Pick up the blue fork.,pick up the blue fork,0,1,0,0,0,1,fork,scene_029|clear,13,8,0.3846153846153846,1
trial_20260517_193003_677ba2,top_cups_01,main,scene_029,mixed,[],Pick up the red fork.,clear,vlm_direct,,,,1779013804.1565685,/home/haoandong/ask2act/services/a6000_web/artifacts/offline_experiments/top_cups_01/scenes/scene_029/observation.jpg,d7858931-9be7-428b-8920-f01be561d1eb,finished,1,0,cand_001,12.019530296325684,1779013816.1763093,correct,,1779013816.1759825,,False,True,Pick up the red fork.,1,"{'plausible': ['cand_001'], 'eliminated': [], 'last_removed': []}",1,0,12.019530296325684,21,,,Pick up the red fork.,scene_029::Pick up the red fork.,pick up the red fork,0,1,0,0,0,1,fork,scene_029|clear,13,8,0.3846153846153846,1
trial_20260517_193034_d8be2e,top_cups_01,main,scene_029,mixed,[],Pick up the cyan spoon.,clear,first_question,,,,1779013835.8095982,/home/haoandong/ask2act/services/a6000_web/artifacts/offline_experiments/top_cups_01/scenes/scene_029/observation.jpg,c6bb9003-f078-468f-a769-4d64c84d43ca,finished,1,0,cand_001,7.524961233139038,1779013843.3347666,correct,,1779013843.3344424,,False,True,Pick up the cyan spoon.,1,"{'plausible': ['cand_001'], 'eliminated': [], 'last_removed': []}",1,0,7.524961233139038,23,,,Pick up the cyan spoon.,scene_029::Pick up the cyan spoon.,pick up the cyan spoon,0,0,0,0,0,0,spoon,scene_029|clear,13,8,0.3846153846153846,1
trial_20260517_193054_f0e4ca,top_cups_01,main,scene_029,mixed,[],Pick up the red spoon.,clear,first_question,,,,1779013855.579224,/home/haoandong/ask2act/services/a6000_web/artifacts/offline_experiments/top_cups_01/scenes/scene_029/observation.jpg,2e16c00d-1d75-45f7-b17d-e0cfcb079d30,finished,1,0,cand_001,15.59728717803955,1779013871.1767144,correct,,1779013871.1763918,,False,True,Pick up the red spoon.,1,"{'plausible': ['cand_001'], 'eliminated': [], 'last_removed': []}",1,0,15.59728717803955,22,,,Pick up the red spoon.,scene_029::Pick up the red spoon.,pick up the red spoon,0,1,0,0,0,1,spoon,scene_029|clear,13,8,0.3846153846153846,1
trial_20260517_193151_1d11ed,top_cups_01,main,scene_029,mixed,[],Pick up the left cup.,clear,random_question,,,,1779013912.9508517,/home/haoandong/ask2act/services/a6000_web/artifacts/offline_experiments/top_cups_01/scenes/scene_029/observation.jpg,34b0c50c-ecba-4c74-8a26-2bfef51f9bf5,finished,1,0,cand_001,2.8662614822387695,1779013915.8173184,correct,,1779013915.8169925,,False,True,Pick up the left cup.,1,"{'plausible': ['cand_001'], 'eliminated': [], 'last_removed': []}",1,0,2.8662614822387695,21,,,Pick up the left cup.,scene_029::Pick up the left cup.,pick up the left cup,0,0,1,0,0,1,cup,scene_029|clear,13,8,0.3846153846153846,2
trial_20260517_193204_c8fe9d,top_cups_01,main,scene_029,mixed,[],Pick up the blue cup.,clear,random_question,,,,1779013925.415635,/home/haoandong/ask2act/services/a6000_web/artifacts/offline_experiments/top_cups_01/scenes/scene_029/observation.jpg,238cad84-a646-4515-bc15-688436714276,finished,1,0,cand_001,4.096907377243042,1779013929.5127456,correct,,1779013929.5124214,,False,True,Pick up the blue cup.,1,"{'plausible': ['cand_001'], 'eliminated': [], 'last_removed': []}",1,0,4.096907377243042,21,,,Pick up the blue cup.,scene_029::Pick up the blue cup.,pick up the blue cup,0,1,0,0,0,1,cup,scene_029|clear,13,8,0.3846153846153846,2
trial_20260517_193213_c3124e,top_cups_01,main,scene_029,mixed,[],Pick up the blue cup.,clear,vlm_best_question,,,,1779013934.6704018,/home/haoandong/ask2act/services/a6000_web/artifacts/offline_experiments/top_cups_01/scenes/scene_029/observation.jpg,290d736f-0d4d-4e41-8298-bc7a81c12279,finished,1,0,cand_001,12.22851276397705,1779013946.8991184,correct,,1779013946.8987954,,False,True,Pick up the blue cup.,1,"{'plausible': ['cand_001'], 'eliminated': [], 'last_removed': []}",1,0,12.22851276397705,21,,,Pick up the blue cup.,scene_029::Pick up the blue cup.,pick up the blue cup,0,1,0,0,0,1,cup,scene_029|clear,13,8,0.3846153846153846,2
trial_20260517_193235_447ab0,top_cups_01,main,scene_029,mixed,[],Pick up the green cup.,clear,vlm_best_question,,,,1779013956.2518754,/home/haoandong/ask2act/services/a6000_web/artifacts/offline_experiments/top_cups_01/scenes/scene_029/observation.jpg,75a00807-26ab-4d3f-9ad7-9cea353794b7,finished,1,0,cand_001,17.181032180786133,1779013973.4331112,correct,,1779013973.432788,,False,True,Pick up the green cup.,1,"{'plausible': ['cand_001'], 'eliminated': [], 'last_removed': []}",1,0,17.181032180786133,22,,,Pick up the green cup.,scene_029::Pick up the green cup.,pick up the green cup,0,1,0,0,0,1,cup,scene_029|clear,13,8,0.3846153846153846,4
trial_20260517_193306_af3551,top_cups_01,main,scene_029,mixed,[],Pick up the green cup.,clear,proposed_efe,,,,1779013988.1387856,/home/haoandong/ask2act/services/a6000_web/artifacts/offline_experiments/top_cups_01/scenes/scene_029/observation.jpg,e1a508fc-9637-40a8-a233-fe5cb56b1bf4,finished,1,0,cand_001,2.3513307571411133,1779013990.4903193,correct,,1779013990.4899988,,False,True,Pick up the green cup.,1,"{'plausible': ['cand_001'], 'eliminated': [], 'last_removed': []}",1,0,2.3513307571411133,22,,,Pick up the green cup.,scene_029::Pick up the green cup.,pick up the green cup,0,1,0,0,0,1,cup,scene_029|clear,13,8,0.3846153846153846,4
trial_20260517_193311_34f0c0,top_cups_01,main,scene_029,mixed,[],Pick up the green cup.,clear,proposed_efe,,,,1779013992.6145468,/home/haoandong/ask2act/services/a6000_web/artifacts/offline_experiments/top_cups_01/scenes/scene_029/observation.jpg,00d238c9-4c13-4a55-86c0-1bee17656035,finished,1,0,cand_001,3.0057859420776367,1779013995.6205127,correct,,1779013995.6202228,,False,True,Pick up the green cup.,1,"{'plausible': ['cand_001'], 'eliminated': [], 'last_removed': []}",1,0,3.0057859420776367,22,,,Pick up the green cup.,scene_029::Pick up the green cup.,pick up the green cup,0,1,0,0,0,1,cup,scene_029|clear,13,8,0.3846153846153846,4
trial_20260517_193418_1a90ef,top_cups_01,main,scene_029,mixed,[],Pick up center cup.,partial,top_score,,,,1779014060.1601913,/home/haoandong/ask2act/services/a6000_web/artifacts/offline_experiments/top_cups_01/scenes/scene_029/observation.jpg,8d25b291-415d-4120-82f7-83e4e25aa085,finished,1,0,cand_001,6.325897932052612,1779211484.822267,wrong,,1779014066.4859707,wrong_object_selected,True,True,Pick up center cup.,1,"{'plausible': ['cand_001'], 'eliminated': [], 'last_removed': []}",0,0,6.325897932052612,19,,,Pick up center cup.,scene_029::Pick up center cup.,pick up center cup,0,0,1,0,0,1,cup,scene_029|partial,13,5,0.6153846153846154,1
trial_20260517_193439_9b6cb7,top_cups_01,main,scene_029,mixed,[],Pick up right cup.,partial,top_score,,,,1779014080.2999077,/home/haoandong/ask2act/services/a6000_web/artifacts/offline_experiments/top_cups_01/scenes/scene_029/observation.jpg,3f8ed67b-91b1-4322-be7b-fc8f5c3086b3,finished,1,0,cand_001,2.881392240524292,1779014083.1815171,correct,,1779014083.1811814,,False,True,Pick up right cup.,1,"{'plausible': ['cand_001'], 'eliminated': [], 'last_removed': []}",1,0,2.881392240524292,18,,,Pick up right cup.,scene_029::Pick up right cup.,pick up right cup,0,0,1,0,0,1,cup,scene_029|partial,13,5,0.6153846153846154,1
trial_20260517_193458_2e0442,top_cups_01,main,scene_029,mixed,[],Pick up my cup.,ambiguous,top_score,,,,1779014098.8938122,/home/haoandong/ask2act/services/a6000_web/artifacts/offline_experiments/top_cups_01/scenes/scene_029/observation.jpg,6b300146-b05f-452e-b64e-c6380604e235,finished,5,0,cand_001,6.508289098739624,1779211497.0027118,wrong,,1779014105.4019613,,True,True,Pick up my cup.,5,"{'plausible': ['cand_001'], 'eliminated': ['cand_002', 'cand_003', 'cand_004', 'cand_005'], 'last_removed': ['cand_002', 'cand_003', 'cand_004', 'cand_005']}",0,0,6.508289098739624,15,,,Pick up my cup.,scene_029::Pick up my cup.,pick up my cup,1,0,0,0,0,1,cup,scene_029|ambiguous,12,3,0.75,6
trial_20260517_193515_24b805,top_cups_01,main,scene_029,mixed,[],Pick up my fork.,ambiguous,top_score,,,,1779014116.2016985,/home/haoandong/ask2act/services/a6000_web/artifacts/offline_experiments/top_cups_01/scenes/scene_029/observation.jpg,8e45c693-ef56-4d99-b6ca-dcdcf5688d1a,finished,3,0,cand_006,15.313606262207031,1779014131.5155067,correct,,1779014131.5151684,,False,True,Pick up my fork.,3,"{'plausible': ['cand_006'], 'eliminated': ['cand_007', 'cand_008'], 'last_removed': ['cand_007', 'cand_008']}",1,0,15.313606262207031,16,,,Pick up my fork.,scene_029::Pick up my fork.,pick up my fork,1,0,0,0,0,1,fork,scene_029|ambiguous,12,3,0.75,5
trial_20260517_193554_8823d1,top_cups_01,main,scene_029,mixed,[],Pick up my fork.,ambiguous,random_candidate,,,,1779014155.247078,/home/haoandong/ask2act/services/a6000_web/artifacts/offline_experiments/top_cups_01/scenes/scene_029/observation.jpg,77bf3d43-3237-4d6c-9271-a6c99b2980e2,finished,3,0,cand_006,9.011410474777222,1779211505.184207,wrong,,1779014164.2583506,ambiguity_not_solved,True,True,Pick up my fork.,3,"{'plausible': ['cand_006'], 'eliminated': ['cand_007', 'cand_008'], 'last_removed': ['cand_007', 'cand_008']}",0,0,9.011410474777222,16,,,Pick up my fork.,scene_029::Pick up my fork.,pick up my fork,1,0,0,0,0,1,fork,scene_029|ambiguous,12,3,0.75,5
trial_20260517_193617_a6a4b2,top_cups_01,main,scene_029,mixed,[],Pick up my cup.,ambiguous,random_candidate,,,,1779014178.5537026,/home/haoandong/ask2act/services/a6000_web/artifacts/offline_experiments/top_cups_01/scenes/scene_029/observation.jpg,90746770-ee54-459c-a486-5fc496326dbc,finished,5,0,cand_004,3.5021960735321045,1779014182.0561187,wrong,,1779014182.0557468,,False,True,Pick up my cup.,5,"{'plausible': ['cand_004'], 'eliminated': ['cand_001', 'cand_002', 'cand_003', 'cand_005'], 'last_removed': ['cand_001', 'cand_002', 'cand_003', 'cand_005']}",0,0,3.5021960735321045,15,,,Pick up my cup.,scene_029::Pick up my cup.,pick up my cup,1,0,0,0,0,1,cup,scene_029|ambiguous,12,3,0.75,6
trial_20260517_193653_c53d03,top_cups_01,main,scene_029,mixed,[],Pick up the right cup.,partial,random_candidate,,,,1779014214.5539935,/home/haoandong/ask2act/services/a6000_web/artifacts/offline_experiments/top_cups_01/scenes/scene_029/observation.jpg,ab9168a0-86e4-4075-a54b-c17c1e3aba68,finished,1,0,cand_001,4.046632766723633,1779014218.6008344,correct,,1779014218.600508,,False,True,Pick up the right cup.,1,"{'plausible': ['cand_001'], 'eliminated': [], 'last_removed': []}",1,0,4.046632766723633,22,,,Pick up the right cup.,scene_029::Pick up the right cup.,pick up the right cup,0,0,1,0,0,1,cup,scene_029|partial,13,5,0.6153846153846154,5
trial_20260517_193724_2995d3,top_cups_01,main,scene_029,mixed,[],Pick up the center cup.,partial,random_candidate,,,,1779014246.003538,/home/haoandong/ask2act/services/a6000_web/artifacts/offline_experiments/top_cups_01/scenes/scene_029/observation.jpg,05240f02-be43-4711-a364-e6c88461b915,finished,1,0,cand_001,9.413736820220947,1779211544.6881616,wrong,,1779014255.4171548,wrong_object_selected,True,True,Pick up the center cup.,1,"{'plausible': ['cand_001'], 'eliminated': [], 'last_removed': []}",0,0,9.413736820220947,23,,,Pick up the center cup.,scene_029::Pick up the center cup.,pick up the center cup,0,0,1,0,0,1,cup,scene_029|partial,13,5,0.6153846153846154,2
trial_20260517_193753_edd5ec,top_cups_01,main,scene_029,mixed,[],Pick up the center cup.,partial,vlm_direct,,,,1779014274.6859505,/home/haoandong/ask2act/services/a6000_web/artifacts/offline_experiments/top_cups_01/scenes/scene_029/observation.jpg,16132134-0f71-4dff-88d4-00433280226f,finished,1,0,cand_001,8.722185611724854,1779211549.8702962,wrong,,1779014283.4080186,wrong_object_selected,True,True,Pick up the center cup.,1,"{'plausible': ['cand_001'], 'eliminated': [], 'last_removed': []}",0,0,8.722185611724854,23,,,Pick up the center cup.,scene_029::Pick up the center cup.,pick up the center cup,0,0,1,0,0,1,cup,scene_029|partial,13,5,0.6153846153846154,2
trial_20260517_193822_fa655f,top_cups_01,main,scene_029,mixed,[],Pick up the right cup.,partial,vlm_direct,,,,1779014303.7513523,/home/haoandong/ask2act/services/a6000_web/artifacts/offline_experiments/top_cups_01/scenes/scene_029/observation.jpg,949db09b-2753-479e-a0c6-c13d02eac04f,finished,1,0,cand_001,2.9548182487487793,1779014306.70638,correct,,1779014306.7060525,,False,True,Pick up the right cup.,1,"{'plausible': ['cand_001'], 'eliminated': [], 'last_removed': []}",1,0,2.9548182487487793,22,,,Pick up the right cup.,scene_029::Pick up the right cup.,pick up the right cup,0,0,1,0,0,1,cup,scene_029|partial,13,5,0.6153846153846154,5
trial_20260517_193833_2ec1ba,top_cups_01,main,scene_029,mixed,[],Pick up the my cup.,ambiguous,vlm_direct,,,,1779014314.1877837,/home/haoandong/ask2act/services/a6000_web/artifacts/offline_experiments/top_cups_01/scenes/scene_029/observation.jpg,21687204-145e-42c5-b073-0b5815eb8b8f,finished,5,0,cand_003,90.64127969741821,1779211581.2362466,wrong,,1779014404.828916,,True,True,Pick up the my cup.,5,"{'plausible': ['cand_003'], 'eliminated': ['cand_001', 'cand_002', 'cand_004', 'cand_005'], 'last_removed': ['cand_001', 'cand_002', 'cand_004', 'cand_005']}",0,0,90.64127969741821,19,,,Pick up the my cup.,scene_029::Pick up the my cup.,pick up the my cup,1,0,0,0,0,1,cup,scene_029|ambiguous,12,3,0.75,1
trial_20260517_194026_90a390,top_cups_01,main,scene_029,mixed,[],Pick up my fork.,ambiguous,vlm_direct,,,,1779014427.5574439,/home/haoandong/ask2act/services/a6000_web/artifacts/offline_experiments/top_cups_01/scenes/scene_029/observation.jpg,9ee34e27-bffd-460d-a4d3-9642acd1c8ee,finished,3,0,cand_006,110.8125433921814,1779014538.3701942,correct,,1779014538.3698518,,False,True,Pick up my fork.,3,"{'plausible': ['cand_006'], 'eliminated': ['cand_007', 'cand_008'], 'last_removed': ['cand_007', 'cand_008']}",1,0,110.8125433921814,16,,,Pick up my fork.,scene_029::Pick up my fork.,pick up my fork,1,0,0,0,0,1,fork,scene_029|ambiguous,12,3,0.75,5
trial_20260517_194233_0cdb3f,top_cups_01,main,scene_029,mixed,[],Pick up my fork.,ambiguous,first_question,,,,1779014554.8073761,/home/haoandong/ask2act/services/a6000_web/artifacts/offline_experiments/top_cups_01/scenes/scene_029/observation.jpg,b11f4780-681a-4eb2-9d1c-332798b010e5,finished,3,2,cand_007,185.38700008392334,1779014740.1945865,correct,,1779014740.1942186,,False,True,Pick up my fork.,3,"{'plausible': ['cand_007'], 'eliminated': ['cand_006', 'cand_008'], 'last_removed': ['cand_008']}",1,2,185.38700008392334,16,,,Pick up my fork.,scene_029::Pick up my fork.,pick up my fork,1,0,0,0,0,1,fork,scene_029|ambiguous,12,3,0.75,5
trial_20260517_194557_4e6fc9,top_cups_01,main,scene_029,mixed,[],Pick up my cup.,ambiguous,first_question,,,,1779014758.7689936,/home/haoandong/ask2act/services/a6000_web/artifacts/offline_experiments/top_cups_01/scenes/scene_029/observation.jpg,eff578e5-337a-41f2-a248-507242b06239,finished,5,3,cand_003,116.98502779006958,1779014875.7542372,correct,,1779014875.7538478,,False,True,Pick up my cup.,5,"{'plausible': ['cand_003'], 'eliminated': ['cand_001', 'cand_002', 'cand_004', 'cand_005'], 'last_removed': ['cand_001']}",1,3,116.98502779006958,15,,,Pick up my cup.,scene_029::Pick up my cup.,pick up my cup,1,0,0,0,0,1,cup,scene_029|ambiguous,12,3,0.75,6
trial_20260517_194808_0b1888,top_cups_01,main,scene_029,mixed,[],Pick up the right cup.,partial,first_question,,,,1779014889.5513198,/home/haoandong/ask2act/services/a6000_web/artifacts/offline_experiments/top_cups_01/scenes/scene_029/observation.jpg,b256ee68-e49c-435b-9f92-1ad8177dbad5,finished,1,0,cand_001,22.50928544998169,1779014912.0608032,correct,,1779014912.060482,,False,True,Pick up the right cup.,1,"{'plausible': ['cand_001'], 'eliminated': [], 'last_removed': []}",1,0,22.50928544998169,22,,,Pick up the right cup.,scene_029::Pick up the right cup.,pick up the right cup,0,0,1,0,0,1,cup,scene_029|partial,13,5,0.6153846153846154,5
trial_20260517_194842_5d3d53,top_cups_01,main,scene_029,mixed,[],Pick up the red cup.,partial,first_question,,,,1779014923.2463994,/home/haoandong/ask2act/services/a6000_web/artifacts/offline_experiments/top_cups_01/scenes/scene_029/observation.jpg,fee3fd36-483e-4e30-baac-8d9bc1c44494,finished,1,0,cand_001,46.68458819389343,1779211606.754154,unresolved,,1779014969.9308615,gd_missing_target_candidate,True,True,Pick up the red cup.,1,"{'plausible': ['cand_001'], 'eliminated': [], 'last_removed': []}",0,0,46.68458819389343,20,,,Pick up the red cup.,scene_029::Pick up the red cup.,pick up the red cup,0,1,0,0,0,1,cup,scene_029|partial,13,5,0.6153846153846154,4
trial_20260517_194940_ee1388,top_cups_01,main,scene_029,mixed,[],Pick up the red cup.,partial,random_question,,,,1779014981.1494997,/home/haoandong/ask2act/services/a6000_web/artifacts/offline_experiments/top_cups_01/scenes/scene_029/observation.jpg,d9dc7887-1bed-42ad-923d-d584ffae0d17,finished,1,0,cand_001,33.81823515892029,1779211617.4561276,unresolved,,1779015014.9676147,gd_missing_target_candidate,True,True,Pick up the red cup.,1,"{'plausible': ['cand_001'], 'eliminated': [], 'last_removed': []}",0,0,33.81823515892029,20,,,Pick up the red cup.,scene_029::Pick up the red cup.,pick up the red cup,0,1,0,0,0,1,cup,scene_029|partial,13,5,0.6153846153846154,4
trial_20260517_195140_285c7c,top_cups_01,main,scene_029,mixed,[],Pick up my cup.,ambiguous,random_question,,,,1779015101.342163,/home/haoandong/ask2act/services/a6000_web/artifacts/offline_experiments/top_cups_01/scenes/scene_029/observation.jpg,4bb43ac6-effa-4d07-ab5b-e51451f4fb96,finished,5,4,cand_002,208.0157346725464,1779015309.358118,correct,,1779015309.3577168,,False,True,Pick up my cup.,5,"{'plausible': ['cand_002'], 'eliminated': ['cand_001', 'cand_003', 'cand_004', 'cand_005'], 'last_removed': ['cand_004']}",1,4,208.0157346725464,15,,,Pick up my cup.,scene_029::Pick up my cup.,pick up my cup,1,0,0,0,0,1,cup,scene_029|ambiguous,12,3,0.75,6
trial_20260517_195538_129e88,top_cups_01,main,scene_029,mixed,[],Pick up my cup.,ambiguous,vlm_best_question,,,,1779015338.9298303,/home/haoandong/ask2act/services/a6000_web/artifacts/offline_experiments/top_cups_01/scenes/scene_029/observation.jpg,09bf2b9b-d025-4d21-9e23-668282936c69,finished,5,2,cand_002,117.72733211517334,1779015456.6573827,correct,,1779015456.6569924,,False,True,Pick up my cup.,5,"{'plausible': ['cand_002'], 'eliminated': ['cand_001', 'cand_003', 'cand_004', 'cand_005'], 'last_removed': ['cand_004']}",1,2,117.72733211517334,15,,,Pick up my cup.,scene_029::Pick up my cup.,pick up my cup,1,0,0,0,0,1,cup,scene_029|ambiguous,12,3,0.75,6
trial_20260517_195746_22f1c5,top_cups_01,main,scene_029,mixed,[],Pick up my fork.,ambiguous,vlm_best_question,,,,1779015467.963924,/home/haoandong/ask2act/services/a6000_web/artifacts/offline_experiments/top_cups_01/scenes/scene_029/observation.jpg,cd1a0c41-7456-4c25-80a3-591928f6842e,finished,3,2,cand_007,89.40587496757507,1779015557.3700154,correct,,1779015557.3696525,,False,True,Pick up my fork.,3,"{'plausible': ['cand_007'], 'eliminated': ['cand_006', 'cand_008'], 'last_removed': ['cand_008']}",1,2,89.40587496757507,16,,,Pick up my fork.,scene_029::Pick up my fork.,pick up my fork,1,0,0,0,0,1,fork,scene_029|ambiguous,12,3,0.75,5
trial_20260517_195936_43e5a1,top_cups_01,main,scene_029,mixed,[],Pick up the red cup.,partial,vlm_best_question,,,,1779015577.7997792,/home/haoandong/ask2act/services/a6000_web/artifacts/offline_experiments/top_cups_01/scenes/scene_029/observation.jpg,85a17656-9cad-4c6d-8ec6-0a11b2dad0d4,finished,1,0,cand_001,25.207693099975586,1779211638.4855115,unresolved,,1779015603.0073497,gd_missing_target_candidate,True,True,Pick up the red cup.,1,"{'plausible': ['cand_001'], 'eliminated': [], 'last_removed': []}",0,0,25.207693099975586,20,,,Pick up the red cup.,scene_029::Pick up the red cup.,pick up the red cup,0,1,0,0,0,1,cup,scene_029|partial,13,5,0.6153846153846154,4
trial_20260517_200044_0a95d3,top_cups_01,main,scene_029,mixed,[],Pick up the right cup.,partial,vlm_best_question,,,,1779015645.2997577,/home/haoandong/ask2act/services/a6000_web/artifacts/offline_experiments/top_cups_01/scenes/scene_029/observation.jpg,315bc740-0015-49b6-9254-9bdf028c75b0,finished,1,0,cand_001,21.101815223693848,1779015666.4017775,correct,,1779015666.4014523,,False,True,Pick up the right cup.,1,"{'plausible': ['cand_001'], 'eliminated': [], 'last_removed': []}",1,0,21.101815223693848,22,,,Pick up the right cup.,scene_029::Pick up the right cup.,pick up the right cup,0,0,1,0,0,1,cup,scene_029|partial,13,5,0.6153846153846154,5
trial_20260517_200127_ddec50,top_cups_01,main,scene_029,mixed,[],Pick up the right cup.,partial,proposed_efe,,,,1779015688.3131566,/home/haoandong/ask2act/services/a6000_web/artifacts/offline_experiments/top_cups_01/scenes/scene_029/observation.jpg,41b93ce7-fe53-4686-bcb5-1a7622b639c6,finished,1,0,cand_001,37.6915397644043,1779015726.0048888,correct,,1779015726.0045767,,False,True,Pick up the right cup.,1,"{'plausible': ['cand_001'], 'eliminated': [], 'last_removed': []}",1,0,37.6915397644043,22,,,Pick up the right cup.,scene_029::Pick up the right cup.,pick up the right cup,0,0,1,0,0,1,cup,scene_029|partial,13,5,0.6153846153846154,5
trial_20260517_200214_83c29f,top_cups_01,main,scene_029,mixed,[],Pick up the red cup.,partial,proposed_efe,,,,1779015735.5904164,/home/haoandong/ask2act/services/a6000_web/artifacts/offline_experiments/top_cups_01/scenes/scene_029/observation.jpg,0de0ba2e-e96d-4baa-9b3a-943480121af4,finished,1,0,cand_001,38.55763292312622,1779211652.3351378,unresolved,,1779015774.1479325,gd_missing_target_candidate,True,True,Pick up the red cup.,1,"{'plausible': ['cand_001'], 'eliminated': [], 'last_removed': []}",0,0,38.55763292312622,20,,,Pick up the red cup.,scene_029::Pick up the red cup.,pick up the red cup,0,1,0,0,0,1,cup,scene_029|partial,13,5,0.6153846153846154,4
trial_20260517_200303_6ab3d1,top_cups_01,main,scene_029,mixed,[],Pick up my cup.,ambiguous,proposed_efe,,,,1779015783.87641,/home/haoandong/ask2act/services/a6000_web/artifacts/offline_experiments/top_cups_01/scenes/scene_029/observation.jpg,8e198317-0ea3-4c26-a92c-05657cfbdd1a,finished,5,2,cand_002,117.52677583694458,1779015901.4034069,correct,,1779015901.4030178,,False,True,Pick up my cup.,5,"{'plausible': ['cand_002'], 'eliminated': ['cand_001', 'cand_003', 'cand_004', 'cand_005'], 'last_removed': ['cand_004']}",1,2,117.52677583694458,15,,,Pick up my cup.,scene_029::Pick up my cup.,pick up my cup,1,0,0,0,0,1,cup,scene_029|ambiguous,12,3,0.75,6
trial_20260517_200801_29caee,top_cups_01,main,scene_030,mixed,[],Pick up the green bottle.,clear,top_score,,,,1779016082.9830503,/home/haoandong/ask2act/services/a6000_web/artifacts/offline_experiments/top_cups_01/scenes/scene_030/observation.jpg,65abc9d8-045e-448f-bb48-b536a011edf1,finished,1,0,cand_001,5.874583959579468,1779016088.8578317,correct,,1779016088.8575168,,False,True,Pick up the green bottle.,1,"{'plausible': ['cand_001'], 'eliminated': [], 'last_removed': []}",1,0,5.874583959579468,25,,,Pick up the green bottle.,scene_030::Pick up the green bottle.,pick up the green bottle,0,1,0,0,0,1,bottle,scene_030|clear,11,10,0.09090909090909094,2
trial_20260517_200842_4e743f,top_cups_01,main,scene_030,mixed,[],Pick up the blue bottle.,clear,random_candidate,,,,1779016124.0579498,/home/haoandong/ask2act/services/a6000_web/artifacts/offline_experiments/top_cups_01/scenes/scene_030/observation.jpg,df76a55c-c4d8-4ec1-882d-4af1e7c249b8,finished,1,0,cand_001,6.012613534927368,1779016130.070782,correct,,1779016130.0704436,,False,True,Pick up the blue bottle.,1,"{'plausible': ['cand_001'], 'eliminated': [], 'last_removed': []}",1,0,6.012613534927368,24,,,Pick up the blue bottle.,scene_030::Pick up the blue bottle.,pick up the blue bottle,0,1,0,0,0,1,bottle,scene_030|clear,11,10,0.09090909090909094,1
trial_20260517_200901_7a96da,top_cups_01,main,scene_030,mixed,[],Pick up the blue fork.,clear,random_candidate,,,,1779016142.6984363,/home/haoandong/ask2act/services/a6000_web/artifacts/offline_experiments/top_cups_01/scenes/scene_030/observation.jpg,4614baee-835e-4c9b-b13c-aacdc45b2b3f,finished,1,0,cand_001,3.707200050354004,1779016146.4058404,correct,,1779016146.405521,,False,True,Pick up the blue fork.,1,"{'plausible': ['cand_001'], 'eliminated': [], 'last_removed': []}",1,0,3.707200050354004,22,,,Pick up the blue fork.,scene_030::Pick up the blue fork.,pick up the blue fork,0,1,0,0,0,1,fork,scene_030|clear,11,10,0.09090909090909094,1
trial_20260517_200915_3b9d9b,top_cups_01,main,scene_030,mixed,[],Pick up the red fork.,clear,vlm_direct,,,,1779016156.6884234,/home/haoandong/ask2act/services/a6000_web/artifacts/offline_experiments/top_cups_01/scenes/scene_030/observation.jpg,a99930d6-d6e4-4830-8c46-16a9fe9bc0fa,finished,1,0,cand_001,3.2525784969329834,1779016159.9412034,correct,,1779016159.9408813,,False,True,Pick up the red fork.,1,"{'plausible': ['cand_001'], 'eliminated': [], 'last_removed': []}",1,0,3.2525784969329834,21,,,Pick up the red fork.,scene_030::Pick up the red fork.,pick up the red fork,0,1,0,0,0,1,fork,scene_030|clear,11,10,0.09090909090909094,1
trial_20260517_200936_59ffb2,top_cups_01,main,scene_030,mixed,[],Pick up the green fork.,clear,vlm_direct,,,,1779016177.2450988,/home/haoandong/ask2act/services/a6000_web/artifacts/offline_experiments/top_cups_01/scenes/scene_030/observation.jpg,e569d475-16e8-4402-911e-09790937a6f8,finished,1,0,cand_001,3.3017284870147705,1779016180.5470264,correct,,1779016180.546708,,False,True,Pick up the green fork.,1,"{'plausible': ['cand_001'], 'eliminated': [], 'last_removed': []}",1,0,3.3017284870147705,23,,,Pick up the green fork.,scene_030::Pick up the green fork.,pick up the green fork,0,1,0,0,0,1,fork,scene_030|clear,11,10,0.09090909090909094,1
trial_20260517_201019_cc6820,top_cups_01,main,scene_030,mixed,[],Pick up the cyan spoon.,clear,first_question,,,,1779016220.7853065,/home/haoandong/ask2act/services/a6000_web/artifacts/offline_experiments/top_cups_01/scenes/scene_030/observation.jpg,9af73339-a4d7-4571-9c1a-b9839f0cd660,finished,1,0,cand_001,3.3606455326080322,1779016224.146153,correct,,1779016224.1458356,,False,True,Pick up the cyan spoon.,1,"{'plausible': ['cand_001'], 'eliminated': [], 'last_removed': []}",1,0,3.3606455326080322,23,,,Pick up the cyan spoon.,scene_030::Pick up the cyan spoon.,pick up the cyan spoon,0,0,0,0,0,0,spoon,scene_030|clear,11,10,0.09090909090909094,1
trial_20260517_201055_7ff6b4,top_cups_01,main,scene_030,mixed,[],Pick up the left spoon.,clear,random_question,,,,1779016255.9742098,/home/haoandong/ask2act/services/a6000_web/artifacts/offline_experiments/top_cups_01/scenes/scene_030/observation.jpg,98362dd7-2ac7-4d82-b752-95503ba6062a,finished,2,1,cand_001,37.423840045928955,1779016293.3982682,correct,,1779016293.3979118,,False,True,Pick up the left spoon.,2,"{'plausible': ['cand_001'], 'eliminated': ['cand_002'], 'last_removed': ['cand_002']}",1,1,37.423840045928955,23,,,Pick up the left spoon.,scene_030::Pick up the left spoon.,pick up the left spoon,0,0,1,0,0,1,spoon,scene_030|clear,11,10,0.09090909090909094,1
trial_20260517_201201_9fb154,top_cups_01,main,scene_030,mixed,[],Pick up the right bottle.,clear,vlm_best_question,,,,1779016322.180432,/home/haoandong/ask2act/services/a6000_web/artifacts/offline_experiments/top_cups_01/scenes/scene_030/observation.jpg,7ed22dbd-f508-4e19-afba-a0b5d549a631,finished,1,0,cand_001,5.0922815799713135,1779016327.272921,correct,,1779016327.2726007,,False,True,Pick up the right bottle.,1,"{'plausible': ['cand_001'], 'eliminated': [], 'last_removed': []}",1,0,5.0922815799713135,25,,,Pick up the right bottle.,scene_030::Pick up the right bottle.,pick up the right bottle,0,0,1,0,0,1,bottle,scene_030|clear,11,10,0.09090909090909094,1
trial_20260517_201218_130217,top_cups_01,main,scene_030,mixed,[],Pick up the center bottle.,clear,vlm_best_question,,,,1779016338.9736333,/home/haoandong/ask2act/services/a6000_web/artifacts/offline_experiments/top_cups_01/scenes/scene_030/observation.jpg,20b53d08-fae8-4aa6-82bb-3bc410dab705,finished,2,1,cand_001,55.15495944023132,1779016394.1287968,correct,,1779016394.1284559,,False,True,Pick up the center bottle.,2,"{'plausible': ['cand_001'], 'eliminated': ['cand_002'], 'last_removed': ['cand_002']}",1,1,55.15495944023132,26,,,Pick up the center bottle.,scene_030::Pick up the center bottle.,pick up the center bottle,0,0,1,0,0,1,bottle,scene_030|clear,11,10,0.09090909090909094,1
trial_20260517_201324_0a0608,top_cups_01,main,scene_030,mixed,[],Pick up the red bottle.,clear,proposed_efe,,,,1779016406.0881104,/home/haoandong/ask2act/services/a6000_web/artifacts/offline_experiments/top_cups_01/scenes/scene_030/observation.jpg,788693fe-1c26-4f87-9a18-cc8b6d802ff0,finished,1,0,cand_001,3.19295334815979,1779016409.2812662,correct,,1779016409.2809398,,False,True,Pick up the red bottle.,1,"{'plausible': ['cand_001'], 'eliminated': [], 'last_removed': []}",1,0,3.19295334815979,23,,,Pick up the red bottle.,scene_030::Pick up the red bottle.,pick up the red bottle,0,1,0,0,0,1,bottle,scene_030|clear,11,10,0.09090909090909094,1
trial_20260517_201335_e4eae3,top_cups_01,main,scene_030,mixed,[],Pick up the green bottle.,clear,proposed_efe,,,,1779016416.7980437,/home/haoandong/ask2act/services/a6000_web/artifacts/offline_experiments/top_cups_01/scenes/scene_030/observation.jpg,e6e00e1e-4adc-4a07-9efd-328851943935,finished,1,0,cand_001,3.6146812438964844,1779016420.412834,correct,,1779016420.4126468,,False,True,Pick up the green bottle.,1,"{'plausible': ['cand_001'], 'eliminated': [], 'last_removed': []}",1,0,3.6146812438964844,25,,,Pick up the green bottle.,scene_030::Pick up the green bottle.,pick up the green bottle,0,1,0,0,0,1,bottle,scene_030|clear,11,10,0.09090909090909094,2
trial_20260517_201404_eda759,top_cups_01,main,scene_030,mixed,[],Pick up the center bottle.,partial,top_score,,,,1779016445.8685184,/home/haoandong/ask2act/services/a6000_web/artifacts/offline_experiments/top_cups_01/scenes/scene_030/observation.jpg,c2371276-54c3-465e-b365-bcb0584d29a9,finished,2,0,cand_001,5.993950366973877,1779016451.8626835,correct,,1779016451.862336,,False,True,Pick up the center bottle.,2,"{'plausible': ['cand_001'], 'eliminated': ['cand_002'], 'last_removed': ['cand_002']}",1,0,5.993950366973877,26,,,Pick up the center bottle.,scene_030::Pick up the center bottle.,pick up the center bottle,0,0,1,0,0,1,bottle,scene_030|partial,14,2,0.8571428571428572,7
trial_20260517_201422_a811bf,top_cups_01,main,scene_030,mixed,[],Pick up the left spoon.,partial,top_score,,,,1779016463.6888573,/home/haoandong/ask2act/services/a6000_web/artifacts/offline_experiments/top_cups_01/scenes/scene_030/observation.jpg,fdc61aac-8324-47e8-aad8-7e8352186add,finished,2,0,cand_001,26.764787912368774,1779016490.4537,correct,,1779016490.453586,,False,True,Pick up the left spoon.,2,"{'plausible': ['cand_001'], 'eliminated': ['cand_002'], 'last_removed': ['cand_002']}",1,0,26.764787912368774,23,,,Pick up the left spoon.,scene_030::Pick up the left spoon.,pick up the left spoon,0,0,1,0,0,1,spoon,scene_030|partial,14,2,0.8571428571428572,7
trial_20260517_201509_9c3dba,top_cups_01,main,scene_030,mixed,[],Pick up my fork.,ambiguous,top_score,,,,1779016510.6320293,/home/haoandong/ask2act/services/a6000_web/artifacts/offline_experiments/top_cups_01/scenes/scene_030/observation.jpg,6fa37d69-86e6-4b7c-95c3-ab984a5b60a8,finished,3,0,cand_004,7.639989137649536,1779211690.5298805,wrong,,1779016518.2718718,ambiguity_not_solved,True,True,Pick up my fork.,3,"{'plausible': ['cand_004'], 'eliminated': ['cand_005', 'cand_006'], 'last_removed': ['cand_005', 'cand_006']}",0,0,7.639989137649536,16,,,Pick up my fork.,scene_030::Pick up my fork.,pick up my fork,1,0,0,0,0,1,fork,scene_030|ambiguous,14,3,0.7857142857142857,7
trial_20260517_201526_5b36e4,top_cups_01,main,scene_030,mixed,[],Pick up my bottle.,ambiguous,top_score,,,,1779016527.7293148,/home/haoandong/ask2act/services/a6000_web/artifacts/offline_experiments/top_cups_01/scenes/scene_030/observation.jpg,6b81c4ce-3ca2-4805-8882-235b5e9595f3,finished,3,0,cand_001,21.66062045097351,1779211711.883869,wrong,,1779016549.3898559,ambiguity_not_solved,True,True,Pick up my bottle.,3,"{'plausible': ['cand_001'], 'eliminated': ['cand_002', 'cand_003'], 'last_removed': ['cand_002', 'cand_003']}",0,0,21.66062045097351,18,,,Pick up my bottle.,scene_030::Pick up my bottle.,pick up my bottle,1,0,0,0,0,1,bottle,scene_030|ambiguous,14,3,0.7857142857142857,6
trial_20260517_201602_8972b6,top_cups_01,main,scene_030,mixed,[],Pick up my bottle.,ambiguous,random_candidate,,,,1779016563.68878,/home/haoandong/ask2act/services/a6000_web/artifacts/offline_experiments/top_cups_01/scenes/scene_030/observation.jpg,d96d4184-0fff-4da6-b6a4-6aca0ca6951c,finished,3,0,cand_002,5.503836393356323,1779211728.0604188,wrong,,1779016569.192541,ambiguity_not_solved,True,True,Pick up my bottle.,3,"{'plausible': ['cand_002'], 'eliminated': ['cand_001', 'cand_003'], 'last_removed': ['cand_001', 'cand_003']}",0,0,5.503836393356323,18,,,Pick up my bottle.,scene_030::Pick up my bottle.,pick up my bottle,1,0,0,0,0,1,bottle,scene_030|ambiguous,14,3,0.7857142857142857,6
trial_20260517_201615_12275f,top_cups_01,main,scene_030,mixed,[],Pick up my fork.,ambiguous,random_candidate,,,,1779016577.0537894,/home/haoandong/ask2act/services/a6000_web/artifacts/offline_experiments/top_cups_01/scenes/scene_030/observation.jpg,2a260ac1-f1f0-48f2-8b4c-1d327ebbd1bb,finished,3,0,cand_004,19.028759002685547,1779211738.9357374,wrong,,1779016596.0824864,ambiguity_not_solved,True,True,Pick up my fork.,3,"{'plausible': ['cand_004'], 'eliminated': ['cand_005', 'cand_006'], 'last_removed': ['cand_005', 'cand_006']}",0,0,19.028759002685547,16,,,Pick up my fork.,scene_030::Pick up my fork.,pick up my fork,1,0,0,0,0,1,fork,scene_030|ambiguous,14,3,0.7857142857142857,7
trial_20260517_201658_a2760f,top_cups_01,main,scene_030,mixed,[],Pick up the left spoon.,partial,random_candidate,,,,1779016619.2983537,/home/haoandong/ask2act/services/a6000_web/artifacts/offline_experiments/top_cups_01/scenes/scene_030/observation.jpg,cb20f5a1-4868-4f3f-987f-b5901cbf95e8,finished,2,0,cand_001,6.027567148208618,1779016625.3259783,correct,,1779016625.3258638,,False,True,Pick up the left spoon.,2,"{'plausible': ['cand_001'], 'eliminated': ['cand_002'], 'last_removed': ['cand_002']}",1,0,6.027567148208618,23,,,Pick up the left spoon.,scene_030::Pick up the left spoon.,pick up the left spoon,0,0,1,0,0,1,spoon,scene_030|partial,14,2,0.8571428571428572,7
trial_20260517_201744_3b3512,top_cups_01,main,scene_030,mixed,[],Pick up the center bottle.,partial,random_candidate,,,,1779016665.3070319,/home/haoandong/ask2act/services/a6000_web/artifacts/offline_experiments/top_cups_01/scenes/scene_030/observation.jpg,48c81cdb-357f-4cff-9612-e90fd1ded49e,finished,2,0,cand_002,6.380714654922485,1779211781.1094909,wrong,,1779016671.687688,ambiguity_not_solved,True,True,Pick up the center bottle.,2,"{'plausible': ['cand_002'], 'eliminated': ['cand_001'], 'last_removed': ['cand_001']}",0,0,6.380714654922485,26,,,Pick up the center bottle.,scene_030::Pick up the center bottle.,pick up the center bottle,0,0,1,0,0,1,bottle,scene_030|partial,14,2,0.8571428571428572,7
trial_20260517_201817_838ed6,top_cups_01,main,scene_030,mixed,[],Pick up the center bottle.,partial,vlm_direct,,,,1779016698.793074,/home/haoandong/ask2act/services/a6000_web/artifacts/offline_experiments/top_cups_01/scenes/scene_030/observation.jpg,e61dcfa9-ebd5-4aee-aa50-f02d0f733a78,finished,2,0,cand_001,72.62989616394043,1779016771.4231436,correct,,1779016771.4228892,,False,True,Pick up the center bottle.,2,"{'plausible': ['cand_001'], 'eliminated': ['cand_002'], 'last_removed': ['cand_002']}",1,0,72.62989616394043,26,,,Pick up the center bottle.,scene_030::Pick up the center bottle.,pick up the center bottle,0,0,1,0,0,1,bottle,scene_030|partial,14,2,0.8571428571428572,7
trial_20260517_201949_ee371b,top_cups_01,main,scene_030,mixed,[],Pick up the left spoon.,partial,vlm_direct,,,,1779016790.4074268,/home/haoandong/ask2act/services/a6000_web/artifacts/offline_experiments/top_cups_01/scenes/scene_030/observation.jpg,01557be1-456d-4461-af8c-f2d7b9e6fea8,finished,2,0,cand_001,53.05105757713318,1779016843.4585423,correct,,1779016843.4584286,,False,True,Pick up the left spoon.,2,"{'plausible': ['cand_001'], 'eliminated': ['cand_002'], 'last_removed': ['cand_002']}",1,0,53.05105757713318,23,,,Pick up the left spoon.,scene_030::Pick up the left spoon.,pick up the left spoon,0,0,1,0,0,1,spoon,scene_030|partial,14,2,0.8571428571428572,7
trial_20260517_202056_2ca168,top_cups_01,main,scene_030,mixed,[],Pick up my fork.,ambiguous,vlm_direct,,,,1779016858.0268483,/home/haoandong/ask2act/services/a6000_web/artifacts/offline_experiments/top_cups_01/scenes/scene_030/observation.jpg,47b815cf-ea4c-427e-bb35-4f33e4453006,finished,3,0,cand_005,68.21837949752808,1779211762.1298094,wrong,,1779016926.2451735,ambiguity_not_solved,True,True,Pick up my fork.,3,"{'plausible': ['cand_005'], 'eliminated': ['cand_004', 'cand_006'], 'last_removed': ['cand_004', 'cand_006']}",0,0,68.21837949752808,16,,,Pick up my fork.,scene_030::Pick up my fork.,pick up my fork,1,0,0,0,0,1,fork,scene_030|ambiguous,14,3,0.7857142857142857,7
trial_20260517_202221_7ab35e,top_cups_01,main,scene_030,mixed,[],Pick up my botlle.,ambiguous,vlm_direct,,,,1779016942.910017,/home/haoandong/ask2act/services/a6000_web/artifacts/offline_experiments/top_cups_01/scenes/scene_030/observation.jpg,498d0879-e41c-46b8-874a-321878eb7fed,finished,8,0,cand_001,111.60794997215271,1779211757.4298253,correct,,1779017054.517883,,True,True,Pick up my botlle.,8,"{'plausible': ['cand_001'], 'eliminated': ['cand_002', 'cand_003', 'cand_004', 'cand_005', 'cand_006', 'cand_007', 'cand_008'], 'last_removed': ['cand_002', 'cand_003', 'cand_004', 'cand_005', 'cand_006', 'cand_007', 'cand_008']}",1,0,111.60794997215271,18,,,Pick up my botlle.,scene_030::Pick up my botlle.,pick up my botlle,1,0,0,0,0,1,unknown,scene_030|ambiguous,14,3,0.7857142857142857,1
trial_20260517_202421_1ae6f4,top_cups_01,main,scene_030,mixed,[],Pick up my bottle.,ambiguous,first_question,,,,1779017062.1796668,/home/haoandong/ask2act/services/a6000_web/artifacts/offline_experiments/top_cups_01/scenes/scene_030/observation.jpg,f63e2177-1a73-4732-8a1e-7fc0c3b003a5,finished,3,2,cand_003,144.74084782600403,1779017206.92059,correct,,1779017206.9204395,,False,True,Pick up my bottle.,3,"{'plausible': ['cand_003'], 'eliminated': ['cand_001', 'cand_002'], 'last_removed': ['cand_002']}",1,2,144.74084782600403,18,,,Pick up my bottle.,scene_030::Pick up my bottle.,pick up my bottle,1,0,0,0,0,1,bottle,scene_030|ambiguous,14,3,0.7857142857142857,6
trial_20260517_202658_c87b63,top_cups_01,main,scene_030,mixed,[],Pick up my fork.,ambiguous,first_question,,,,1779017219.6923478,/home/haoandong/ask2act/services/a6000_web/artifacts/offline_experiments/top_cups_01/scenes/scene_030/observation.jpg,568c4fdc-a0d7-4687-bd87-29f36498408a,finished,3,1,cand_004,25.142164707183838,1779017244.834566,correct,,1779017244.834444,,False,True,Pick up my fork.,3,"{'plausible': ['cand_004'], 'eliminated': ['cand_005', 'cand_006'], 'last_removed': ['cand_005', 'cand_006']}",1,1,25.142164707183838,16,,,Pick up my fork.,scene_030::Pick up my fork.,pick up my fork,1,0,0,0,0,1,fork,scene_030|ambiguous,14,3,0.7857142857142857,7
trial_20260517_202746_0b6836,top_cups_01,main,scene_030,mixed,[],Pick up the left spoon.,partial,first_question,,,,1779017267.0444748,/home/haoandong/ask2act/services/a6000_web/artifacts/offline_experiments/top_cups_01/scenes/scene_030/observation.jpg,4a4bbef5-4458-45ca-a2c1-e3d6aa4f0128,finished,2,1,cand_001,23.308173656463623,1779017290.352707,correct,,1779017290.3525894,,False,True,Pick up the left spoon.,2,"{'plausible': ['cand_001'], 'eliminated': ['cand_002'], 'last_removed': ['cand_002']}",1,1,23.308173656463623,23,,,Pick up the left spoon.,scene_030::Pick up the left spoon.,pick up the left spoon,0,0,1,0,0,1,spoon,scene_030|partial,14,2,0.8571428571428572,7
trial_20260517_202821_772a8c,top_cups_01,main,scene_030,mixed,[],Pick up the center bottle.,partial,first_question,,,,1779017302.8063388,/home/haoandong/ask2act/services/a6000_web/artifacts/offline_experiments/top_cups_01/scenes/scene_030/observation.jpg,0b190631-624b-4f0b-adb4-1f71252828ea,finished,2,1,cand_001,28.666266679763794,1779017331.472792,correct,,1779017331.4724834,,False,True,Pick up the center bottle.,2,"{'plausible': ['cand_001'], 'eliminated': ['cand_002'], 'last_removed': ['cand_002']}",1,1,28.666266679763794,26,,,Pick up the center bottle.,scene_030::Pick up the center bottle.,pick up the center bottle,0,0,1,0,0,1,bottle,scene_030|partial,14,2,0.8571428571428572,7
trial_20260517_202855_a434a9,top_cups_01,main,scene_030,mixed,[],Pick up the center bottle.,partial,random_question,,,,1779017336.4536548,/home/haoandong/ask2act/services/a6000_web/artifacts/offline_experiments/top_cups_01/scenes/scene_030/observation.jpg,a95e6c94-ef1c-4ff9-a4e5-150ce620d1b5,finished,2,1,cand_001,54.12242150306702,1779017390.5761313,correct,,1779017390.5760143,,False,True,Pick up the center bottle.,2,"{'plausible': ['cand_001'], 'eliminated': ['cand_002'], 'last_removed': ['cand_002']}",1,1,54.12242150306702,26,,,Pick up the center bottle.,scene_030::Pick up the center bottle.,pick up the center bottle,0,0,1,0,0,1,bottle,scene_030|partial,14,2,0.8571428571428572,7
trial_20260517_203016_6a542a,top_cups_01,main,scene_030,mixed,[],Pick up the left spoon.,partial,random_question,,,,1779017417.6237319,/home/haoandong/ask2act/services/a6000_web/artifacts/offline_experiments/top_cups_01/scenes/scene_030/observation.jpg,40260e23-ad83-493e-8c3f-d84c781a14ec,finished,2,1,cand_001,58.71586346626282,1779017476.3396904,correct,,1779017476.3395147,,False,True,Pick up the left spoon.,2,"{'plausible': ['cand_001'], 'eliminated': ['cand_002'], 'last_removed': ['cand_002']}",1,1,58.71586346626282,23,,,Pick up the left spoon.,scene_030::Pick up the left spoon.,pick up the left spoon,0,0,1,0,0,1,spoon,scene_030|partial,14,2,0.8571428571428572,7
trial_20260517_203135_f39ee2,top_cups_01,main,scene_030,mixed,[],Pick up my bottle.,ambiguous,random_question,,,,1779017496.5564227,/home/haoandong/ask2act/services/a6000_web/artifacts/offline_experiments/top_cups_01/scenes/scene_030/observation.jpg,36069ee4-a1ae-4538-9313-dd281602797b,finished,3,2,cand_002,85.87714290618896,1779017582.4337282,correct,,1779017582.4334345,,False,True,Pick up my bottle.,3,"{'plausible': ['cand_002'], 'eliminated': ['cand_001', 'cand_003'], 'last_removed': ['cand_003']}",1,2,85.87714290618896,18,,,Pick up my bottle.,scene_030::Pick up my bottle.,pick up my bottle,1,0,0,0,0,1,bottle,scene_030|ambiguous,14,3,0.7857142857142857,6
trial_20260517_203318_3cda46,top_cups_01,main,scene_030,mixed,[],Pick up my fork.,ambiguous,random_question,,,,1779017600.1868641,/home/haoandong/ask2act/services/a6000_web/artifacts/offline_experiments/top_cups_01/scenes/scene_030/observation.jpg,3302dd90-f9fb-45d9-894c-3d1b5af5e09b,finished,3,2,cand_005,115.74035882949829,1779017715.9274628,correct,,1779017715.9270492,,False,True,Pick up my fork.,3,"{'plausible': ['cand_005'], 'eliminated': ['cand_004', 'cand_006'], 'last_removed': ['cand_006']}",1,2,115.74035882949829,16,,,Pick up my fork.,scene_030::Pick up my fork.,pick up my fork,1,0,0,0,0,1,fork,scene_030|ambiguous,14,3,0.7857142857142857,7
trial_20260517_203550_20305c,top_cups_01,main,scene_030,mixed,[],Pick up my fork.,ambiguous,vlm_best_question,,,,1779017752.3276863,/home/haoandong/ask2act/services/a6000_web/artifacts/offline_experiments/top_cups_01/scenes/scene_030/observation.jpg,31d8178b-ca89-4ca0-83c9-4d01fe81a224,finished,3,1,cand_006,97.81206274032593,1779017850.139813,correct,,1779017850.1396792,,False,True,Pick up my fork.,3,"{'plausible': ['cand_006'], 'eliminated': ['cand_004', 'cand_005'], 'last_removed': ['cand_004', 'cand_005']}",1,1,97.81206274032593,16,,,Pick up my fork.,scene_030::Pick up my fork.,pick up my fork,1,0,0,0,0,1,fork,scene_030|ambiguous,14,3,0.7857142857142857,7
trial_20260517_203755_3d9b83,top_cups_01,main,scene_030,mixed,[],Pick up my bottle.,ambiguous,vlm_best_question,,,,1779017876.4591427,/home/haoandong/ask2act/services/a6000_web/artifacts/offline_experiments/top_cups_01/scenes/scene_030/observation.jpg,c11fa8fd-250d-4732-a105-3c18743f5c77,finished,3,2,cand_003,72.23151969909668,1779017948.69072,correct,,1779017948.6905887,,False,True,Pick up my bottle.,3,"{'plausible': ['cand_003'], 'eliminated': ['cand_001', 'cand_002'], 'last_removed': ['cand_002']}",1,2,72.23151969909668,18,,,Pick up my bottle.,scene_030::Pick up my bottle.,pick up my bottle,1,0,0,0,0,1,bottle,scene_030|ambiguous,14,3,0.7857142857142857,6
trial_20260517_203923_cf8e96,top_cups_01,main,scene_030,mixed,[],Pick up the center bottle.,partial,vlm_best_question,,,,1779017964.794045,/home/haoandong/ask2act/services/a6000_web/artifacts/offline_experiments/top_cups_01/scenes/scene_030/observation.jpg,890d6e7a-6ec8-417f-9f70-ae8fc09c8745,finished,2,1,cand_001,43.588481426239014,1779018008.3825867,correct,,1779018008.3824625,,False,True,Pick up the center bottle.,2,"{'plausible': ['cand_001'], 'eliminated': ['cand_002'], 'last_removed': ['cand_002']}",1,1,43.588481426239014,26,,,Pick up the center bottle.,scene_030::Pick up the center bottle.,pick up the center bottle,0,0,1,0,0,1,bottle,scene_030|partial,14,2,0.8571428571428572,7
trial_20260517_204020_291eb5,top_cups_01,main,scene_030,mixed,[],Pick up the left spoon.,partial,vlm_best_question,,,,1779018021.0821795,/home/haoandong/ask2act/services/a6000_web/artifacts/offline_experiments/top_cups_01/scenes/scene_030/observation.jpg,5fb6f75f-7b4c-42a2-9b99-eb6fad49fc47,finished,2,1,cand_001,22.040058851242065,1779018043.1224391,correct,,1779018043.122096,,False,True,Pick up the left spoon.,2,"{'plausible': ['cand_001'], 'eliminated': ['cand_002'], 'last_removed': ['cand_002']}",1,1,22.040058851242065,23,,,Pick up the left spoon.,scene_030::Pick up the left spoon.,pick up the left spoon,0,0,1,0,0,1,spoon,scene_030|partial,14,2,0.8571428571428572,7
trial_20260517_204049_4bb20c,top_cups_01,main,scene_030,mixed,[],Pick up the left spoon.,partial,proposed_efe,,,,1779018050.4619172,/home/haoandong/ask2act/services/a6000_web/artifacts/offline_experiments/top_cups_01/scenes/scene_030/observation.jpg,76629217-382e-492c-a39a-12ea43e85591,finished,2,1,cand_001,39.48643493652344,1779018089.9484127,correct,,1779018089.9482877,,False,True,Pick up the left spoon.,2,"{'plausible': ['cand_001'], 'eliminated': ['cand_002'], 'last_removed': ['cand_002']}",1,1,39.48643493652344,23,,,Pick up the left spoon.,scene_030::Pick up the left spoon.,pick up the left spoon,0,0,1,0,0,1,spoon,scene_030|partial,14,2,0.8571428571428572,7
trial_20260517_204143_75b72b,top_cups_01,main,scene_030,mixed,[],Pick up the center bottle.,partial,proposed_efe,,,,1779018104.3720791,/home/haoandong/ask2act/services/a6000_web/artifacts/offline_experiments/top_cups_01/scenes/scene_030/observation.jpg,ae125139-4eec-4399-a46c-a38d7edcf6ba,finished,2,1,cand_001,45.915451765060425,1779018150.2876723,correct,,1779018150.287426,,False,True,Pick up the center bottle.,2,"{'plausible': ['cand_001'], 'eliminated': ['cand_002'], 'last_removed': ['cand_002']}",1,1,45.915451765060425,26,,,Pick up the center bottle.,scene_030::Pick up the center bottle.,pick up the center bottle,0,0,1,0,0,1,bottle,scene_030|partial,14,2,0.8571428571428572,7
trial_20260517_204312_ce8a3a,top_cups_01,main,scene_030,mixed,[],Pick up my bottle.,ambiguous,proposed_efe,,,,1779018193.1303763,/home/haoandong/ask2act/services/a6000_web/artifacts/offline_experiments/top_cups_01/scenes/scene_030/observation.jpg,5f2d9169-a3df-44e7-93c7-5fb20ec52240,finished,3,1,cand_001,39.75094032287598,1779018232.8813756,correct,,1779018232.8812506,,False,True,Pick up my bottle.,3,"{'plausible': ['cand_001'], 'eliminated': ['cand_002', 'cand_003'], 'last_removed': ['cand_002', 'cand_003']}",1,1,39.75094032287598,18,,,Pick up my bottle.,scene_030::Pick up my bottle.,pick up my bottle,1,0,0,0,0,1,bottle,scene_030|ambiguous,14,3,0.7857142857142857,6
trial_20260517_204404_8e32a0,top_cups_01,main,scene_030,mixed,[],Pick up my fork.,ambiguous,proposed_efe,,,,1779018245.4337854,/home/haoandong/ask2act/services/a6000_web/artifacts/offline_experiments/top_cups_01/scenes/scene_030/observation.jpg,543c256f-4c5a-4ff9-b7a1-9501e78f6c12,finished,3,2,cand_005,111.45491862297058,1779018356.888778,correct,,1779018356.8886247,,False,True,Pick up my fork.,3,"{'plausible': ['cand_005'], 'eliminated': ['cand_004', 'cand_006'], 'last_removed': ['cand_004']}",1,2,111.45491862297058,16,,,Pick up my fork.,scene_030::Pick up my fork.,pick up my fork,1,0,0,0,0,1,fork,scene_030|ambiguous,14,3,0.7857142857142857,7
trial_20260517_204643_6da29a,top_cups_01,main,scene_031,mixed,[],Pick up metal cup.,clear,top_score,,,,1779018404.5801537,/home/haoandong/ask2act/services/a6000_web/artifacts/offline_experiments/top_cups_01/scenes/scene_031/observation.jpg,aee928db-4e17-4222-9175-b80a1b9377d7,finished,1,0,cand_001,3.2315194606781006,1779018407.811723,correct,,1779018407.8116236,,False,True,Pick up metal cup.,1,"{'plausible': ['cand_001'], 'eliminated': [], 'last_removed': []}",1,0,3.2315194606781006,18,,,Pick up metal cup.,scene_031::Pick up metal cup.,pick up metal cup,0,0,0,0,0,0,cup,scene_031|clear,14,10,0.2857142857142857,1
trial_20260517_204658_c4091d,top_cups_01,main,scene_031,mixed,[],Pick up left cup.,clear,top_score,,,,1779018419.696129,/home/haoandong/ask2act/services/a6000_web/artifacts/offline_experiments/top_cups_01/scenes/scene_031/observation.jpg,9be53f9d-bdea-48a5-add3-65ec97e7cb6a,finished,1,0,cand_001,6.620066165924072,1779018426.3162484,correct,,1779018426.316143,,False,True,Pick up left cup.,1,"{'plausible': ['cand_001'], 'eliminated': [], 'last_removed': []}",1,0,6.620066165924072,17,,,Pick up left cup.,scene_031::Pick up left cup.,pick up left cup,0,0,1,0,0,1,cup,scene_031|clear,14,10,0.2857142857142857,1
trial_20260517_204717_172036,top_cups_01,main,scene_031,mixed,[],Pick up right cup.,clear,random_candidate,,,,1779018438.354494,/home/haoandong/ask2act/services/a6000_web/artifacts/offline_experiments/top_cups_01/scenes/scene_031/observation.jpg,51b37ff8-9fe7-485c-937b-f48be2b0b2aa,finished,1,0,cand_001,6.540776014328003,1779018444.895328,correct,,1779018444.8952165,,False,True,Pick up right cup.,1,"{'plausible': ['cand_001'], 'eliminated': [], 'last_removed': []}",1,0,6.540776014328003,18,,,Pick up right cup.,scene_031::Pick up right cup.,pick up right cup,0,0,1,0,0,1,cup,scene_031|clear,14,10,0.2857142857142857,1
trial_20260517_204751_aff023,top_cups_01,main,scene_031,mixed,[],Pick up the red bottle.,clear,random_candidate,,,,1779018472.916321,/home/haoandong/ask2act/services/a6000_web/artifacts/offline_experiments/top_cups_01/scenes/scene_031/observation.jpg,3df67bb7-bfa2-4318-8814-931d32858bad,finished,1,0,cand_001,3.3513660430908203,1779018476.2677703,correct,,1779018476.26762,,False,True,Pick up the red bottle.,1,"{'plausible': ['cand_001'], 'eliminated': [], 'last_removed': []}",1,0,3.3513660430908203,23,,,Pick up the red bottle.,scene_031::Pick up the red bottle.,pick up the red bottle,0,1,0,0,0,1,bottle,scene_031|clear,14,10,0.2857142857142857,1
trial_20260517_204813_203a79,top_cups_01,main,scene_031,mixed,[],Pick up the green bottle.,clear,vlm_direct,,,,1779018495.209618,/home/haoandong/ask2act/services/a6000_web/artifacts/offline_experiments/top_cups_01/scenes/scene_031/observation.jpg,a69319ae-af9f-4801-9f6f-6f435c84cdc9,finished,1,0,cand_001,5.005268335342407,1779018500.214941,correct,,1779018500.2148318,,False,True,Pick up the green bottle.,1,"{'plausible': ['cand_001'], 'eliminated': [], 'last_removed': []}",1,0,5.005268335342407,25,,,Pick up the green bottle.,scene_031::Pick up the green bottle.,pick up the green bottle,0,1,0,0,0,1,bottle,scene_031|clear,14,10,0.2857142857142857,1
trial_20260517_204837_c5f38a,top_cups_01,main,scene_031,mixed,[],Pick up the green fork.,clear,vlm_direct,,,,1779018518.9394522,/home/haoandong/ask2act/services/a6000_web/artifacts/offline_experiments/top_cups_01/scenes/scene_031/observation.jpg,f9f7678e-9707-4914-8f0e-3703d0135099,finished,1,0,cand_001,3.4738831520080566,1779018522.41348,correct,,1779018522.4132376,,False,True,Pick up the green fork.,1,"{'plausible': ['cand_001'], 'eliminated': [], 'last_removed': []}",1,0,3.4738831520080566,23,,,Pick up the green fork.,scene_031::Pick up the green fork.,pick up the green fork,0,1,0,0,0,1,fork,scene_031|clear,14,10,0.2857142857142857,1
trial_20260517_204858_6b00a0,top_cups_01,main,scene_031,mixed,[],Pick up the blue fork.,clear,first_question,,,,1779018539.7244515,/home/haoandong/ask2act/services/a6000_web/artifacts/offline_experiments/top_cups_01/scenes/scene_031/observation.jpg,5bc3675a-806c-4150-8f33-064482c8493b,finished,1,0,cand_001,5.2014548778533936,1779018544.9259586,correct,,1779018544.9258587,,False,True,Pick up the blue fork.,1,"{'plausible': ['cand_001'], 'eliminated': [], 'last_removed': []}",1,0,5.2014548778533936,22,,,Pick up the blue fork.,scene_031::Pick up the blue fork.,pick up the blue fork,0,1,0,0,0,1,fork,scene_031|clear,14,10,0.2857142857142857,1
trial_20260517_204911_ca9a5c,top_cups_01,main,scene_031,mixed,[],Pick up the red fork.,clear,first_question,,,,1779018553.0181005,/home/haoandong/ask2act/services/a6000_web/artifacts/offline_experiments/top_cups_01/scenes/scene_031/observation.jpg,cf25a9b4-15bd-4785-9b69-e92c4a9f6c8a,finished,1,0,cand_001,4.834368705749512,1779018557.852577,correct,,1779018557.852396,,False,True,Pick up the red fork.,1,"{'plausible': ['cand_001'], 'eliminated': [], 'last_removed': []}",1,0,4.834368705749512,21,,,Pick up the red fork.,scene_031::Pick up the red fork.,pick up the red fork,0,1,0,0,0,1,fork,scene_031|clear,14,10,0.2857142857142857,1
trial_20260517_204931_d6fe41,top_cups_01,main,scene_031,mixed,[],Pick up the red spoon.,clear,random_question,,,,1779018572.3149097,/home/haoandong/ask2act/services/a6000_web/artifacts/offline_experiments/top_cups_01/scenes/scene_031/observation.jpg,8e926545-daec-433d-b0b7-f217b49b913e,finished,1,0,cand_001,6.834259510040283,1779018579.149238,correct,,1779018579.1491177,,False,True,Pick up the red spoon.,1,"{'plausible': ['cand_001'], 'eliminated': [], 'last_removed': []}",1,0,6.834259510040283,22,,,Pick up the red spoon.,scene_031::Pick up the red spoon.,pick up the red spoon,0,1,0,0,0,1,spoon,scene_031|clear,14,10,0.2857142857142857,1
trial_20260517_204945_03c632,top_cups_01,main,scene_031,mixed,[],Pick up the cyan spoon.,clear,random_question,,,,1779018587.3184214,/home/haoandong/ask2act/services/a6000_web/artifacts/offline_experiments/top_cups_01/scenes/scene_031/observation.jpg,02deb0c2-7223-4ab5-97f3-d39115963dde,finished,1,0,cand_001,6.535548210144043,1779018593.8540237,correct,,1779018593.853915,,False,True,Pick up the cyan spoon.,1,"{'plausible': ['cand_001'], 'eliminated': [], 'last_removed': []}",1,0,6.535548210144043,23,,,Pick up the cyan spoon.,scene_031::Pick up the cyan spoon.,pick up the cyan spoon,0,0,0,0,0,0,spoon,scene_031|clear,14,10,0.2857142857142857,5
trial_20260517_205003_11fbfd,top_cups_01,main,scene_031,mixed,[],Pick up the cyan spoon.,clear,vlm_best_question,,,,1779018605.21463,/home/haoandong/ask2act/services/a6000_web/artifacts/offline_experiments/top_cups_01/scenes/scene_031/observation.jpg,e383f0ec-b3ad-4628-b4fd-70cdc6b6f111,finished,1,0,cand_001,1.6906487941741943,1779018606.9053798,correct,,1779018606.9052048,,False,True,Pick up the cyan spoon.,1,"{'plausible': ['cand_001'], 'eliminated': [], 'last_removed': []}",1,0,1.6906487941741943,23,,,Pick up the cyan spoon.,scene_031::Pick up the cyan spoon.,pick up the cyan spoon,0,0,0,0,0,0,spoon,scene_031|clear,14,10,0.2857142857142857,5
trial_20260517_205010_76d90e,top_cups_01,main,scene_031,mixed,[],Pick up the cyan spoon.,clear,vlm_best_question,,,,1779018611.4308953,/home/haoandong/ask2act/services/a6000_web/artifacts/offline_experiments/top_cups_01/scenes/scene_031/observation.jpg,691d1eb9-3bb5-4e83-b18b-3ef57cd8f86e,finished,1,0,cand_001,2.115201234817505,1779018613.5461779,correct,,1779018613.5460298,,False,True,Pick up the cyan spoon.,1,"{'plausible': ['cand_001'], 'eliminated': [], 'last_removed': []}",1,0,2.115201234817505,23,,,Pick up the cyan spoon.,scene_031::Pick up the cyan spoon.,pick up the cyan spoon,0,0,0,0,0,0,spoon,scene_031|clear,14,10,0.2857142857142857,5
trial_20260517_205020_6e96f5,top_cups_01,main,scene_031,mixed,[],Pick up the cyan spoon.,clear,proposed_efe,,,,1779018621.664756,/home/haoandong/ask2act/services/a6000_web/artifacts/offline_experiments/top_cups_01/scenes/scene_031/observation.jpg,3d6814fc-9828-4a94-b644-e6c843daa7b8,finished,1,0,cand_001,7.416669607162476,1779018629.0814784,correct,,1779018629.08137,,False,True,Pick up the cyan spoon.,1,"{'plausible': ['cand_001'], 'eliminated': [], 'last_removed': []}",1,0,7.416669607162476,23,,,Pick up the cyan spoon.,scene_031::Pick up the cyan spoon.,pick up the cyan spoon,0,0,0,0,0,0,spoon,scene_031|clear,14,10,0.2857142857142857,5
trial_20260517_205030_d937ea,top_cups_01,main,scene_031,mixed,[],Pick up the cyan spoon.,clear,proposed_efe,,,,1779018631.3561063,/home/haoandong/ask2act/services/a6000_web/artifacts/offline_experiments/top_cups_01/scenes/scene_031/observation.jpg,f7a7345f-85ec-434a-9502-1d98d645cebe,finished,1,0,cand_001,13.23954463005066,1779018644.595707,correct,,1779018644.5955935,,False,True,Pick up the cyan spoon.,1,"{'plausible': ['cand_001'], 'eliminated': [], 'last_removed': []}",1,0,13.23954463005066,23,,,Pick up the cyan spoon.,scene_031::Pick up the cyan spoon.,pick up the cyan spoon,0,0,0,0,0,0,spoon,scene_031|clear,14,10,0.2857142857142857,5
trial_20260517_205108_757940,top_cups_01,main,scene_031,mixed,[],Pick up the center bottle.,partial,top_score,,,,1779018669.6620028,/home/haoandong/ask2act/services/a6000_web/artifacts/offline_experiments/top_cups_01/scenes/scene_031/observation.jpg,b97ff4b5-da63-4b55-84fc-8831afb6b20c,finished,1,0,cand_001,3.348334550857544,1779018673.0103974,correct,,1779018673.0102797,,False,True,Pick up the center bottle.,1,"{'plausible': ['cand_001'], 'eliminated': [], 'last_removed': []}",1,0,3.348334550857544,26,,,Pick up the center bottle.,scene_031::Pick up the center bottle.,pick up the center bottle,0,0,1,0,0,1,bottle,scene_031|partial,12,4,0.6666666666666667,1
trial_20260517_205134_452bd1,top_cups_01,main,scene_031,mixed,[],Pick up the left spoon.,partial,top_score,,,,1779018695.2594378,/home/haoandong/ask2act/services/a6000_web/artifacts/offline_experiments/top_cups_01/scenes/scene_031/observation.jpg,bfe2465e-1bb4-4201-b990-b2fed035d7be,finished,1,0,cand_001,15.47226858139038,1779018710.731925,correct,,1779018710.731578,,False,True,Pick up the left spoon.,1,"{'plausible': ['cand_001'], 'eliminated': [], 'last_removed': []}",1,0,15.47226858139038,23,,,Pick up the left spoon.,scene_031::Pick up the left spoon.,pick up the left spoon,0,0,1,0,0,1,spoon,scene_031|partial,12,4,0.6666666666666667,7
trial_20260517_205217_56db7c,top_cups_01,main,scene_031,mixed,[],Pick up my fork.,ambiguous,top_score,,,,1779018738.6438975,/home/haoandong/ask2act/services/a6000_web/artifacts/offline_experiments/top_cups_01/scenes/scene_031/observation.jpg,1b9695c7-394d-4c71-8ceb-9a13acfcdf2e,finished,3,0,cand_006,13.104369878768921,1779018751.7483327,correct,,1779018751.7482045,,False,True,Pick up my fork.,3,"{'plausible': ['cand_006'], 'eliminated': ['cand_007', 'cand_008'], 'last_removed': ['cand_007', 'cand_008']}",1,0,13.104369878768921,16,,,Pick up my fork.,scene_031::Pick up my fork.,pick up my fork,1,0,0,0,0,1,fork,scene_031|ambiguous,12,3,0.75,7
trial_20260517_205246_4f59fd,top_cups_01,main,scene_031,mixed,[],Pick up my cup.,ambiguous,top_score,,,,1779018767.8965242,/home/haoandong/ask2act/services/a6000_web/artifacts/offline_experiments/top_cups_01/scenes/scene_031/observation.jpg,1959939d-292e-41f4-bc45-d10cf62d2b43,finished,3,0,cand_001,7.876697540283203,1779211819.816099,wrong,,1779018775.773168,ambiguity_not_solved,True,True,Pick up my cup.,3,"{'plausible': ['cand_001'], 'eliminated': ['cand_002', 'cand_003'], 'last_removed': ['cand_002', 'cand_003']}",0,0,7.876697540283203,15,,,Pick up my cup.,scene_031::Pick up my cup.,pick up my cup,1,0,0,0,0,1,cup,scene_031|ambiguous,12,3,0.75,4
trial_20260517_205307_2ef965,top_cups_01,main,scene_031,mixed,[],Pick up my cup.,ambiguous,random_candidate,,,,1779018788.042368,/home/haoandong/ask2act/services/a6000_web/artifacts/offline_experiments/top_cups_01/scenes/scene_031/observation.jpg,2569e04c-faf5-40d9-88c0-2e47a64ed1ff,finished,3,0,cand_001,32.07858443260193,1779211824.9976776,wrong,,1779018820.120876,wrong_object_selected,True,True,Pick up my cup.,3,"{'plausible': ['cand_001'], 'eliminated': ['cand_002', 'cand_003'], 'last_removed': ['cand_002', 'cand_003']}",0,0,32.07858443260193,15,,,Pick up my cup.,scene_031::Pick up my cup.,pick up my cup,1,0,0,0,0,1,cup,scene_031|ambiguous,12,3,0.75,4
trial_20260517_205346_91fdd5,top_cups_01,main,scene_031,mixed,[],Pick up my fork.,ambiguous,random_candidate,,,,1779018827.828522,/home/haoandong/ask2act/services/a6000_web/artifacts/offline_experiments/top_cups_01/scenes/scene_031/observation.jpg,72d7d39a-084d-4bed-87e8-59724c96d212,finished,3,0,cand_006,18.43567728996277,1779211837.015244,wrong,,1779018846.2641356,ambiguity_not_solved,True,True,Pick up my fork.,3,"{'plausible': ['cand_006'], 'eliminated': ['cand_007', 'cand_008'], 'last_removed': ['cand_007', 'cand_008']}",0,0,18.43567728996277,16,,,Pick up my fork.,scene_031::Pick up my fork.,pick up my fork,1,0,0,0,0,1,fork,scene_031|ambiguous,12,3,0.75,7
trial_20260517_205426_6e3f84,top_cups_01,main,scene_031,mixed,[],Pick up the right fork.,partial,random_candidate,,,,1779018867.886978,/home/haoandong/ask2act/services/a6000_web/artifacts/offline_experiments/top_cups_01/scenes/scene_031/observation.jpg,f4e0d3f0-e136-40be-b566-926e926033ca,finished,1,0,cand_001,5.716801404953003,1779018873.603832,correct,,1779018873.6037326,,False,True,Pick up the right fork.,1,"{'plausible': ['cand_001'], 'eliminated': [], 'last_removed': []}",1,0,5.716801404953003,23,,,Pick up the right fork.,scene_031::Pick up the right fork.,pick up the right fork,0,0,1,0,0,1,fork,scene_031|partial,12,4,0.6666666666666667,3
trial_20260517_205452_42723e,top_cups_01,main,scene_031,mixed,[],Pick up the left spoon.,partial,random_candidate,,,,1779018894.0117998,/home/haoandong/ask2act/services/a6000_web/artifacts/offline_experiments/top_cups_01/scenes/scene_031/observation.jpg,1df0ad26-5ac9-44ca-8298-e351980a4d4b,finished,1,0,cand_001,7.773441791534424,1779018901.785295,correct,,1779018901.7851868,,False,True,Pick up the left spoon.,1,"{'plausible': ['cand_001'], 'eliminated': [], 'last_removed': []}",1,0,7.773441791534424,23,,,Pick up the left spoon.,scene_031::Pick up the left spoon.,pick up the left spoon,0,0,1,0,0,1,spoon,scene_031|partial,12,4,0.6666666666666667,7
trial_20260517_205529_4448e1,top_cups_01,main,scene_031,mixed,[],Pick up the left spoon.,partial,vlm_direct,,,,1779018930.3447022,/home/haoandong/ask2act/services/a6000_web/artifacts/offline_experiments/top_cups_01/scenes/scene_031/observation.jpg,05d2737c-073c-484d-8515-fad95b5731d6,finished,1,0,cand_001,23.691537380218506,1779018954.036299,correct,,1779018954.0361836,,False,True,Pick up the left spoon.,1,"{'plausible': ['cand_001'], 'eliminated': [], 'last_removed': []}",1,0,23.691537380218506,23,,,Pick up the left spoon.,scene_031::Pick up the left spoon.,pick up the left spoon,0,0,1,0,0,1,spoon,scene_031|partial,12,4,0.6666666666666667,7
trial_20260517_205603_493462,top_cups_01,main,scene_031,mixed,[],Pick up the right fork.,partial,vlm_direct,,,,1779018964.8290775,/home/haoandong/ask2act/services/a6000_web/artifacts/offline_experiments/top_cups_01/scenes/scene_031/observation.jpg,74b71d7d-744b-49d7-910a-973b502e6b4d,finished,1,0,cand_001,5.7740232944488525,1779018970.6031563,correct,,1779018970.60305,,False,True,Pick up the right fork.,1,"{'plausible': ['cand_001'], 'eliminated': [], 'last_removed': []}",1,0,5.7740232944488525,23,,,Pick up the right fork.,scene_031::Pick up the right fork.,pick up the right fork,0,0,1,0,0,1,fork,scene_031|partial,12,4,0.6666666666666667,3
trial_20260517_205623_c68924,top_cups_01,main,scene_031,mixed,[],Pick up my fork.,ambiguous,vlm_direct,,,,1779018984.9143255,/home/haoandong/ask2act/services/a6000_web/artifacts/offline_experiments/top_cups_01/scenes/scene_031/observation.jpg,4b20f417-1f7d-4474-a113-5e4b93465e06,finished,3,0,cand_006,105.2120852470398,1779019090.1264853,correct,,1779019090.1263483,,False,True,Pick up my fork.,3,"{'plausible': ['cand_006'], 'eliminated': ['cand_007', 'cand_008'], 'last_removed': ['cand_007', 'cand_008']}",1,0,105.2120852470398,16,,,Pick up my fork.,scene_031::Pick up my fork.,pick up my fork,1,0,0,0,0,1,fork,scene_031|ambiguous,12,3,0.75,7
trial_20260517_205817_25da36,top_cups_01,main,scene_031,mixed,[],Pick up my bottle.,ambiguous,vlm_direct,,,,1779019098.3573673,/home/haoandong/ask2act/services/a6000_web/artifacts/offline_experiments/top_cups_01/scenes/scene_031/observation.jpg,5b77eceb-cbd0-4e61-a5f1-3b54acb51b74,finished,2,0,cand_001,66.45701456069946,1779211857.312487,wrong,,1779019164.814321,ambiguity_not_solved,True,True,Pick up my bottle.,2,"{'plausible': ['cand_001'], 'eliminated': ['cand_002'], 'last_removed': ['cand_002']}",0,0,66.45701456069946,18,,,Pick up my bottle.,scene_031::Pick up my bottle.,pick up my bottle,1,0,0,0,0,1,bottle,scene_031|ambiguous,12,3,0.75,1
trial_20260517_205939_5cc80e,top_cups_01,main,scene_031,mixed,[],Pick up my cup.,ambiguous,first_question,,,,1779019180.8362179,/home/haoandong/ask2act/services/a6000_web/artifacts/offline_experiments/top_cups_01/scenes/scene_031/observation.jpg,16b4b128-20df-4235-8bf5-20ae5b707b1c,finished,3,2,cand_002,75.70045018196106,1779019256.5367284,correct,,1779019256.5366066,,False,True,Pick up my cup.,3,"{'plausible': ['cand_002'], 'eliminated': ['cand_001', 'cand_003'], 'last_removed': ['cand_003']}",1,2,75.70045018196106,15,,,Pick up my cup.,scene_031::Pick up my cup.,pick up my cup,1,0,0,0,0,1,cup,scene_031|ambiguous,12,3,0.75,4
trial_20260517_210110_9b24f4,top_cups_01,main,scene_031,mixed,[],Pick up my fork.,ambiguous,first_question,,,,1779019272.2073042,/home/haoandong/ask2act/services/a6000_web/artifacts/offline_experiments/top_cups_01/scenes/scene_031/observation.jpg,e79468f6-9c2a-4019-aa28-88b96836c7be,finished,3,2,cand_008,188.53011751174927,1779019460.7374773,correct,,1779019460.7373652,,False,True,Pick up my fork.,3,"{'plausible': ['cand_008'], 'eliminated': ['cand_006', 'cand_007'], 'last_removed': ['cand_007']}",1,2,188.53011751174927,16,,,Pick up my fork.,scene_031::Pick up my fork.,pick up my fork,1,0,0,0,0,1,fork,scene_031|ambiguous,12,3,0.75,7
trial_20260517_210440_38ec90,top_cups_01,main,scene_031,mixed,[],Pick up the right fork.,partial,first_question,,,,1779019482.0617535,/home/haoandong/ask2act/services/a6000_web/artifacts/offline_experiments/top_cups_01/scenes/scene_031/observation.jpg,81519a2a-6649-40ad-b472-dcc6e4e5e482,finished,1,0,cand_001,2.8378961086273193,1779019484.8997095,correct,,1779019484.8995948,,False,True,Pick up the right fork.,1,"{'plausible': ['cand_001'], 'eliminated': [], 'last_removed': []}",1,0,2.8378961086273193,23,,,Pick up the right fork.,scene_031::Pick up the right fork.,pick up the right fork,0,0,1,0,0,1,fork,scene_031|partial,12,4,0.6666666666666667,3
trial_20260517_210456_7121e6,top_cups_01,main,scene_031,mixed,[],Pick up the left spoon.,partial,first_question,,,,1779019497.844752,/home/haoandong/ask2act/services/a6000_web/artifacts/offline_experiments/top_cups_01/scenes/scene_031/observation.jpg,b21c26e0-3202-4d9a-86f0-e82113c682ac,finished,1,0,cand_001,20.81913948059082,1779019518.6639497,correct,,1779019518.6638384,,False,True,Pick up the left spoon.,1,"{'plausible': ['cand_001'], 'eliminated': [], 'last_removed': []}",1,0,20.81913948059082,23,,,Pick up the left spoon.,scene_031::Pick up the left spoon.,pick up the left spoon,0,0,1,0,0,1,spoon,scene_031|partial,12,4,0.6666666666666667,7
trial_20260517_210523_fe6463,top_cups_01,main,scene_031,mixed,[],Pick up the left spoon.,partial,random_question,,,,1779019524.698623,/home/haoandong/ask2act/services/a6000_web/artifacts/offline_experiments/top_cups_01/scenes/scene_031/observation.jpg,a7de476f-35ee-485a-bd3d-8e43e54aaa33,finished,1,0,cand_001,30.216219425201416,1779019554.9148943,correct,,1779019554.914789,,False,True,Pick up the left spoon.,1,"{'plausible': ['cand_001'], 'eliminated': [], 'last_removed': []}",1,0,30.216219425201416,23,,,Pick up the left spoon.,scene_031::Pick up the left spoon.,pick up the left spoon,0,0,1,0,0,1,spoon,scene_031|partial,12,4,0.6666666666666667,7
trial_20260517_211739_257144,top_cups_01,main,scene_031,mixed,[],Pick up my fork.,ambiguous,random_question,,,,1779020260.2265549,/home/haoandong/ask2act/services/a6000_web/artifacts/offline_experiments/top_cups_01/scenes/scene_031/observation.jpg,e7762c78-6e0d-4e8c-bed4-ede7bef3e64e,finished,3,1,cand_008,54.295196771621704,1779020314.5219502,correct,,1779020314.5216045,,False,True,Pick up my fork.,3,"{'plausible': ['cand_008'], 'eliminated': ['cand_006', 'cand_007'], 'last_removed': ['cand_006', 'cand_007']}",1,1,54.295196771621704,16,,,Pick up my fork.,scene_031::Pick up my fork.,pick up my fork,1,0,0,0,0,1,fork,scene_031|ambiguous,12,3,0.75,7
trial_20260517_211851_d61c58,top_cups_01,main,scene_031,mixed,[],Pick up my fork.,ambiguous,vlm_best_question,,,,1779020332.3758342,/home/haoandong/ask2act/services/a6000_web/artifacts/offline_experiments/top_cups_01/scenes/scene_031/observation.jpg,47b22dd9-34c8-4481-91e4-02c4698371c2,finished,3,2,cand_007,109.72642207145691,1779020442.1024632,correct,,1779020442.1021068,,False,True,Pick up my fork.,3,"{'plausible': ['cand_007'], 'eliminated': ['cand_006', 'cand_008'], 'last_removed': ['cand_008']}",1,2,109.72642207145691,16,,,Pick up my fork.,scene_031::Pick up my fork.,pick up my fork,1,0,0,0,0,1,fork,scene_031|ambiguous,12,3,0.75,7
trial_20260517_212050_634077,top_cups_01,main,scene_031,mixed,[],Pick up my cup.,ambiguous,vlm_best_question,,,,1779020451.6676426,/home/haoandong/ask2act/services/a6000_web/artifacts/offline_experiments/top_cups_01/scenes/scene_031/observation.jpg,d8f05542-d15d-4afb-bc98-799056bbb3e5,finished,3,2,cand_002,69.5653145313263,1779020521.233163,correct,,1779020521.2328086,,False,True,Pick up my cup.,3,"{'plausible': ['cand_002'], 'eliminated': ['cand_001', 'cand_003'], 'last_removed': ['cand_003']}",1,2,69.5653145313263,15,,,Pick up my cup.,scene_031::Pick up my cup.,pick up my cup,1,0,0,0,0,1,cup,scene_031|ambiguous,12,3,0.75,4
trial_20260517_212237_539870,top_cups_01,main,scene_031,mixed,[],Pick up the left spoon.,partial,vlm_best_question,,,,1779020558.6597743,/home/haoandong/ask2act/services/a6000_web/artifacts/offline_experiments/top_cups_01/scenes/scene_031/observation.jpg,fc0aff0a-468e-4c26-8ceb-73bd32181718,finished,1,0,cand_001,50.08196043968201,1779020608.7419426,correct,,1779020608.7416146,,False,True,Pick up the left spoon.,1,"{'plausible': ['cand_001'], 'eliminated': [], 'last_removed': []}",1,0,50.08196043968201,23,,,Pick up the left spoon.,scene_031::Pick up the left spoon.,pick up the left spoon,0,0,1,0,0,1,spoon,scene_031|partial,12,4,0.6666666666666667,7
trial_20260517_212420_123c64,top_cups_01,main,scene_031,mixed,[],Pick up the right spoon.,partial,proposed_efe,,,,1779020660.8951797,/home/haoandong/ask2act/services/a6000_web/artifacts/offline_experiments/top_cups_01/scenes/scene_031/observation.jpg,3d8dd4ec-6c71-4a68-bb94-f602afa6e5df,finished,1,0,cand_001,28.75748634338379,1779020689.652863,correct,,1779020689.6525502,,False,True,Pick up the right spoon.,1,"{'plausible': ['cand_001'], 'eliminated': [], 'last_removed': []}",1,0,28.75748634338379,24,,,Pick up the right spoon.,scene_031::Pick up the right spoon.,pick up the right spoon,0,0,1,0,0,1,spoon,scene_031|partial,12,4,0.6666666666666667,1
trial_20260517_212504_301af8,top_cups_01,main,scene_031,mixed,[],Pick up the left spoon.,partial,proposed_efe,,,,1779020705.3239853,/home/haoandong/ask2act/services/a6000_web/artifacts/offline_experiments/top_cups_01/scenes/scene_031/observation.jpg,73f1fc59-8369-47f4-9fd0-f36d53a7e758,finished,1,0,cand_001,26.13966155052185,1779020731.4638433,correct,,1779020731.4635305,,False,True,Pick up the left spoon.,1,"{'plausible': ['cand_001'], 'eliminated': [], 'last_removed': []}",1,0,26.13966155052185,23,,,Pick up the left spoon.,scene_031::Pick up the left spoon.,pick up the left spoon,0,0,1,0,0,1,spoon,scene_031|partial,12,4,0.6666666666666667,7
trial_20260517_212724_9e31c4,top_cups_01,main,scene_031,mixed,[],Pick up my fork.,ambiguous,proposed_efe,,,,1779020845.3872106,/home/haoandong/ask2act/services/a6000_web/artifacts/offline_experiments/top_cups_01/scenes/scene_031/observation.jpg,55a03084-f052-4197-b6c5-f689f60a4343,finished,3,1,cand_006,36.91070222854614,1779020882.2981122,correct,,1779020882.2977676,,False,True,Pick up my fork.,3,"{'plausible': ['cand_006'], 'eliminated': ['cand_007', 'cand_008'], 'last_removed': ['cand_007', 'cand_008']}",1,1,36.91070222854614,16,,,Pick up my fork.,scene_031::Pick up my fork.,pick up my fork,1,0,0,0,0,1,fork,scene_031|ambiguous,12,3,0.75,7
trial_20260517_212837_ac8d30,top_cups_01,main,scene_032,mixed,[],Pick up the red cup.,clear,top_score,,,,1779020919.0591779,/home/haoandong/ask2act/services/a6000_web/artifacts/offline_experiments/top_cups_01/scenes/scene_032/observation.jpg,7cdb27e8-fed6-465a-bb99-ce05aface3a0,finished,1,0,cand_001,3.971090078353882,1779020923.030463,correct,,1779020923.0301504,,False,True,Pick up the red cup.,1,"{'plausible': ['cand_001'], 'eliminated': [], 'last_removed': []}",1,0,3.971090078353882,20,,,Pick up the red cup.,scene_032::Pick up the red cup.,pick up the red cup,0,1,0,0,0,1,cup,scene_032|clear,12,11,0.08333333333333337,1
trial_20260517_212900_cc5ab3,top_cups_01,main,scene_032,mixed,[],Pick up the green cup.,clear,top_score,,,,1779020941.7928035,/home/haoandong/ask2act/services/a6000_web/artifacts/offline_experiments/top_cups_01/scenes/scene_032/observation.jpg,e06078da-eb46-49a1-8730-ffd688472637,finished,1,0,cand_001,3.9161112308502197,1779020945.7091205,correct,,1779020945.708793,,False,True,Pick up the green cup.,1,"{'plausible': ['cand_001'], 'eliminated': [], 'last_removed': []}",1,0,3.9161112308502197,22,,,Pick up the green cup.,scene_032::Pick up the green cup.,pick up the green cup,0,1,0,0,0,1,cup,scene_032|clear,12,11,0.08333333333333337,1
trial_20260517_212915_35cbe4,top_cups_01,main,scene_032,mixed,[],Pick up the metal cup.,clear,random_candidate,,,,1779020956.2539966,/home/haoandong/ask2act/services/a6000_web/artifacts/offline_experiments/top_cups_01/scenes/scene_032/observation.jpg,7103a21f-2425-463b-9161-c2bb67a1739c,finished,1,0,cand_001,4.3480775356292725,1779020960.6022806,correct,,1779020960.601965,,False,True,Pick up the metal cup.,1,"{'plausible': ['cand_001'], 'eliminated': [], 'last_removed': []}",1,0,4.3480775356292725,22,,,Pick up the metal cup.,scene_032::Pick up the metal cup.,pick up the metal cup,0,0,0,0,0,0,cup,scene_032|clear,12,11,0.08333333333333337,1
trial_20260517_212937_6fd3fd,top_cups_01,main,scene_032,mixed,[],Pick up the green bottle.,clear,random_candidate,,,,1779020978.1965806,/home/haoandong/ask2act/services/a6000_web/artifacts/offline_experiments/top_cups_01/scenes/scene_032/observation.jpg,ed65d15b-6d41-4515-ae69-2689a358ba0a,finished,1,0,cand_001,3.162761926651001,1779020981.3595457,correct,,1779020981.3592203,,False,True,Pick up the green bottle.,1,"{'plausible': ['cand_001'], 'eliminated': [], 'last_removed': []}",1,0,3.162761926651001,25,,,Pick up the green bottle.,scene_032::Pick up the green bottle.,pick up the green bottle,0,1,0,0,0,1,bottle,scene_032|clear,12,11,0.08333333333333337,1
trial_20260517_212949_011ec5,top_cups_01,main,scene_032,mixed,[],Pick up the red bottle.,clear,vlm_direct,,,,1779020990.787535,/home/haoandong/ask2act/services/a6000_web/artifacts/offline_experiments/top_cups_01/scenes/scene_032/observation.jpg,db646b33-c412-4c8d-b6fe-83df18b269a9,finished,1,0,cand_001,3.6567652225494385,1779020994.444491,correct,,1779020994.4441829,,False,True,Pick up the red bottle.,1,"{'plausible': ['cand_001'], 'eliminated': [], 'last_removed': []}",1,0,3.6567652225494385,23,,,Pick up the red bottle.,scene_032::Pick up the red bottle.,pick up the red bottle,0,1,0,0,0,1,bottle,scene_032|clear,12,11,0.08333333333333337,1
trial_20260517_213019_b64ab6,top_cups_01,main,scene_032,mixed,[],Pick up the left cup.,clear,vlm_direct,,,,1779021021.0412385,/home/haoandong/ask2act/services/a6000_web/artifacts/offline_experiments/top_cups_01/scenes/scene_032/observation.jpg,2fa5b39f-a2ed-45cb-bc42-30a2226f60ad,finished,1,0,cand_001,3.509875535964966,1779021024.5513198,correct,,1779021024.550992,,False,True,Pick up the left cup.,1,"{'plausible': ['cand_001'], 'eliminated': [], 'last_removed': []}",1,0,3.509875535964966,21,,,Pick up the left cup.,scene_032::Pick up the left cup.,pick up the left cup,0,0,1,0,0,1,cup,scene_032|clear,12,11,0.08333333333333337,1
trial_20260517_213036_77473e,top_cups_01,main,scene_032,mixed,[],Pick up the right cup.,clear,first_question,,,,1779021037.909837,/home/haoandong/ask2act/services/a6000_web/artifacts/offline_experiments/top_cups_01/scenes/scene_032/observation.jpg,71525194-c668-43c0-b21e-2617d813f67d,finished,1,0,cand_001,5.966476678848267,1779021043.8765082,correct,,1779021043.8761966,,False,True,Pick up the right cup.,1,"{'plausible': ['cand_001'], 'eliminated': [], 'last_removed': []}",1,0,5.966476678848267,22,,,Pick up the right cup.,scene_032::Pick up the right cup.,pick up the right cup,0,0,1,0,0,1,cup,scene_032|clear,12,11,0.08333333333333337,1
trial_20260517_213106_49b71c,top_cups_01,main,scene_032,mixed,[],Pick up the green fork.,clear,first_question,,,,1779021068.10623,/home/haoandong/ask2act/services/a6000_web/artifacts/offline_experiments/top_cups_01/scenes/scene_032/observation.jpg,d6be3b8f-8e25-4c10-9cc6-22fdad8bc290,finished,1,0,cand_001,3.0612363815307617,1779021071.1676662,correct,,1779021071.1673477,,False,True,Pick up the green fork.,1,"{'plausible': ['cand_001'], 'eliminated': [], 'last_removed': []}",1,0,3.0612363815307617,23,,,Pick up the green fork.,scene_032::Pick up the green fork.,pick up the green fork,0,1,0,0,0,1,fork,scene_032|clear,12,11,0.08333333333333337,1
trial_20260517_213126_62ff74,top_cups_01,main,scene_032,mixed,[],Pick up the blue fork.,clear,random_question,,,,1779021088.001191,/home/haoandong/ask2act/services/a6000_web/artifacts/offline_experiments/top_cups_01/scenes/scene_032/observation.jpg,8698f6b9-cd17-42a4-b3ff-fb82ed7943d0,finished,1,0,cand_001,7.982476472854614,1779021095.983869,correct,,1779021095.9835486,,False,True,Pick up the blue fork.,1,"{'plausible': ['cand_001'], 'eliminated': [], 'last_removed': []}",1,0,7.982476472854614,22,,,Pick up the blue fork.,scene_032::Pick up the blue fork.,pick up the blue fork,0,1,0,0,0,1,fork,scene_032|clear,12,11,0.08333333333333337,1
trial_20260517_213230_39fbc5,top_cups_01,main,scene_032,mixed,[],Pick up the red fork.,clear,vlm_best_question,,,,1779021151.8799462,/home/haoandong/ask2act/services/a6000_web/artifacts/offline_experiments/top_cups_01/scenes/scene_032/observation.jpg,d3ddf85c-c3c6-48c6-8d6b-7f3893a563e2,finished,1,0,cand_001,4.2690582275390625,1779021156.1492095,correct,,1779021156.1488883,,False,True,Pick up the red fork.,1,"{'plausible': ['cand_001'], 'eliminated': [], 'last_removed': []}",1,0,4.2690582275390625,21,,,Pick up the red fork.,scene_032::Pick up the red fork.,pick up the red fork,0,1,0,0,0,1,fork,scene_032|clear,12,11,0.08333333333333337,1
trial_20260517_213332_634209,top_cups_01,main,scene_032,mixed,[],Pick up the cyan spoon.,clear,vlm_best_question,,,,1779021213.5089786,/home/haoandong/ask2act/services/a6000_web/artifacts/offline_experiments/top_cups_01/scenes/scene_032/observation.jpg,0b3f8a8f-03c3-4f97-a7d2-761ee066514f,finished,1,0,cand_001,1.951263427734375,1779021215.4604516,correct,,1779021215.460121,,False,True,Pick up the cyan spoon.,1,"{'plausible': ['cand_001'], 'eliminated': [], 'last_removed': []}",1,0,1.951263427734375,23,,,Pick up the cyan spoon.,scene_032::Pick up the cyan spoon.,pick up the cyan spoon,0,0,0,0,0,0,spoon,scene_032|clear,12,11,0.08333333333333337,2
trial_20260517_213340_b91a95,top_cups_01,main,scene_032,mixed,[],Pick up the cyan spoon.,clear,proposed_efe,,,,1779021222.1262016,/home/haoandong/ask2act/services/a6000_web/artifacts/offline_experiments/top_cups_01/scenes/scene_032/observation.jpg,afdfca41-0220-4b5c-8efd-79306cd99779,finished,1,0,cand_001,2.3423311710357666,1779021224.468737,correct,,1779021224.4684153,,False,True,Pick up the cyan spoon.,1,"{'plausible': ['cand_001'], 'eliminated': [], 'last_removed': []}",1,0,2.3423311710357666,23,,,Pick up the cyan spoon.,scene_032::Pick up the cyan spoon.,pick up the cyan spoon,0,0,0,0,0,0,spoon,scene_032|clear,12,11,0.08333333333333337,2
trial_20260517_213359_4fbf64,top_cups_01,main,scene_032,mixed,[],Pick up the left spoon.,partial,top_score,,,,1779021241.1535428,/home/haoandong/ask2act/services/a6000_web/artifacts/offline_experiments/top_cups_01/scenes/scene_032/observation.jpg,06611bd7-6369-47e4-a083-ad9508d3c7b1,finished,1,0,cand_001,3.3129265308380127,1779021244.4667294,correct,,1779021244.4663515,,False,True,Pick up the left spoon.,1,"{'plausible': ['cand_001'], 'eliminated': [], 'last_removed': []}",1,0,3.3129265308380127,23,,,Pick up the left spoon.,scene_032::Pick up the left spoon.,pick up the left spoon,0,0,1,0,0,1,spoon,scene_032|partial,11,2,0.8181818181818181,5
trial_20260517_213420_c0d57d,top_cups_01,main,scene_032,mixed,[],Pick up the right fork.,partial,top_score,,,,1779021261.5542436,/home/haoandong/ask2act/services/a6000_web/artifacts/offline_experiments/top_cups_01/scenes/scene_032/observation.jpg,f99ec282-454b-414f-a497-71bdbe122914,finished,1,0,cand_001,5.103131055831909,1779021266.6575751,correct,,1779021266.6572547,,False,True,Pick up the right fork.,1,"{'plausible': ['cand_001'], 'eliminated': [], 'last_removed': []}",1,0,5.103131055831909,23,,,Pick up the right fork.,scene_032::Pick up the right fork.,pick up the right fork,0,0,1,0,0,1,fork,scene_032|partial,11,2,0.8181818181818181,6
trial_20260517_213439_78bacc,top_cups_01,main,scene_032,mixed,[],Pick up my fork.,ambiguous,top_score,,,,1779021280.8844728,/home/haoandong/ask2act/services/a6000_web/artifacts/offline_experiments/top_cups_01/scenes/scene_032/observation.jpg,0c77826a-59cb-4216-aa12-8049f15632e1,finished,3,0,cand_006,10.288578510284424,1779021291.1731079,correct,,1779021291.1729903,,False,True,Pick up my fork.,3,"{'plausible': ['cand_006'], 'eliminated': ['cand_007', 'cand_008'], 'last_removed': ['cand_007', 'cand_008']}",1,0,10.288578510284424,16,,,Pick up my fork.,scene_032::Pick up my fork.,pick up my fork,1,0,0,0,0,1,fork,scene_032|ambiguous,13,3,0.7692307692307692,6
trial_20260517_213519_36b762,top_cups_01,main,scene_032,mixed,[],Pick up my cup.,ambiguous,top_score,,,,1779021320.4794784,/home/haoandong/ask2act/services/a6000_web/artifacts/offline_experiments/top_cups_01/scenes/scene_032/observation.jpg,aeb19ec7-7b25-4829-8b14-64a14854ead6,finished,3,0,cand_001,6.043108224868774,1779211872.2445276,wrong,,1779021326.5224555,ambiguity_not_solved,True,True,Pick up my cup.,3,"{'plausible': ['cand_001'], 'eliminated': ['cand_002', 'cand_003'], 'last_removed': ['cand_002', 'cand_003']}",0,0,6.043108224868774,15,,,Pick up my cup.,scene_032::Pick up my cup.,pick up my cup,1,0,0,0,0,1,cup,scene_032|ambiguous,13,3,0.7692307692307692,6
trial_20260517_213532_b25210,top_cups_01,main,scene_032,mixed,[],Pick up my cup.,ambiguous,random_candidate,,,,1779021333.2977777,/home/haoandong/ask2act/services/a6000_web/artifacts/offline_experiments/top_cups_01/scenes/scene_032/observation.jpg,a54e8dee-ad04-4f89-96e5-93380b9dc5ef,finished,3,0,cand_001,4.99754524230957,1779211877.62915,wrong,,1779021338.2952013,ambiguity_not_solved,True,True,Pick up my cup.,3,"{'plausible': ['cand_001'], 'eliminated': ['cand_002', 'cand_003'], 'last_removed': ['cand_002', 'cand_003']}",0,0,4.99754524230957,15,,,Pick up my cup.,scene_032::Pick up my cup.,pick up my cup,1,0,0,0,0,1,cup,scene_032|ambiguous,13,3,0.7692307692307692,6
trial_20260517_213545_f7b494,top_cups_01,main,scene_032,mixed,[],Pick up my fork.,ambiguous,random_candidate,,,,1779021347.0225263,/home/haoandong/ask2act/services/a6000_web/artifacts/offline_experiments/top_cups_01/scenes/scene_032/observation.jpg,f104b4ec-76a4-4349-8722-08053e02ef6f,finished,3,0,cand_006,7.149669408798218,1779211960.255782,wrong,,1779021354.1721046,ambiguity_not_solved,True,True,Pick up my fork.,3,"{'plausible': ['cand_006'], 'eliminated': ['cand_007', 'cand_008'], 'last_removed': ['cand_007', 'cand_008']}",0,0,7.149669408798218,16,,,Pick up my fork.,scene_032::Pick up my fork.,pick up my fork,1,0,0,0,0,1,fork,scene_032|ambiguous,13,3,0.7692307692307692,6
trial_20260517_213655_dd5d9b,top_cups_01,main,scene_032,mixed,[],Pick up the right fork.,partial,random_candidate,,,,1779021417.2094994,/home/haoandong/ask2act/services/a6000_web/artifacts/offline_experiments/top_cups_01/scenes/scene_032/observation.jpg,629c720b-d06a-4431-bd5a-329fa20d51e0,finished,1,0,cand_001,4.235010862350464,1779021421.4446318,correct,,1779021421.4444277,,False,True,Pick up the right fork.,1,"{'plausible': ['cand_001'], 'eliminated': [], 'last_removed': []}",1,0,4.235010862350464,23,,,Pick up the right fork.,scene_032::Pick up the right fork.,pick up the right fork,0,0,1,0,0,1,fork,scene_032|partial,11,2,0.8181818181818181,6
trial_20260517_213748_c6f899,top_cups_01,main,scene_032,mixed,[],Pick up the left spoon.,partial,vlm_direct,,,,1779021470.2098799,/home/haoandong/ask2act/services/a6000_web/artifacts/offline_experiments/top_cups_01/scenes/scene_032/observation.jpg,b5f89d1f-7a2a-4219-8dd3-61710775075a,finished,1,0,cand_001,17.406607627868652,1779021487.6166902,correct,,1779021487.6163673,,False,True,Pick up the left spoon.,1,"{'plausible': ['cand_001'], 'eliminated': [], 'last_removed': []}",1,0,17.406607627868652,23,,,Pick up the left spoon.,scene_032::Pick up the left spoon.,pick up the left spoon,0,0,1,0,0,1,spoon,scene_032|partial,11,2,0.8181818181818181,5
trial_20260517_213837_17266c,top_cups_01,main,scene_032,mixed,[],Pick up the left spoon.,partial,vlm_direct,,,,1779021518.4700372,/home/haoandong/ask2act/services/a6000_web/artifacts/offline_experiments/top_cups_01/scenes/scene_032/observation.jpg,110e9381-e74e-4334-8a04-ea4df6e4ad56,finished,1,0,cand_001,1.7131235599517822,1779021520.1832156,correct,,1779021520.1831074,,False,True,Pick up the left spoon.,1,"{'plausible': ['cand_001'], 'eliminated': [], 'last_removed': []}",1,0,1.7131235599517822,23,,,Pick up the left spoon.,scene_032::Pick up the left spoon.,pick up the left spoon,0,0,1,0,0,1,spoon,scene_032|partial,11,2,0.8181818181818181,5
trial_20260517_213855_1b89e0,top_cups_01,main,scene_032,mixed,[],Pick up my fork.,ambiguous,vlm_direct,,,,1779021537.1728146,/home/haoandong/ask2act/services/a6000_web/artifacts/offline_experiments/top_cups_01/scenes/scene_032/observation.jpg,a55b42a4-2615-4d1b-81bd-4a61ed8e5c29,finished,3,0,cand_006,61.79775834083557,1779021598.970633,correct,,1779021598.9705162,,False,True,Pick up my fork.,3,"{'plausible': ['cand_006'], 'eliminated': ['cand_007', 'cand_008'], 'last_removed': ['cand_007', 'cand_008']}",1,0,61.79775834083557,16,,,Pick up my fork.,scene_032::Pick up my fork.,pick up my fork,1,0,0,0,0,1,fork,scene_032|ambiguous,13,3,0.7692307692307692,6
trial_20260517_214133_ad1148,top_cups_01,main,scene_032,mixed,[],Pick up my cup.,ambiguous,first_question,,,,1779021694.785464,/home/haoandong/ask2act/services/a6000_web/artifacts/offline_experiments/top_cups_01/scenes/scene_032/observation.jpg,472f4956-adfc-4418-9d5d-b152f95bd2a6,finished,3,2,cand_003,79.30533123016357,1779021774.0908537,correct,,1779021774.0907285,,False,True,Pick up my cup.,3,"{'plausible': ['cand_003'], 'eliminated': ['cand_001', 'cand_002'], 'last_removed': ['cand_001']}",1,2,79.30533123016357,15,,,Pick up my cup.,scene_032::Pick up my cup.,pick up my cup,1,0,0,0,0,1,cup,scene_032|ambiguous,13,3,0.7692307692307692,6
trial_20260517_214303_8f2c28,top_cups_01,main,scene_032,mixed,[],Pick up my fork.,ambiguous,first_question,,,,1779021784.7049456,/home/haoandong/ask2act/services/a6000_web/artifacts/offline_experiments/top_cups_01/scenes/scene_032/observation.jpg,e0b8f1d3-2e3e-4341-9bb3-011ce6400f2c,finished,3,2,cand_007,133.41151881217957,1779021918.1166668,correct,,1779021918.1163158,,False,True,Pick up my fork.,3,"{'plausible': ['cand_007'], 'eliminated': ['cand_006', 'cand_008'], 'last_removed': ['cand_006']}",1,2,133.41151881217957,16,,,Pick up my fork.,scene_032::Pick up my fork.,pick up my fork,1,0,0,0,0,1,fork,scene_032|ambiguous,13,3,0.7692307692307692,6
trial_20260517_214555_a0dd11,top_cups_01,main,scene_032,mixed,[],Pick up the left spoon.,partial,first_question,,,,1779021956.18492,/home/haoandong/ask2act/services/a6000_web/artifacts/offline_experiments/top_cups_01/scenes/scene_032/observation.jpg,da2aa962-17b7-42f0-9aa7-8ebc53a9c188,finished,1,0,cand_001,23.14110231399536,1779021979.3260803,correct,,1779021979.3259733,,False,True,Pick up the left spoon.,1,"{'plausible': ['cand_001'], 'eliminated': [], 'last_removed': []}",1,0,23.14110231399536,23,,,Pick up the left spoon.,scene_032::Pick up the left spoon.,pick up the left spoon,0,0,1,0,0,1,spoon,scene_032|partial,11,2,0.8181818181818181,5
trial_20260517_214623_0629cc,top_cups_01,main,scene_032,mixed,[],Pick up the left spoon.,partial,random_question,,,,1779021984.8516834,/home/haoandong/ask2act/services/a6000_web/artifacts/offline_experiments/top_cups_01/scenes/scene_032/observation.jpg,8f48e02c-1142-45d0-aac5-0466ef613c80,finished,1,0,cand_001,22.19432258605957,1779022007.0460677,correct,,1779022007.0459526,,False,True,Pick up the left spoon.,1,"{'plausible': ['cand_001'], 'eliminated': [], 'last_removed': []}",1,0,22.19432258605957,23,,,Pick up the left spoon.,scene_032::Pick up the left spoon.,pick up the left spoon,0,0,1,0,0,1,spoon,scene_032|partial,11,2,0.8181818181818181,5
trial_20260517_214657_452037,top_cups_01,main,scene_032,mixed,[],Pick up the right fork.,partial,random_question,,,,1779022018.1612544,/home/haoandong/ask2act/services/a6000_web/artifacts/offline_experiments/top_cups_01/scenes/scene_032/observation.jpg,f2dc70f2-6ec3-4720-872c-5a2dc992a032,finished,1,0,cand_001,29.634873390197754,1779022047.7961798,correct,,1779022047.7960744,,False,True,Pick up the right fork.,1,"{'plausible': ['cand_001'], 'eliminated': [], 'last_removed': []}",1,0,29.634873390197754,23,,,Pick up the right fork.,scene_032::Pick up the right fork.,pick up the right fork,0,0,1,0,0,1,fork,scene_032|partial,11,2,0.8181818181818181,6
trial_20260517_214739_1d4ba1,top_cups_01,main,scene_032,mixed,[],Pick up the my fork.,ambiguous,random_question,,,,1779022060.6463182,/home/haoandong/ask2act/services/a6000_web/artifacts/offline_experiments/top_cups_01/scenes/scene_032/observation.jpg,669980df-4108-4185-8073-9dfe07c31a5d,finished,3,2,cand_007,100.42309045791626,1779022161.0696347,correct,,1779022161.0692613,,False,True,Pick up the my fork.,3,"{'plausible': ['cand_007'], 'eliminated': ['cand_006', 'cand_008'], 'last_removed': ['cand_008']}",1,2,100.42309045791626,20,,,Pick up the my fork.,scene_032::Pick up the my fork.,pick up the my fork,1,0,0,0,0,1,fork,scene_032|ambiguous,13,3,0.7692307692307692,1
trial_20260517_214932_dd902d,top_cups_01,main,scene_032,mixed,[],Pick up my cup.,ambiguous,random_question,,,,1779022173.00147,/home/haoandong/ask2act/services/a6000_web/artifacts/offline_experiments/top_cups_01/scenes/scene_032/observation.jpg,320034f2-098a-4359-8f4e-ce76ca32c401,finished,3,2,cand_003,75.33985471725464,1779022248.3415437,correct,,1779022248.34117,,False,True,Pick up my cup.,3,"{'plausible': ['cand_003'], 'eliminated': ['cand_001', 'cand_002'], 'last_removed': ['cand_001']}",1,2,75.33985471725464,15,,,Pick up my cup.,scene_032::Pick up my cup.,pick up my cup,1,0,0,0,0,1,cup,scene_032|ambiguous,13,3,0.7692307692307692,6
trial_20260517_215110_58ce7d,top_cups_01,main,scene_032,mixed,[],Pick up my cup.,ambiguous,vlm_best_question,,,,1779022271.198219,/home/haoandong/ask2act/services/a6000_web/artifacts/offline_experiments/top_cups_01/scenes/scene_032/observation.jpg,fd47e81f-2747-4ba8-ba59-7b941c9ecb88,finished,3,2,cand_003,148.60810947418213,1779022419.8063874,correct,,1779022419.8062665,,False,True,Pick up my cup.,3,"{'plausible': ['cand_003'], 'eliminated': ['cand_001', 'cand_002'], 'last_removed': ['cand_001']}",1,2,148.60810947418213,15,,,Pick up my cup.,scene_032::Pick up my cup.,pick up my cup,1,0,0,0,0,1,cup,scene_032|ambiguous,13,3,0.7692307692307692,6
trial_20260517_215401_420c0d,top_cups_01,main,scene_032,mixed,[],Pick up my fork.,ambiguous,vlm_best_question,,,,1779022442.6737876,/home/haoandong/ask2act/services/a6000_web/artifacts/offline_experiments/top_cups_01/scenes/scene_032/observation.jpg,26feefd0-7a48-410b-99a8-3c9bf1e45d69,finished,3,2,cand_007,178.8611249923706,1779022621.5351388,correct,,1779022621.5347614,,False,True,Pick up my fork.,3,"{'plausible': ['cand_007'], 'eliminated': ['cand_006', 'cand_008'], 'last_removed': ['cand_008']}",1,2,178.8611249923706,16,,,Pick up my fork.,scene_032::Pick up my fork.,pick up my fork,1,0,0,0,0,1,fork,scene_032|ambiguous,13,3,0.7692307692307692,6
trial_20260517_215747_1fffca,top_cups_01,main,scene_032,mixed,[],Pick up the right fork.,partial,vlm_best_question,,,,1779022668.2391057,/home/haoandong/ask2act/services/a6000_web/artifacts/offline_experiments/top_cups_01/scenes/scene_032/observation.jpg,56848906-13c0-41a1-a604-d66ed08616ba,finished,1,0,cand_001,33.212376832962036,1779022701.4515364,correct,,1779022701.451429,,False,True,Pick up the right fork.,1,"{'plausible': ['cand_001'], 'eliminated': [], 'last_removed': []}",1,0,33.212376832962036,23,,,Pick up the right fork.,scene_032::Pick up the right fork.,pick up the right fork,0,0,1,0,0,1,fork,scene_032|partial,11,2,0.8181818181818181,6
trial_20260517_215823_b13b39,top_cups_01,main,scene_032,mixed,[],Pick up the right fork.,partial,proposed_efe,,,,1779022704.6206965,/home/haoandong/ask2act/services/a6000_web/artifacts/offline_experiments/top_cups_01/scenes/scene_032/observation.jpg,f4a440d7-a8cf-4900-9dd0-986405d438ec,finished,1,0,cand_001,38.29008150100708,1779022742.9108353,correct,,1779022742.9107254,,False,True,Pick up the right fork.,1,"{'plausible': ['cand_001'], 'eliminated': [], 'last_removed': []}",1,0,38.29008150100708,23,,,Pick up the right fork.,scene_032::Pick up the right fork.,pick up the right fork,0,0,1,0,0,1,fork,scene_032|partial,11,2,0.8181818181818181,6
trial_20260517_215903_ab7b43,top_cups_01,main,scene_032,mixed,[],Pick up the right fork.,partial,proposed_efe,,,,1779022744.7146494,/home/haoandong/ask2act/services/a6000_web/artifacts/offline_experiments/top_cups_01/scenes/scene_032/observation.jpg,f2d7e152-309f-465d-85e6-b41fa09d168c,finished,1,0,cand_001,48.09242057800293,1779022792.8071284,correct,,1779022792.8070173,,False,True,Pick up the right fork.,1,"{'plausible': ['cand_001'], 'eliminated': [], 'last_removed': []}",1,0,48.09242057800293,23,,,Pick up the right fork.,scene_032::Pick up the right fork.,pick up the right fork,0,0,1,0,0,1,fork,scene_032|partial,11,2,0.8181818181818181,6
trial_20260517_220007_d5586a,top_cups_01,main,scene_032,mixed,[],Pick up my fork.,ambiguous,proposed_efe,,,,1779022809.0342271,/home/haoandong/ask2act/services/a6000_web/artifacts/offline_experiments/top_cups_01/scenes/scene_032/observation.jpg,7faef324-63f8-4518-9540-70e9f77d5add,finished,3,2,cand_007,125.9489197731018,1779022934.9832056,correct,,1779022934.98308,,False,True,Pick up my fork.,3,"{'plausible': ['cand_007'], 'eliminated': ['cand_006', 'cand_008'], 'last_removed': ['cand_006']}",1,2,125.9489197731018,16,,,Pick up my fork.,scene_032::Pick up my fork.,pick up my fork,1,0,0,0,0,1,fork,scene_032|ambiguous,13,3,0.7692307692307692,6
trial_20260517_220227_6dc95a,top_cups_01,main,scene_032,mixed,[],Pick up my cup.,ambiguous,proposed_efe,,,,1779022948.1826892,/home/haoandong/ask2act/services/a6000_web/artifacts/offline_experiments/top_cups_01/scenes/scene_032/observation.jpg,ef569075-1bc8-42c8-bffd-5000ebc176a6,finished,3,2,cand_003,111.99271535873413,1779023060.1754565,correct,,1779023060.1753373,,False,True,Pick up my cup.,3,"{'plausible': ['cand_003'], 'eliminated': ['cand_001', 'cand_002'], 'last_removed': ['cand_001']}",1,2,111.99271535873413,15,,,Pick up my cup.,scene_032::Pick up my cup.,pick up my cup,1,0,0,0,0,1,cup,scene_032|ambiguous,13,3,0.7692307692307692,6
trial_20260517_220654_d2d047,top_cups_01,main,scene_033,mixed,[],Pick up the red cup.,clear,top_score,,,,1779023216.33987,/home/haoandong/ask2act/services/a6000_web/artifacts/offline_experiments/top_cups_01/scenes/scene_033/observation.jpg,9b346f02-1d97-4ec6-ae68-e7154b21d5fa,finished,1,0,cand_001,23.50788116455078,1779023239.847833,correct,,1779023239.8476884,,False,True,Pick up the red cup.,1,"{'plausible': ['cand_001'], 'eliminated': [], 'last_removed': []}",1,0,23.50788116455078,20,,,Pick up the red cup.,scene_033::Pick up the red cup.,pick up the red cup,0,1,0,0,0,1,cup,scene_033|clear,16,11,0.3125,2
trial_20260517_220735_98fc66,top_cups_01,main,scene_033,mixed,[],Pick up the green cup.,clear,top_score,,,,1779023256.5907023,/home/haoandong/ask2act/services/a6000_web/artifacts/offline_experiments/top_cups_01/scenes/scene_033/observation.jpg,0fb662c7-e24f-4a35-9066-8f851db93ce3,finished,1,0,cand_001,43.9194655418396,1779023300.5103962,correct,,1779023300.5100389,,False,True,Pick up the green cup.,1,"{'plausible': ['cand_001'], 'eliminated': [], 'last_removed': []}",1,0,43.9194655418396,22,,,Pick up the green cup.,scene_033::Pick up the green cup.,pick up the green cup,0,1,0,0,0,1,cup,scene_033|clear,16,11,0.3125,1
trial_20260517_220837_25d687,top_cups_01,main,scene_033,mixed,[],Pick up the center cup.,clear,random_candidate,,,,1779023318.8878474,/home/haoandong/ask2act/services/a6000_web/artifacts/offline_experiments/top_cups_01/scenes/scene_033/observation.jpg,815bae51-f601-485a-8dd5-bfb89de423ea,finished,2,0,cand_002,10.972818613052368,1779211984.134767,wrong,,1779023329.86059,ambiguity_not_solved,True,True,Pick up the center cup.,2,"{'plausible': ['cand_002'], 'eliminated': ['cand_001'], 'last_removed': ['cand_001']}",0,0,10.972818613052368,23,,,Pick up the center cup.,scene_033::Pick up the center cup.,pick up the center cup,0,0,1,0,0,1,cup,scene_033|clear,16,11,0.3125,1
trial_20260517_220912_ace00e,top_cups_01,main,scene_033,mixed,[],Pick up the metal cup.,clear,random_candidate,,,,1779023353.3892045,/home/haoandong/ask2act/services/a6000_web/artifacts/offline_experiments/top_cups_01/scenes/scene_033/observation.jpg,5e05e647-cb44-4df1-8f55-4ff264560d9a,finished,1,0,cand_001,4.439246654510498,1779023357.828507,correct,,1779023357.8283944,,False,True,Pick up the metal cup.,1,"{'plausible': ['cand_001'], 'eliminated': [], 'last_removed': []}",1,0,4.439246654510498,22,,,Pick up the metal cup.,scene_033::Pick up the metal cup.,pick up the metal cup,0,0,0,0,0,0,cup,scene_033|clear,16,11,0.3125,1
trial_20260517_220933_5d477b,top_cups_01,main,scene_033,mixed,[],Pick up the red cup.,clear,vlm_direct,,,,1779023375.0800447,/home/haoandong/ask2act/services/a6000_web/artifacts/offline_experiments/top_cups_01/scenes/scene_033/observation.jpg,34fe82d9-f7fa-476f-99c8-474757c4f1b1,finished,1,0,cand_001,4.269593000411987,1779023379.3496866,correct,,1779023379.3495896,,False,True,Pick up the red cup.,1,"{'plausible': ['cand_001'], 'eliminated': [], 'last_removed': []}",1,0,4.269593000411987,20,,,Pick up the red cup.,scene_033::Pick up the red cup.,pick up the red cup,0,1,0,0,0,1,cup,scene_033|clear,16,11,0.3125,2
trial_20260517_220958_ec37a4,top_cups_01,main,scene_033,mixed,[],Pick up the red bottle.,clear,vlm_direct,,,,1779023399.4908814,/home/haoandong/ask2act/services/a6000_web/artifacts/offline_experiments/top_cups_01/scenes/scene_033/observation.jpg,fa2bc48f-3bd8-4abf-82a4-36d72f8934f4,finished,1,0,cand_001,4.614181280136108,1779023404.1052394,correct,,1779023404.1049526,,False,True,Pick up the red bottle.,1,"{'plausible': ['cand_001'], 'eliminated': [], 'last_removed': []}",1,0,4.614181280136108,23,,,Pick up the red bottle.,scene_033::Pick up the red bottle.,pick up the red bottle,0,1,0,0,0,1,bottle,scene_033|clear,16,11,0.3125,1
trial_20260517_221011_b43d01,top_cups_01,main,scene_033,mixed,[],Pick up the green bottle.,clear,first_question,,,,1779023412.9431252,/home/haoandong/ask2act/services/a6000_web/artifacts/offline_experiments/top_cups_01/scenes/scene_033/observation.jpg,a559115b-bde2-4004-805c-98a02e1a2e7f,finished,1,0,cand_001,3.542105197906494,1779023416.485282,correct,,1779023416.4851773,,False,True,Pick up the green bottle.,1,"{'plausible': ['cand_001'], 'eliminated': [], 'last_removed': []}",1,0,3.542105197906494,25,,,Pick up the green bottle.,scene_033::Pick up the green bottle.,pick up the green bottle,0,1,0,0,0,1,bottle,scene_033|clear,16,11,0.3125,1
trial_20260517_221031_14e83f,top_cups_01,main,scene_033,mixed,[],Pick up the green fork.,clear,first_question,,,,1779023433.1162949,/home/haoandong/ask2act/services/a6000_web/artifacts/offline_experiments/top_cups_01/scenes/scene_033/observation.jpg,4dca2a61-a7fa-4db7-84dd-e0b8529217dd,finished,1,0,cand_001,5.060703992843628,1779023438.177205,correct,,1779023438.1768804,,False,True,Pick up the green fork.,1,"{'plausible': ['cand_001'], 'eliminated': [], 'last_removed': []}",1,0,5.060703992843628,23,,,Pick up the green fork.,scene_033::Pick up the green fork.,pick up the green fork,0,1,0,0,0,1,fork,scene_033|clear,16,11,0.3125,1
trial_20260517_221051_637942,top_cups_01,main,scene_033,mixed,[],Pick up the blue fork.,clear,first_question,,,,1779023453.1869783,/home/haoandong/ask2act/services/a6000_web/artifacts/offline_experiments/top_cups_01/scenes/scene_033/observation.jpg,615f1cbb-5f1a-4716-a636-bd445a96dfaf,finished,1,0,cand_001,8.686530351638794,1779023461.8737047,correct,,1779023461.873385,,False,True,Pick up the blue fork.,1,"{'plausible': ['cand_001'], 'eliminated': [], 'last_removed': []}",1,0,8.686530351638794,22,,,Pick up the blue fork.,scene_033::Pick up the blue fork.,pick up the blue fork,0,1,0,0,0,1,fork,scene_033|clear,16,11,0.3125,1
trial_20260517_221113_378e60,top_cups_01,main,scene_033,mixed,[],Pick up the red fork.,clear,first_question,,,,1779023474.8293805,/home/haoandong/ask2act/services/a6000_web/artifacts/offline_experiments/top_cups_01/scenes/scene_033/observation.jpg,fd97ccea-02fd-42bd-af9d-4a32df3e54a1,finished,1,0,cand_001,3.1124579906463623,1779023477.9418955,correct,,1779023477.9417827,,False,True,Pick up the red fork.,1,"{'plausible': ['cand_001'], 'eliminated': [], 'last_removed': []}",1,0,3.1124579906463623,21,,,Pick up the red fork.,scene_033::Pick up the red fork.,pick up the red fork,0,1,0,0,0,1,fork,scene_033|clear,16,11,0.3125,1
trial_20260517_221131_9e9c58,top_cups_01,main,scene_033,mixed,[],Pick up the red spoon.,clear,random_question,,,,1779023492.5173326,/home/haoandong/ask2act/services/a6000_web/artifacts/offline_experiments/top_cups_01/scenes/scene_033/observation.jpg,eb4a662b-9270-484a-92c3-5e5346ce665d,finished,1,0,cand_001,3.5191195011138916,1779023496.036599,correct,,1779023496.0363572,,False,True,Pick up the red spoon.,1,"{'plausible': ['cand_001'], 'eliminated': [], 'last_removed': []}",1,0,3.5191195011138916,22,,,Pick up the red spoon.,scene_033::Pick up the red spoon.,pick up the red spoon,0,1,0,0,0,1,spoon,scene_033|clear,16,11,0.3125,1
trial_20260517_221148_5e9822,top_cups_01,main,scene_033,mixed,[],Pick up the green spoon.,clear,random_question,,,,1779023509.6988268,/home/haoandong/ask2act/services/a6000_web/artifacts/offline_experiments/top_cups_01/scenes/scene_033/observation.jpg,6f07a4b8-d8f8-475f-aa45-5567e1bb51f7,finished,1,0,cand_001,3.754392385482788,1779023513.453279,correct,,1779023513.4531682,,False,True,Pick up the green spoon.,1,"{'plausible': ['cand_001'], 'eliminated': [], 'last_removed': []}",1,0,3.754392385482788,24,,,Pick up the green spoon.,scene_033::Pick up the green spoon.,pick up the green spoon,0,1,0,0,0,1,spoon,scene_033|clear,16,11,0.3125,5
trial_20260517_221200_4703ae,top_cups_01,main,scene_033,mixed,[],Pick up the green spoon.,clear,vlm_best_question,,,,1779023521.8565762,/home/haoandong/ask2act/services/a6000_web/artifacts/offline_experiments/top_cups_01/scenes/scene_033/observation.jpg,4a4ae9e7-e587-455b-81de-d9b658c95f25,finished,1,0,cand_001,2.5370559692382812,1779023524.3936863,correct,,1779023524.3935769,,False,True,Pick up the green spoon.,1,"{'plausible': ['cand_001'], 'eliminated': [], 'last_removed': []}",1,0,2.5370559692382812,24,,,Pick up the green spoon.,scene_033::Pick up the green spoon.,pick up the green spoon,0,1,0,0,0,1,spoon,scene_033|clear,16,11,0.3125,5
trial_20260517_221206_795973,top_cups_01,main,scene_033,mixed,[],Pick up the green spoon.,clear,vlm_best_question,,,,1779023528.237313,/home/haoandong/ask2act/services/a6000_web/artifacts/offline_experiments/top_cups_01/scenes/scene_033/observation.jpg,85a8a4ae-5589-4c64-9aeb-60a82deab1f5,finished,1,0,cand_001,1.784398078918457,1779023530.0217931,correct,,1779023530.0216465,,False,True,Pick up the green spoon.,1,"{'plausible': ['cand_001'], 'eliminated': [], 'last_removed': []}",1,0,1.784398078918457,24,,,Pick up the green spoon.,scene_033::Pick up the green spoon.,pick up the green spoon,0,1,0,0,0,1,spoon,scene_033|clear,16,11,0.3125,5
trial_20260517_221213_123f4e,top_cups_01,main,scene_033,mixed,[],Pick up the green spoon.,clear,proposed_efe,,,,1779023534.4301684,/home/haoandong/ask2act/services/a6000_web/artifacts/offline_experiments/top_cups_01/scenes/scene_033/observation.jpg,aef417a6-9f2d-4c21-8551-a809dc83bb82,finished,1,0,cand_001,2.121819496154785,1779023536.5521324,correct,,1779023536.5519285,,False,True,Pick up the green spoon.,1,"{'plausible': ['cand_001'], 'eliminated': [], 'last_removed': []}",1,0,2.121819496154785,24,,,Pick up the green spoon.,scene_033::Pick up the green spoon.,pick up the green spoon,0,1,0,0,0,1,spoon,scene_033|clear,16,11,0.3125,5
trial_20260517_221217_228659,top_cups_01,main,scene_033,mixed,[],Pick up the green spoon.,clear,proposed_efe,,,,1779023539.0185943,/home/haoandong/ask2act/services/a6000_web/artifacts/offline_experiments/top_cups_01/scenes/scene_033/observation.jpg,29ab7adc-4a90-4d56-8c45-7dd29c7f75f1,finished,1,0,cand_001,3.226369619369507,1779023542.245022,correct,,1779023542.244911,,False,True,Pick up the green spoon.,1,"{'plausible': ['cand_001'], 'eliminated': [], 'last_removed': []}",1,0,3.226369619369507,24,,,Pick up the green spoon.,scene_033::Pick up the green spoon.,pick up the green spoon,0,1,0,0,0,1,spoon,scene_033|clear,16,11,0.3125,5
trial_20260517_221244_0a1a16,top_cups_01,main,scene_033,mixed,[],Pick up the left spoon.,partial,top_score,,,,1779023565.5505035,/home/haoandong/ask2act/services/a6000_web/artifacts/offline_experiments/top_cups_01/scenes/scene_033/observation.jpg,4caaa664-7e10-4b64-92d5-81f073f15b96,finished,1,0,cand_001,3.256528854370117,1779023568.807088,correct,,1779023568.806976,,False,True,Pick up the left spoon.,1,"{'plausible': ['cand_001'], 'eliminated': [], 'last_removed': []}",1,0,3.256528854370117,23,,,Pick up the left spoon.,scene_033::Pick up the left spoon.,pick up the left spoon,0,0,1,0,0,1,spoon,scene_033|partial,11,3,0.7272727272727273,3
trial_20260517_221329_bf724e,top_cups_01,main,scene_033,mixed,[],Pick up the center cup.,partial,top_score,,,,1779023610.1663792,/home/haoandong/ask2act/services/a6000_web/artifacts/offline_experiments/top_cups_01/scenes/scene_033/observation.jpg,68e194c1-4b31-4625-af4f-b237372e202b,finished,2,0,cand_001,7.236188888549805,1779023617.4026246,correct,,1779023617.4025104,,False,True,Pick up the center cup.,2,"{'plausible': ['cand_001'], 'eliminated': ['cand_002'], 'last_removed': ['cand_002']}",1,0,7.236188888549805,23,,,Pick up the center cup.,scene_033::Pick up the center cup.,pick up the center cup,0,0,1,0,0,1,cup,scene_033|partial,11,3,0.7272727272727273,6
trial_20260517_221351_c293e7,top_cups_01,main,scene_033,mixed,[],Pick up my cup.,ambiguous,top_score,,,,1779023632.2209678,/home/haoandong/ask2act/services/a6000_web/artifacts/offline_experiments/top_cups_01/scenes/scene_033/observation.jpg,53d598c4-aba7-4210-bbbc-e53f16655ffe,finished,3,0,cand_001,8.973301649093628,1779212005.1057894,wrong,,1779023641.1941683,ambiguity_not_solved,True,True,Pick up my cup.,3,"{'plausible': ['cand_001'], 'eliminated': ['cand_002', 'cand_003'], 'last_removed': ['cand_002', 'cand_003']}",0,0,8.973301649093628,15,,,Pick up my cup.,scene_033::Pick up my cup.,pick up my cup,1,0,0,0,0,1,cup,scene_033|ambiguous,11,3,0.7272727272727273,6
trial_20260517_221506_973373,top_cups_01,main,scene_033,mixed,[],Pick up my cup.,ambiguous,random_candidate,,,,1779023707.1291356,/home/haoandong/ask2act/services/a6000_web/artifacts/offline_experiments/top_cups_01/scenes/scene_033/observation.jpg,13188ff4-958e-4d2a-9156-d46e9e3b3eee,finished,3,0,cand_001,5.85485577583313,1779212011.602543,wrong,,1779023712.9839268,ambiguity_not_solved,True,True,Pick up my cup.,3,"{'plausible': ['cand_001'], 'eliminated': ['cand_002', 'cand_003'], 'last_removed': ['cand_002', 'cand_003']}",0,0,5.85485577583313,15,,,Pick up my cup.,scene_033::Pick up my cup.,pick up my cup,1,0,0,0,0,1,cup,scene_033|ambiguous,11,3,0.7272727272727273,6
trial_20260517_221617_3a5f24,top_cups_01,main,scene_033,mixed,[],Pick up the center cup.,partial,vlm_direct,,,,1779023778.1670275,/home/haoandong/ask2act/services/a6000_web/artifacts/offline_experiments/top_cups_01/scenes/scene_033/observation.jpg,04241068-d9f3-407b-9d6e-8528f5e3defb,finished,2,0,cand_001,128.33381462097168,1779023906.5009253,correct,,1779023906.50077,,False,True,Pick up the center cup.,2,"{'plausible': ['cand_001'], 'eliminated': ['cand_002'], 'last_removed': ['cand_002']}",1,0,128.33381462097168,23,,,Pick up the center cup.,scene_033::Pick up the center cup.,pick up the center cup,0,0,1,0,0,1,cup,scene_033|partial,11,3,0.7272727272727273,6
trial_20260517_221850_de3000,top_cups_01,main,scene_033,mixed,[],Pick up my cup.,ambiguous,vlm_direct,,,,1779023931.6420262,/home/haoandong/ask2act/services/a6000_web/artifacts/offline_experiments/top_cups_01/scenes/scene_033/observation.jpg,72ca6926-8b32-456f-8155-698831403e47,finished,3,0,cand_001,51.328288555145264,1779212017.1298404,wrong,,1779023982.970252,ambiguity_not_solved,True,True,Pick up my cup.,3,"{'plausible': ['cand_001'], 'eliminated': ['cand_002', 'cand_003'], 'last_removed': ['cand_002', 'cand_003']}",0,0,51.328288555145264,15,,,Pick up my cup.,scene_033::Pick up my cup.,pick up my cup,1,0,0,0,0,1,cup,scene_033|ambiguous,11,3,0.7272727272727273,6
trial_20260517_221949_253c6d,top_cups_01,main,scene_033,mixed,[],Pick up my fork.,ambiguous,vlm_direct,,,,1779023990.96395,/home/haoandong/ask2act/services/a6000_web/artifacts/offline_experiments/top_cups_01/scenes/scene_033/observation.jpg,c8f61cbe-da8e-4dd6-83e6-bd8196c69041,finished,3,0,cand_006,56.558021068573,1779024047.5220432,correct,,1779024047.5219038,,False,True,Pick up my fork.,3,"{'plausible': ['cand_006'], 'eliminated': ['cand_007', 'cand_008'], 'last_removed': ['cand_007', 'cand_008']}",1,0,56.558021068573,16,,,Pick up my fork.,scene_033::Pick up my fork.,pick up my fork,1,0,0,0,0,1,fork,scene_033|ambiguous,11,3,0.7272727272727273,4
trial_20260517_222106_7738e6,top_cups_01,main,scene_033,mixed,[],Pick up my fork.,ambiguous,first_question,,,,1779024067.5453985,/home/haoandong/ask2act/services/a6000_web/artifacts/offline_experiments/top_cups_01/scenes/scene_033/observation.jpg,654bb6d0-77f2-4772-8251-781566032e13,finished,3,2,cand_007,442.3522582054138,1779024509.8977091,correct,,1779024509.8975997,,False,True,Pick up my fork.,3,"{'plausible': ['cand_007'], 'eliminated': ['cand_006', 'cand_008'], 'last_removed': ['cand_008']}",1,2,442.3522582054138,16,,,Pick up my fork.,scene_033::Pick up my fork.,pick up my fork,1,0,0,0,0,1,fork,scene_033|ambiguous,11,3,0.7272727272727273,4
trial_20260517_223302_b22006,top_cups_01,main,scene_033,mixed,[],Pick up my cup.,ambiguous,first_question,,,,1779024783.510902,/home/haoandong/ask2act/services/a6000_web/artifacts/offline_experiments/top_cups_01/scenes/scene_033/observation.jpg,fe59680e-5951-4650-a7f1-2a9f82a57eb5,finished,3,2,cand_003,98.12556266784668,1779024881.6365285,correct,,1779024881.6363945,,False,True,Pick up my cup.,3,"{'plausible': ['cand_003'], 'eliminated': ['cand_001', 'cand_002'], 'last_removed': ['cand_002']}",1,2,98.12556266784668,15,,,Pick up my cup.,scene_033::Pick up my cup.,pick up my cup,1,0,0,0,0,1,cup,scene_033|ambiguous,11,3,0.7272727272727273,6
trial_20260517_223517_e92e8a,top_cups_01,main,scene_033,mixed,[],Pick up the center cup.,partial,first_question,,,,1779024918.3303204,/home/haoandong/ask2act/services/a6000_web/artifacts/offline_experiments/top_cups_01/scenes/scene_033/observation.jpg,194eddb5-b6aa-43a6-9d4d-e62d73d9f06a,finished,2,1,cand_001,158.86861610412598,1779025077.1990027,correct,,1779025077.198869,,False,True,Pick up the center cup.,2,"{'plausible': ['cand_001'], 'eliminated': ['cand_002'], 'last_removed': ['cand_002']}",1,1,158.86861610412598,23,,,Pick up the center cup.,scene_033::Pick up the center cup.,pick up the center cup,0,0,1,0,0,1,cup,scene_033|partial,11,3,0.7272727272727273,6
trial_20260517_223807_64a7a9,top_cups_01,main,scene_033,mixed,[],Pick up the left spoon.,partial,first_question,,,,1779025088.575407,/home/haoandong/ask2act/services/a6000_web/artifacts/offline_experiments/top_cups_01/scenes/scene_033/observation.jpg,18f1a751-92e5-40ac-b07f-0d8b0ace9159,finished,1,0,cand_001,63.36812114715576,1779025151.943578,correct,,1779025151.9434803,,False,True,Pick up the left spoon.,1,"{'plausible': ['cand_001'], 'eliminated': [], 'last_removed': []}",1,0,63.36812114715576,23,,,Pick up the left spoon.,scene_033::Pick up the left spoon.,pick up the left spoon,0,0,1,0,0,1,spoon,scene_033|partial,11,3,0.7272727272727273,3
trial_20260517_223914_120641,top_cups_01,main,scene_033,mixed,[],Pick up the left spoon.,partial,random_question,,,,1779025155.7411742,/home/haoandong/ask2act/services/a6000_web/artifacts/offline_experiments/top_cups_01/scenes/scene_033/observation.jpg,30221a16-6fd9-430c-bb46-22b624db4f06,finished,1,0,cand_001,67.35685467720032,1779025223.0981762,correct,,1779025223.0979333,,False,True,Pick up the left spoon.,1,"{'plausible': ['cand_001'], 'eliminated': [], 'last_removed': []}",1,0,67.35685467720032,23,,,Pick up the left spoon.,scene_033::Pick up the left spoon.,pick up the left spoon,0,0,1,0,0,1,spoon,scene_033|partial,11,3,0.7272727272727273,3
trial_20260517_224034_75ee58,top_cups_01,main,scene_033,mixed,[],Pick up the center cup.,partial,random_question,,,,1779025235.0567713,/home/haoandong/ask2act/services/a6000_web/artifacts/offline_experiments/top_cups_01/scenes/scene_033/observation.jpg,33ab9de4-3019-4139-af5f-cf4015e54586,finished,2,1,cand_001,52.962140798568726,1779025288.0189714,correct,,1779025288.0188541,,False,True,Pick up the center cup.,2,"{'plausible': ['cand_001'], 'eliminated': ['cand_002'], 'last_removed': ['cand_002']}",1,1,52.962140798568726,23,,,Pick up the center cup.,scene_033::Pick up the center cup.,pick up the center cup,0,0,1,0,0,1,cup,scene_033|partial,11,3,0.7272727272727273,6
trial_20260517_224137_d56e66,top_cups_01,main,scene_033,mixed,[],Pick up my cup.,ambiguous,random_question,,,,1779025298.2733002,/home/haoandong/ask2act/services/a6000_web/artifacts/offline_experiments/top_cups_01/scenes/scene_033/observation.jpg,e190641a-d8ef-4424-9508-e3fd3e1e0211,finished,3,2,cand_003,878.3976421356201,1779026176.6710002,correct,,1779026176.6708727,,False,True,Pick up my cup.,3,"{'plausible': ['cand_003'], 'eliminated': ['cand_001', 'cand_002'], 'last_removed': ['cand_001']}",1,2,878.3976421356201,15,,,Pick up my cup.,scene_033::Pick up my cup.,pick up my cup,1,0,0,0,0,1,cup,scene_033|ambiguous,11,3,0.7272727272727273,6
trial_20260517_225705_d3062d,top_cups_01,main,scene_033,mixed,[],Pick up my fork.,ambiguous,random_question,,,,1779026227.0961776,/home/haoandong/ask2act/services/a6000_web/artifacts/offline_experiments/top_cups_01/scenes/scene_033/observation.jpg,2765ca89-dbe3-4933-a53d-5ce12bd558ec,finished,3,2,cand_008,406.5817587375641,1779026633.6779966,correct,,1779026633.6778717,,False,True,Pick up my fork.,3,"{'plausible': ['cand_008'], 'eliminated': ['cand_006', 'cand_007'], 'last_removed': ['cand_007']}",1,2,406.5817587375641,16,,,Pick up my fork.,scene_033::Pick up my fork.,pick up my fork,1,0,0,0,0,1,fork,scene_033|ambiguous,11,3,0.7272727272727273,4
trial_20260517_232412_acee6d,top_cups_01,main,scene_033,mixed,[],Pick up my fork.,ambiguous,vlm_best_question,,,,1779027854.0610063,/home/haoandong/ask2act/services/a6000_web/artifacts/offline_experiments/top_cups_01/scenes/scene_033/observation.jpg,30b667a8-d1a8-409f-9f7f-66c964fe4d68,finished,3,2,cand_008,497.19747376441956,1779028351.2585418,correct,,1779028351.2584088,,False,True,Pick up my fork.,3,"{'plausible': ['cand_008'], 'eliminated': ['cand_006', 'cand_007'], 'last_removed': ['cand_007']}",1,2,497.19747376441956,16,,,Pick up my fork.,scene_033::Pick up my fork.,pick up my fork,1,0,0,0,0,1,fork,scene_033|ambiguous,11,3,0.7272727272727273,4
trial_20260517_233301_ce7978,top_cups_01,main,scene_033,mixed,[],Pick up the center bottle.,partial,vlm_best_question,,,,1779028382.8096573,/home/haoandong/ask2act/services/a6000_web/artifacts/offline_experiments/top_cups_01/scenes/scene_033/observation.jpg,f30ab8a5-aa3c-440f-8362-4933baf29240,finished,1,0,cand_001,544.9875023365021,1779028927.7972136,correct,,1779028927.7971077,,False,True,Pick up the center bottle.,1,"{'plausible': ['cand_001'], 'eliminated': [], 'last_removed': []}",1,0,544.9875023365021,26,,,Pick up the center bottle.,scene_033::Pick up the center bottle.,pick up the center bottle,0,0,1,0,0,1,bottle,scene_033|partial,11,3,0.7272727272727273,2
trial_20260517_234215_69be50,top_cups_01,main,scene_033,mixed,[],Pick up the center cup.,partial,vlm_best_question,,,,1779028936.7251136,/home/haoandong/ask2act/services/a6000_web/artifacts/offline_experiments/top_cups_01/scenes/scene_033/observation.jpg,ac50d77c-09db-4c14-9d4b-9b48be1d7d7c,finished,2,1,cand_001,223.90053868293762,1779029160.6258523,correct,,1779029160.6255157,,False,True,Pick up the center cup.,2,"{'plausible': ['cand_001'], 'eliminated': ['cand_002'], 'last_removed': ['cand_002']}",1,1,223.90053868293762,23,,,Pick up the center cup.,scene_033::Pick up the center cup.,pick up the center cup,0,0,1,0,0,1,cup,scene_033|partial,11,3,0.7272727272727273,6
trial_20260517_234607_e67da4,top_cups_01,main,scene_033,mixed,[],Pick up the center cup.,partial,proposed_efe,,,,1779029168.8489027,/home/haoandong/ask2act/services/a6000_web/artifacts/offline_experiments/top_cups_01/scenes/scene_033/observation.jpg,8cc08912-9188-450b-a503-4b83e72e4329,finished,2,1,cand_001,161.75322461128235,1779029330.6023207,correct,,1779029330.6019902,,False,True,Pick up the center cup.,2,"{'plausible': ['cand_001'], 'eliminated': ['cand_002'], 'last_removed': ['cand_002']}",1,1,161.75322461128235,23,,,Pick up the center cup.,scene_033::Pick up the center cup.,pick up the center cup,0,0,1,0,0,1,cup,scene_033|partial,11,3,0.7272727272727273,6
trial_20260517_234859_6981f0,top_cups_01,main,scene_033,mixed,[],Pick up the center bottle.,partial,proposed_efe,,,,1779029340.880869,/home/haoandong/ask2act/services/a6000_web/artifacts/offline_experiments/top_cups_01/scenes/scene_033/observation.jpg,58d28413-9025-423d-932e-77aa3cb6a322,finished,1,0,cand_001,117.75329685211182,1779029458.6343713,correct,,1779029458.6340473,,False,True,Pick up the center bottle.,1,"{'plausible': ['cand_001'], 'eliminated': [], 'last_removed': []}",1,0,117.75329685211182,26,,,Pick up the center bottle.,scene_033::Pick up the center bottle.,pick up the center bottle,0,0,1,0,0,1,bottle,scene_033|partial,11,3,0.7272727272727273,2
trial_20260517_235111_6db8f6,top_cups_01,main,scene_033,mixed,[],Pick up my bottle.,ambiguous,proposed_efe,,,,1779029472.6517282,/home/haoandong/ask2act/services/a6000_web/artifacts/offline_experiments/top_cups_01/scenes/scene_033/observation.jpg,d28d9367-ff72-44d4-af35-f6519aa88013,finished,2,1,cand_002,74.91746020317078,1779029547.569392,correct,,1779029547.5690463,,False,True,Pick up my bottle.,2,"{'plausible': ['cand_002'], 'eliminated': ['cand_001'], 'last_removed': ['cand_001']}",1,1,74.91746020317078,18,,,Pick up my bottle.,scene_033::Pick up my bottle.,pick up my bottle,1,0,0,0,0,1,bottle,scene_033|ambiguous,11,3,0.7272727272727273,1
trial_20260517_235233_4bd018,top_cups_01,main,scene_033,mixed,[],Pick up my cup.,ambiguous,proposed_efe,,,,1779029554.4148872,/home/haoandong/ask2act/services/a6000_web/artifacts/offline_experiments/top_cups_01/scenes/scene_033/observation.jpg,03d73bdc-76fa-426a-8111-4c1ac9e21f44,finished,3,2,cand_003,196.48174047470093,1779029750.8968394,correct,,1779029750.8964732,,False,True,Pick up my cup.,3,"{'plausible': ['cand_003'], 'eliminated': ['cand_001', 'cand_002'], 'last_removed': ['cand_002']}",1,2,196.48174047470093,15,,,Pick up my cup.,scene_033::Pick up my cup.,pick up my cup,1,0,0,0,0,1,cup,scene_033|ambiguous,11,3,0.7272727272727273,6
trial_20260517_235610_f97d77,top_cups_01,main,scene_034,mixed,[],Pick up the red cup.,clear,top_score,,,,1779029772.0019488,/home/haoandong/ask2act/services/a6000_web/artifacts/offline_experiments/top_cups_01/scenes/scene_034/observation.jpg,01710ce9-c720-47b8-b8dc-82b1da831205,finished,1,0,cand_001,3.5797617435455322,1779029775.5819063,correct,,1779029775.5815942,,False,True,Pick up the red cup.,1,"{'plausible': ['cand_001'], 'eliminated': [], 'last_removed': []}",1,0,3.5797617435455322,20,,,Pick up the red cup.,scene_034::Pick up the red cup.,pick up the red cup,0,1,0,0,0,1,cup,scene_034|clear,14,10,0.2857142857142857,1
trial_20260517_235622_85a69d,top_cups_01,main,scene_034,mixed,[],Pick up the green cup.,clear,top_score,,,,1779029783.8029535,/home/haoandong/ask2act/services/a6000_web/artifacts/offline_experiments/top_cups_01/scenes/scene_034/observation.jpg,5bb54074-adcc-4200-86c8-ab864255b545,finished,1,0,cand_001,1.9945378303527832,1779029785.7976897,correct,,1779029785.7973738,,False,True,Pick up the green cup.,1,"{'plausible': ['cand_001'], 'eliminated': [], 'last_removed': []}",1,0,1.9945378303527832,22,,,Pick up the green cup.,scene_034::Pick up the green cup.,pick up the green cup,0,1,0,0,0,1,cup,scene_034|clear,14,10,0.2857142857142857,1
trial_20260518_000046_2530ef,top_cups_01,main,scene_034,mixed,[],Pick up the metal cup.,clear,random_candidate,,,,1779030048.076806,/home/haoandong/ask2act/services/a6000_web/artifacts/offline_experiments/top_cups_01/scenes/scene_034/observation.jpg,5586126f-a4c3-42a7-aa2a-9c4a6264fcb0,finished,1,0,cand_001,3.1039769649505615,1779030051.1809828,correct,,1779030051.1806626,,False,True,Pick up the metal cup.,1,"{'plausible': ['cand_001'], 'eliminated': [], 'last_removed': []}",1,0,3.1039769649505615,22,,,Pick up the metal cup.,scene_034::Pick up the metal cup.,pick up the metal cup,0,0,0,0,0,0,cup,scene_034|clear,14,10,0.2857142857142857,1
trial_20260518_000100_e5dbb2,top_cups_01,main,scene_034,mixed,[],Pick up the green bottle.,clear,random_candidate,,,,1779030061.7737198,/home/haoandong/ask2act/services/a6000_web/artifacts/offline_experiments/top_cups_01/scenes/scene_034/observation.jpg,2622e666-95f2-4fb8-9bbb-e0fc7ac1f9d0,finished,1,0,cand_001,2.691079616546631,1779030064.4650025,correct,,1779030064.4646797,,False,True,Pick up the green bottle.,1,"{'plausible': ['cand_001'], 'eliminated': [], 'last_removed': []}",1,0,2.691079616546631,25,,,Pick up the green bottle.,scene_034::Pick up the green bottle.,pick up the green bottle,0,1,0,0,0,1,bottle,scene_034|clear,14,10,0.2857142857142857,1
trial_20260518_000124_c73ae1,top_cups_01,main,scene_034,mixed,[],Pick up the red bottle.,clear,vlm_direct,,,,1779030085.4322977,/home/haoandong/ask2act/services/a6000_web/artifacts/offline_experiments/top_cups_01/scenes/scene_034/observation.jpg,e3dad4a0-3f51-4fa0-a17a-82687073f38a,finished,1,0,cand_001,4.61098575592041,1779030090.0434852,correct,,1779030090.0431654,,False,True,Pick up the red bottle.,1,"{'plausible': ['cand_001'], 'eliminated': [], 'last_removed': []}",1,0,4.61098575592041,23,,,Pick up the red bottle.,scene_034::Pick up the red bottle.,pick up the red bottle,0,1,0,0,0,1,bottle,scene_034|clear,14,10,0.2857142857142857,1
trial_20260518_000136_52e50e,top_cups_01,main,scene_034,mixed,[],Pick up the center bottle.,clear,vlm_direct,,,,1779030097.989701,/home/haoandong/ask2act/services/a6000_web/artifacts/offline_experiments/top_cups_01/scenes/scene_034/observation.jpg,502d5519-38b1-44b3-bf5e-04d0664b9866,finished,1,0,cand_001,2.6388659477233887,1779030100.628758,correct,,1779030100.628451,,False,True,Pick up the center bottle.,1,"{'plausible': ['cand_001'], 'eliminated': [], 'last_removed': []}",1,0,2.6388659477233887,26,,,Pick up the center bottle.,scene_034::Pick up the center bottle.,pick up the center bottle,0,0,1,0,0,1,bottle,scene_034|clear,14,10,0.2857142857142857,1
trial_20260518_000148_6b7445,top_cups_01,main,scene_034,mixed,[],Pick up the right bottle.,clear,first_question,,,,1779030109.6682708,/home/haoandong/ask2act/services/a6000_web/artifacts/offline_experiments/top_cups_01/scenes/scene_034/observation.jpg,d6f63dc3-d30e-476c-8b3a-c9e2ae7d34a8,finished,1,0,cand_001,61.92725372314453,1779030171.5957215,correct,,1779030171.5954065,,False,True,Pick up the right bottle.,1,"{'plausible': ['cand_001'], 'eliminated': [], 'last_removed': []}",1,0,61.92725372314453,25,,,Pick up the right bottle.,scene_034::Pick up the right bottle.,pick up the right bottle,0,0,1,0,0,1,bottle,scene_034|clear,14,10,0.2857142857142857,1
trial_20260518_000310_e21274,top_cups_01,main,scene_034,mixed,[],Pick up the right cup.,clear,first_question,,,,1779030191.5511782,/home/haoandong/ask2act/services/a6000_web/artifacts/offline_experiments/top_cups_01/scenes/scene_034/observation.jpg,db80a562-5364-4407-bd19-d0c58d726779,finished,1,0,cand_001,4.799565315246582,1779030196.3509488,correct,,1779030196.3506079,,False,True,Pick up the right cup.,1,"{'plausible': ['cand_001'], 'eliminated': [], 'last_removed': []}",1,0,4.799565315246582,22,,,Pick up the right cup.,scene_034::Pick up the right cup.,pick up the right cup,0,0,1,0,0,1,cup,scene_034|clear,14,10,0.2857142857142857,1
trial_20260518_000328_ba4336,top_cups_01,main,scene_034,mixed,[],Pick up the left cup.,clear,random_question,,,,1779030209.56363,/home/haoandong/ask2act/services/a6000_web/artifacts/offline_experiments/top_cups_01/scenes/scene_034/observation.jpg,1ee8f194-7908-4b2e-8879-9337f135925c,finished,1,0,cand_001,3.315802574157715,1779030212.8796346,correct,,1779030212.8793144,,False,True,Pick up the left cup.,1,"{'plausible': ['cand_001'], 'eliminated': [], 'last_removed': []}",1,0,3.315802574157715,21,,,Pick up the left cup.,scene_034::Pick up the left cup.,pick up the left cup,0,0,1,0,0,1,cup,scene_034|clear,14,10,0.2857142857142857,1
trial_20260518_000509_af7847,top_cups_01,main,scene_034,mixed,[],Pick up the orange spoon.,clear,random_question,,,,1779030310.888355,/home/haoandong/ask2act/services/a6000_web/artifacts/offline_experiments/top_cups_01/scenes/scene_034/observation.jpg,159d28eb-8f4a-4c8d-a46c-2227ca779503,finished,1,0,cand_001,4.716311693191528,1779030315.6048734,correct,,1779030315.6045485,,False,True,Pick up the orange spoon.,1,"{'plausible': ['cand_001'], 'eliminated': [], 'last_removed': []}",1,0,4.716311693191528,25,,,Pick up the orange spoon.,scene_034::Pick up the orange spoon.,pick up the orange spoon,0,1,0,0,0,1,spoon,scene_034|clear,14,10,0.2857142857142857,5
trial_20260518_000610_bc4980,top_cups_01,main,scene_034,mixed,[],Pick up the orange spoon.,clear,vlm_best_question,,,,1779030371.782352,/home/haoandong/ask2act/services/a6000_web/artifacts/offline_experiments/top_cups_01/scenes/scene_034/observation.jpg,e62ba5d8-ee2b-4aeb-8448-267542201095,finished,1,0,cand_001,2.384437322616577,1779030374.1669858,correct,,1779030374.1666698,,False,True,Pick up the orange spoon.,1,"{'plausible': ['cand_001'], 'eliminated': [], 'last_removed': []}",1,0,2.384437322616577,25,,,Pick up the orange spoon.,scene_034::Pick up the orange spoon.,pick up the orange spoon,0,1,0,0,0,1,spoon,scene_034|clear,14,10,0.2857142857142857,5
trial_20260518_000615_6766c4,top_cups_01,main,scene_034,mixed,[],Pick up the orange spoon.,clear,vlm_best_question,,,,1779030376.6773982,/home/haoandong/ask2act/services/a6000_web/artifacts/offline_experiments/top_cups_01/scenes/scene_034/observation.jpg,caa6a603-c398-417d-9ce1-98111aab452c,finished,1,0,cand_001,2.1344666481018066,1779030378.8120668,correct,,1779030378.8117492,,False,True,Pick up the orange spoon.,1,"{'plausible': ['cand_001'], 'eliminated': [], 'last_removed': []}",1,0,2.1344666481018066,25,,,Pick up the orange spoon.,scene_034::Pick up the orange spoon.,pick up the orange spoon,0,1,0,0,0,1,spoon,scene_034|clear,14,10,0.2857142857142857,5
trial_20260518_000622_f5c973,top_cups_01,main,scene_034,mixed,[],Pick up the orange spoon.,clear,proposed_efe,,,,1779030383.946903,/home/haoandong/ask2act/services/a6000_web/artifacts/offline_experiments/top_cups_01/scenes/scene_034/observation.jpg,1f9cbbab-a6f3-45d4-a880-28cc93ffcf82,finished,1,0,cand_001,2.0765092372894287,1779030386.0236077,correct,,1779030386.023295,,False,True,Pick up the orange spoon.,1,"{'plausible': ['cand_001'], 'eliminated': [], 'last_removed': []}",1,0,2.0765092372894287,25,,,Pick up the orange spoon.,scene_034::Pick up the orange spoon.,pick up the orange spoon,0,1,0,0,0,1,spoon,scene_034|clear,14,10,0.2857142857142857,5
trial_20260518_000627_118923,top_cups_01,main,scene_034,mixed,[],Pick up the orange spoon.,clear,proposed_efe,,,,1779030388.2204401,/home/haoandong/ask2act/services/a6000_web/artifacts/offline_experiments/top_cups_01/scenes/scene_034/observation.jpg,b6b0d399-10a6-4496-ac11-bf134bf83338,finished,1,0,cand_001,1.7085371017456055,1779030389.929182,correct,,1779030389.9288576,,False,True,Pick up the orange spoon.,1,"{'plausible': ['cand_001'], 'eliminated': [], 'last_removed': []}",1,0,1.7085371017456055,25,,,Pick up the orange spoon.,scene_034::Pick up the orange spoon.,pick up the orange spoon,0,1,0,0,0,1,spoon,scene_034|clear,14,10,0.2857142857142857,5
trial_20260518_001030_5d984e,top_cups_01,main,scene_034,mixed,[],Pick up the center cup.,partial,top_score,,,,1779030631.0396307,/home/haoandong/ask2act/services/a6000_web/artifacts/offline_experiments/top_cups_01/scenes/scene_034/observation.jpg,ca6c02ee-29b7-47f9-a961-076757ece87e,finished,2,0,cand_001,13.84901738166809,1779030644.8888469,correct,,1779030644.8885224,,False,True,Pick up the center cup.,2,"{'plausible': ['cand_001'], 'eliminated': ['cand_002'], 'last_removed': ['cand_002']}",1,0,13.84901738166809,23,,,Pick up the center cup.,scene_034::Pick up the center cup.,pick up the center cup,0,0,1,0,0,1,cup,scene_034|partial,12,2,0.8333333333333334,6
trial_20260518_001055_df2942,top_cups_01,main,scene_034,mixed,[],Pick up the right cup.,partial,top_score,,,,1779030656.473751,/home/haoandong/ask2act/services/a6000_web/artifacts/offline_experiments/top_cups_01/scenes/scene_034/observation.jpg,6207bdfd-2d35-4974-b99f-0df031afe0d9,finished,1,0,cand_001,3.515737771987915,1779030659.9896898,correct,,1779030659.98937,,False,True,Pick up the right cup.,1,"{'plausible': ['cand_001'], 'eliminated': [], 'last_removed': []}",1,0,3.515737771987915,22,,,Pick up the right cup.,scene_034::Pick up the right cup.,pick up the right cup,0,0,1,0,0,1,cup,scene_034|partial,12,2,0.8333333333333334,6
trial_20260518_001219_9c1b33,top_cups_01,main,scene_034,mixed,[],Pick up my cup.,ambiguous,top_score,,,,1779030740.287541,/home/haoandong/ask2act/services/a6000_web/artifacts/offline_experiments/top_cups_01/scenes/scene_034/observation.jpg,146d0ec2-1388-4762-8a59-768b431b3726,finished,3,0,cand_001,4.300993204116821,1779030744.5886247,correct,,1779030744.5884593,,False,True,Pick up my cup.,3,"{'plausible': ['cand_001'], 'eliminated': ['cand_002', 'cand_003'], 'last_removed': ['cand_002', 'cand_003']}",1,0,4.300993204116821,15,,,Pick up my cup.,scene_034::Pick up my cup.,pick up my cup,1,0,0,0,0,1,cup,scene_034|ambiguous,10,1,0.9,10
trial_20260518_001231_0a492e,top_cups_01,main,scene_034,mixed,[],Pick up my cup.,ambiguous,top_score,,,,1779030752.6605804,/home/haoandong/ask2act/services/a6000_web/artifacts/offline_experiments/top_cups_01/scenes/scene_034/observation.jpg,a3ebcc31-ecaf-4ef3-be8f-0f0821e79d29,finished,3,0,cand_001,2.996140718460083,1779212030.096978,wrong,,1779030755.6565852,ambiguity_not_solved,True,True,Pick up my cup.,3,"{'plausible': ['cand_001'], 'eliminated': ['cand_002', 'cand_003'], 'last_removed': ['cand_002', 'cand_003']}",0,0,2.996140718460083,15,,,Pick up my cup.,scene_034::Pick up my cup.,pick up my cup,1,0,0,0,0,1,cup,scene_034|ambiguous,10,1,0.9,10
trial_20260518_001239_9da0e5,top_cups_01,main,scene_034,mixed,[],Pick up my cup.,ambiguous,random_candidate,,,,1779030760.5115426,/home/haoandong/ask2act/services/a6000_web/artifacts/offline_experiments/top_cups_01/scenes/scene_034/observation.jpg,156f3461-4144-469c-bc4a-14e6b8a7d326,finished,3,0,cand_001,4.892764568328857,1779030765.404514,correct,,1779030765.4041722,,False,True,Pick up my cup.,3,"{'plausible': ['cand_001'], 'eliminated': ['cand_002', 'cand_003'], 'last_removed': ['cand_002', 'cand_003']}",1,0,4.892764568328857,15,,,Pick up my cup.,scene_034::Pick up my cup.,pick up my cup,1,0,0,0,0,1,cup,scene_034|ambiguous,10,1,0.9,10
trial_20260518_001246_01ef28,top_cups_01,main,scene_034,mixed,[],Pick up my cup.,ambiguous,random_candidate,,,,1779030767.3293364,/home/haoandong/ask2act/services/a6000_web/artifacts/offline_experiments/top_cups_01/scenes/scene_034/observation.jpg,87c5e1ad-847a-4520-bcb2-888f853d713c,finished,3,0,cand_001,3.6311237812042236,1779212043.0502985,wrong,,1779030770.9603293,ambiguity_not_solved,True,True,Pick up my cup.,3,"{'plausible': ['cand_001'], 'eliminated': ['cand_002', 'cand_003'], 'last_removed': ['cand_002', 'cand_003']}",0,0,3.6311237812042236,15,,,Pick up my cup.,scene_034::Pick up my cup.,pick up my cup,1,0,0,0,0,1,cup,scene_034|ambiguous,10,1,0.9,10
trial_20260518_001259_cda627,top_cups_01,main,scene_034,mixed,[],Pick up the center cup.,partial,random_candidate,,,,1779030780.6950455,/home/haoandong/ask2act/services/a6000_web/artifacts/offline_experiments/top_cups_01/scenes/scene_034/observation.jpg,ee6e5b79-d7eb-4b59-9e7e-1046ca3cea36,finished,2,0,cand_002,207.09905099868774,1779212065.0516076,wrong,,1779030987.7939677,ambiguity_not_solved,True,True,Pick up the center cup.,2,"{'plausible': ['cand_002'], 'eliminated': ['cand_001'], 'last_removed': ['cand_001']}",0,0,207.09905099868774,23,,,Pick up the center cup.,scene_034::Pick up the center cup.,pick up the center cup,0,0,1,0,0,1,cup,scene_034|partial,12,2,0.8333333333333334,6
trial_20260518_001635_09932e,top_cups_01,main,scene_034,mixed,[],Pick up the right cup.,partial,random_candidate,,,,1779030996.9324887,/home/haoandong/ask2act/services/a6000_web/artifacts/offline_experiments/top_cups_01/scenes/scene_034/observation.jpg,2266dfce-2be7-4a6c-8340-bac7849e0804,finished,1,0,cand_001,3.0645055770874023,1779030999.9971871,correct,,1779030999.9968834,,False,True,Pick up the right cup.,1,"{'plausible': ['cand_001'], 'eliminated': [], 'last_removed': []}",1,0,3.0645055770874023,22,,,Pick up the right cup.,scene_034::Pick up the right cup.,pick up the right cup,0,0,1,0,0,1,cup,scene_034|partial,12,2,0.8333333333333334,6
trial_20260518_001642_3a2ffc,top_cups_01,main,scene_034,mixed,[],Pick up the right cup.,partial,vlm_direct,,,,1779031003.291179,/home/haoandong/ask2act/services/a6000_web/artifacts/offline_experiments/top_cups_01/scenes/scene_034/observation.jpg,2a548749-bf51-4395-90ab-39a1bc2e33f6,finished,1,0,cand_001,2.5190927982330322,1779031005.8104763,correct,,1779031005.8101528,,False,True,Pick up the right cup.,1,"{'plausible': ['cand_001'], 'eliminated': [], 'last_removed': []}",1,0,2.5190927982330322,22,,,Pick up the right cup.,scene_034::Pick up the right cup.,pick up the right cup,0,0,1,0,0,1,cup,scene_034|partial,12,2,0.8333333333333334,6
trial_20260518_001655_2ef275,top_cups_01,main,scene_034,mixed,[],Pick up the center cup.,partial,vlm_direct,,,,1779031016.1674917,/home/haoandong/ask2act/services/a6000_web/artifacts/offline_experiments/top_cups_01/scenes/scene_034/observation.jpg,ff23c596-66eb-40c0-9de8-8fd03a1e05f5,finished,2,0,cand_001,104.4171130657196,1779031120.5847952,correct,,1779031120.5844748,,False,True,Pick up the center cup.,2,"{'plausible': ['cand_001'], 'eliminated': ['cand_002'], 'last_removed': ['cand_002']}",1,0,104.4171130657196,23,,,Pick up the center cup.,scene_034::Pick up the center cup.,pick up the center cup,0,0,1,0,0,1,cup,scene_034|partial,12,2,0.8333333333333334,6
trial_20260518_001847_6c2696,top_cups_01,main,scene_034,mixed,[],Pick up my cup.,ambiguous,vlm_direct,,,,1779031128.7343645,/home/haoandong/ask2act/services/a6000_web/artifacts/offline_experiments/top_cups_01/scenes/scene_034/observation.jpg,91dff400-d910-48b6-810c-081ef441dee0,finished,3,0,cand_001,597.6555984020233,1779031726.390163,correct,,1779031726.3898294,,False,True,Pick up my cup.,3,"{'plausible': ['cand_001'], 'eliminated': ['cand_002', 'cand_003'], 'last_removed': ['cand_002', 'cand_003']}",1,0,597.6555984020233,15,,,Pick up my cup.,scene_034::Pick up my cup.,pick up my cup,1,0,0,0,0,1,cup,scene_034|ambiguous,10,1,0.9,10
trial_20260518_002847_d1dc30,top_cups_01,main,scene_034,mixed,[],Pick up my cup.,ambiguous,vlm_direct,,,,1779031728.137938,/home/haoandong/ask2act/services/a6000_web/artifacts/offline_experiments/top_cups_01/scenes/scene_034/observation.jpg,9768ef3a-4f7c-4757-948b-92932323b501,finished,3,0,cand_001,79.08507513999939,1779212086.3559077,wrong,,1779031807.2228806,ambiguity_not_solved,True,True,Pick up my cup.,3,"{'plausible': ['cand_001'], 'eliminated': ['cand_002', 'cand_003'], 'last_removed': ['cand_002', 'cand_003']}",0,0,79.08507513999939,15,,,Pick up my cup.,scene_034::Pick up my cup.,pick up my cup,1,0,0,0,0,1,cup,scene_034|ambiguous,10,1,0.9,10
trial_20260518_003022_83ddc2,top_cups_01,main,scene_034,mixed,[],Pick up my cup.,ambiguous,first_question,,,,1779031822.927519,/home/haoandong/ask2act/services/a6000_web/artifacts/offline_experiments/top_cups_01/scenes/scene_034/observation.jpg,d39a217e-69d1-410e-9a89-f02c3dc69174,finished,3,2,cand_001,187.22218799591064,1779032010.149914,correct,,1779032010.149555,,False,True,Pick up my cup.,3,"{'plausible': ['cand_001'], 'eliminated': ['cand_002', 'cand_003'], 'last_removed': ['cand_003']}",1,2,187.22218799591064,15,,,Pick up my cup.,scene_034::Pick up my cup.,pick up my cup,1,0,0,0,0,1,cup,scene_034|ambiguous,10,1,0.9,10
trial_20260518_003331_19d716,top_cups_01,main,scene_034,mixed,[],Pick up my cup.,ambiguous,first_question,,,,1779032012.4520643,/home/haoandong/ask2act/services/a6000_web/artifacts/offline_experiments/top_cups_01/scenes/scene_034/observation.jpg,49469750-88e4-43e3-b88f-093639ace8c5,finished,3,2,cand_003,98.71559953689575,1779032111.1678772,correct,,1779032111.167514,,False,True,Pick up my cup.,3,"{'plausible': ['cand_003'], 'eliminated': ['cand_001', 'cand_002'], 'last_removed': ['cand_001']}",1,2,98.71559953689575,15,,,Pick up my cup.,scene_034::Pick up my cup.,pick up my cup,1,0,0,0,0,1,cup,scene_034|ambiguous,10,1,0.9,10
trial_20260518_003521_d357cb,top_cups_01,main,scene_034,mixed,[],Pick up the center cup.,partial,first_question,,,,1779032122.6098738,/home/haoandong/ask2act/services/a6000_web/artifacts/offline_experiments/top_cups_01/scenes/scene_034/observation.jpg,21dfe9d2-5248-4328-a150-d80ae7e30b1e,finished,2,1,cand_002,204.16245031356812,1779212078.0309253,wrong,,1779032326.772183,ambiguity_not_solved,True,True,Pick up the center cup.,2,"{'plausible': ['cand_002'], 'eliminated': ['cand_001'], 'last_removed': ['cand_001']}",0,1,204.16245031356812,23,,,Pick up the center cup.,scene_034::Pick up the center cup.,pick up the center cup,0,0,1,0,0,1,cup,scene_034|partial,12,2,0.8333333333333334,6
trial_20260518_003855_33844f,top_cups_01,main,scene_034,mixed,[],Pick up the right cup.,partial,first_question,,,,1779032336.3833177,/home/haoandong/ask2act/services/a6000_web/artifacts/offline_experiments/top_cups_01/scenes/scene_034/observation.jpg,52a90f59-17cf-414a-a025-73b003fbd0cd,finished,1,0,cand_001,40.01484179496765,1779032376.3983579,correct,,1779032376.3980405,,False,True,Pick up the right cup.,1,"{'plausible': ['cand_001'], 'eliminated': [], 'last_removed': []}",1,0,40.01484179496765,22,,,Pick up the right cup.,scene_034::Pick up the right cup.,pick up the right cup,0,0,1,0,0,1,cup,scene_034|partial,12,2,0.8333333333333334,6
trial_20260518_003941_353d20,top_cups_01,main,scene_034,mixed,[],Pick up the right cup.,partial,random_question,,,,1779032382.3774974,/home/haoandong/ask2act/services/a6000_web/artifacts/offline_experiments/top_cups_01/scenes/scene_034/observation.jpg,0f7a7533-0304-4f9d-97ac-f350250ef466,finished,1,0,cand_001,93.46965503692627,1779032475.8473508,correct,,1779032475.8470354,,False,True,Pick up the right cup.,1,"{'plausible': ['cand_001'], 'eliminated': [], 'last_removed': []}",1,0,93.46965503692627,22,,,Pick up the right cup.,scene_034::Pick up the right cup.,pick up the right cup,0,0,1,0,0,1,cup,scene_034|partial,12,2,0.8333333333333334,6
trial_20260518_004122_c3a1a2,top_cups_01,main,scene_034,mixed,[],Pick up the center cup.,partial,random_question,,,,1779032483.1084533,/home/haoandong/ask2act/services/a6000_web/artifacts/offline_experiments/top_cups_01/scenes/scene_034/observation.jpg,af3402a2-ed56-4459-9e74-81b3ad37fc35,finished,2,1,cand_002,148.4397575855255,1779032631.548412,correct,,1779032631.5480697,,False,True,Pick up the center cup.,2,"{'plausible': ['cand_002'], 'eliminated': ['cand_001'], 'last_removed': ['cand_001']}",1,1,148.4397575855255,23,,,Pick up the center cup.,scene_034::Pick up the center cup.,pick up the center cup,0,0,1,0,0,1,cup,scene_034|partial,12,2,0.8333333333333334,6
trial_20260518_004356_8d2570,top_cups_01,main,scene_034,mixed,[],Pick up the center cup.,partial,vlm_best_question,,,,1779032637.693305,/home/haoandong/ask2act/services/a6000_web/artifacts/offline_experiments/top_cups_01/scenes/scene_034/observation.jpg,f75ae306-00a7-4cfd-ac5a-ea338e914df3,finished,2,1,cand_002,38.35777521133423,1779032676.0512795,correct,,1779032676.0509424,,False,True,Pick up the center cup.,2,"{'plausible': ['cand_002'], 'eliminated': ['cand_001'], 'last_removed': ['cand_001']}",1,1,38.35777521133423,23,,,Pick up the center cup.,scene_034::Pick up the center cup.,pick up the center cup,0,0,1,0,0,1,cup,scene_034|partial,12,2,0.8333333333333334,6
trial_20260518_004447_1bfcb1,top_cups_01,main,scene_034,mixed,[],Pick up the right cup.,partial,vlm_best_question,,,,1779032688.3796175,/home/haoandong/ask2act/services/a6000_web/artifacts/offline_experiments/top_cups_01/scenes/scene_034/observation.jpg,132746ae-24d0-4b85-b241-cdc4458c45ee,finished,1,0,cand_001,66.58209824562073,1779032754.961913,correct,,1779032754.9615977,,False,True,Pick up the right cup.,1,"{'plausible': ['cand_001'], 'eliminated': [], 'last_removed': []}",1,0,66.58209824562073,22,,,Pick up the right cup.,scene_034::Pick up the right cup.,pick up the right cup,0,0,1,0,0,1,cup,scene_034|partial,12,2,0.8333333333333334,6
trial_20260518_004651_58c497,top_cups_01,main,scene_034,mixed,[],Pick up my cup.,ambiguous,proposed_efe,,,,1779032812.8400273,/home/haoandong/ask2act/services/a6000_web/artifacts/offline_experiments/top_cups_01/scenes/scene_034/observation.jpg,c668b157-4017-4bcb-b84d-ccc21c2827a9,finished,3,2,cand_001,70.73169732093811,1779032883.5719323,correct,,1779032883.5715768,,False,True,Pick up my cup.,3,"{'plausible': ['cand_001'], 'eliminated': ['cand_002', 'cand_003'], 'last_removed': ['cand_003']}",1,2,70.73169732093811,15,,,Pick up my cup.,scene_034::Pick up my cup.,pick up my cup,1,0,0,0,0,1,cup,scene_034|ambiguous,10,1,0.9,10
trial_20260518_004807_430270,top_cups_01,main,scene_034,mixed,[],Pick up my cup.,ambiguous,proposed_efe,,,,1779032888.0570412,/home/haoandong/ask2act/services/a6000_web/artifacts/offline_experiments/top_cups_01/scenes/scene_034/observation.jpg,5a2a72f9-2a46-45fa-8883-5aa9b5f6f22d,finished,3,2,cand_003,68.90698790550232,1779032956.9642448,correct,,1779032956.963869,,False,True,Pick up my cup.,3,"{'plausible': ['cand_003'], 'eliminated': ['cand_001', 'cand_002'], 'last_removed': ['cand_002']}",1,2,68.90698790550232,15,,,Pick up my cup.,scene_034::Pick up my cup.,pick up my cup,1,0,0,0,0,1,cup,scene_034|ambiguous,10,1,0.9,10
trial_20260518_005006_8b6dee,top_cups_01,main,scene_035,mixed,[],Pick up the green cup.,clear,top_score,,,,1779033007.6243584,/home/haoandong/ask2act/services/a6000_web/artifacts/offline_experiments/top_cups_01/scenes/scene_035/observation.jpg,e5febe20-1177-4539-a30c-d16894b6208d,finished,1,0,cand_001,4.485804557800293,1779033012.1102145,correct,,1779033012.110111,,False,True,Pick up the green cup.,1,"{'plausible': ['cand_001'], 'eliminated': [], 'last_removed': []}",1,0,4.485804557800293,22,,,Pick up the green cup.,scene_035::Pick up the green cup.,pick up the green cup,0,1,0,0,0,1,cup,scene_035|clear,14,6,0.5714285714285714,1
trial_20260518_005048_318485,top_cups_01,main,scene_035,mixed,[],Pick up the red bottle.,clear,top_score,,,,1779033049.9167342,/home/haoandong/ask2act/services/a6000_web/artifacts/offline_experiments/top_cups_01/scenes/scene_035/observation.jpg,a4425463-8c2b-41d3-bbf6-a8a85102a4c1,finished,1,0,cand_001,7.018430233001709,1779033056.9352949,correct,,1779033056.93508,,False,True,Pick up the red bottle.,1,"{'plausible': ['cand_001'], 'eliminated': [], 'last_removed': []}",1,0,7.018430233001709,23,,,Pick up the red bottle.,scene_035::Pick up the red bottle.,pick up the red bottle,0,1,0,0,0,1,bottle,scene_035|clear,14,6,0.5714285714285714,1
trial_20260518_005108_10d7e8,top_cups_01,main,scene_035,mixed,[],Pick up the green bottle.,clear,random_candidate,,,,1779033070.1964576,/home/haoandong/ask2act/services/a6000_web/artifacts/offline_experiments/top_cups_01/scenes/scene_035/observation.jpg,70c62608-9192-419d-987c-ddcc62a8f875,finished,1,0,cand_001,6.896052122116089,1779033077.0926783,correct,,1779033077.0924008,,False,True,Pick up the green bottle.,1,"{'plausible': ['cand_001'], 'eliminated': [], 'last_removed': []}",1,0,6.896052122116089,25,,,Pick up the green bottle.,scene_035::Pick up the green bottle.,pick up the green bottle,0,1,0,0,0,1,bottle,scene_035|clear,14,6,0.5714285714285714,1
trial_20260518_005155_8e4d20,top_cups_01,main,scene_035,mixed,[],Pick up my fork.,clear,random_candidate,,,,1779033116.986805,/home/haoandong/ask2act/services/a6000_web/artifacts/offline_experiments/top_cups_01/scenes/scene_035/observation.jpg,75aae275-ff78-4bae-8173-e44d1d96dbf8,finished,1,0,cand_001,3.1000664234161377,1779033120.0869236,correct,,1779033120.086818,,False,True,Pick up my fork.,1,"{'plausible': ['cand_001'], 'eliminated': [], 'last_removed': []}",1,0,3.1000664234161377,16,,,Pick up my fork.,scene_035::Pick up my fork.,pick up my fork,1,0,0,0,0,1,fork,scene_035|clear,14,6,0.5714285714285714,1
trial_20260518_005229_8aa307,top_cups_01,main,scene_035,mixed,[],Pick up the orange spoon.,clear,vlm_direct,,,,1779033151.2519586,/home/haoandong/ask2act/services/a6000_web/artifacts/offline_experiments/top_cups_01/scenes/scene_035/observation.jpg,c8cc814c-f921-451f-b1ef-c5af59f85d70,finished,1,0,cand_001,1.9840383529663086,1779033153.2361407,correct,,1779033153.2359118,,False,True,Pick up the orange spoon.,1,"{'plausible': ['cand_001'], 'eliminated': [], 'last_removed': []}",1,0,1.9840383529663086,25,,,Pick up the orange spoon.,scene_035::Pick up the orange spoon.,pick up the orange spoon,0,1,0,0,0,1,spoon,scene_035|clear,14,6,0.5714285714285714,1
trial_20260518_005238_9733bc,top_cups_01,main,scene_035,mixed,[],Pick up the pink spoon.,clear,vlm_direct,,,,1779033160.2198539,/home/haoandong/ask2act/services/a6000_web/artifacts/offline_experiments/top_cups_01/scenes/scene_035/observation.jpg,eb07330b-7585-4dd9-b505-a14f0ff8db09,finished,1,0,cand_001,8.800475835800171,1779033169.0205219,correct,,1779033169.0202124,,False,True,Pick up the pink spoon.,1,"{'plausible': ['cand_001'], 'eliminated': [], 'last_removed': []}",1,0,8.800475835800171,23,,,Pick up the pink spoon.,scene_035::Pick up the pink spoon.,pick up the pink spoon,0,1,0,0,0,1,spoon,scene_035|clear,14,6,0.5714285714285714,9
trial_20260518_005304_2e7a1e,top_cups_01,main,scene_035,mixed,[],Pick up the pink spoon.,clear,first_question,,,,1779033185.9120667,/home/haoandong/ask2act/services/a6000_web/artifacts/offline_experiments/top_cups_01/scenes/scene_035/observation.jpg,d6c7e532-44ab-4eea-bbd3-4bda85b73627,finished,1,0,cand_001,2.0515429973602295,1779033187.9636865,correct,,1779033187.963556,,False,True,Pick up the pink spoon.,1,"{'plausible': ['cand_001'], 'eliminated': [], 'last_removed': []}",1,0,2.0515429973602295,23,,,Pick up the pink spoon.,scene_035::Pick up the pink spoon.,pick up the pink spoon,0,1,0,0,0,1,spoon,scene_035|clear,14,6,0.5714285714285714,9
trial_20260518_005312_2e2953,top_cups_01,main,scene_035,mixed,[],Pick up the pink spoon.,clear,first_question,,,,1779033193.952066,/home/haoandong/ask2act/services/a6000_web/artifacts/offline_experiments/top_cups_01/scenes/scene_035/observation.jpg,32749fdb-a388-4c7f-bb8c-412b70c06da1,finished,1,0,cand_001,1.6015009880065918,1779033195.5536315,correct,,1779033195.5535095,,False,True,Pick up the pink spoon.,1,"{'plausible': ['cand_001'], 'eliminated': [], 'last_removed': []}",1,0,1.6015009880065918,23,,,Pick up the pink spoon.,scene_035::Pick up the pink spoon.,pick up the pink spoon,0,1,0,0,0,1,spoon,scene_035|clear,14,6,0.5714285714285714,9
trial_20260518_005425_c8580b,top_cups_01,main,scene_035,mixed,[],Pick up the pink spoon.,clear,random_question,,,,1779033266.4699075,/home/haoandong/ask2act/services/a6000_web/artifacts/offline_experiments/top_cups_01/scenes/scene_035/observation.jpg,44776c97-56a4-47b2-878c-00252ed5912a,finished,1,0,cand_001,2.5279958248138428,1779033268.9980152,correct,,1779033268.9978235,,False,True,Pick up the pink spoon.,1,"{'plausible': ['cand_001'], 'eliminated': [], 'last_removed': []}",1,0,2.5279958248138428,23,,,Pick up the pink spoon.,scene_035::Pick up the pink spoon.,pick up the pink spoon,0,1,0,0,0,1,spoon,scene_035|clear,14,6,0.5714285714285714,9
trial_20260518_005429_3c6a43,top_cups_01,main,scene_035,mixed,[],Pick up the pink spoon.,clear,random_question,,,,1779033270.9139438,/home/haoandong/ask2act/services/a6000_web/artifacts/offline_experiments/top_cups_01/scenes/scene_035/observation.jpg,9869143e-f6af-4afe-b8e6-e7eb0dfcafc6,finished,1,0,cand_001,1.396369218826294,1779033272.3103676,correct,,1779033272.3102586,,False,True,Pick up the pink spoon.,1,"{'plausible': ['cand_001'], 'eliminated': [], 'last_removed': []}",1,0,1.396369218826294,23,,,Pick up the pink spoon.,scene_035::Pick up the pink spoon.,pick up the pink spoon,0,1,0,0,0,1,spoon,scene_035|clear,14,6,0.5714285714285714,9
trial_20260518_005444_e9ceaf,top_cups_01,main,scene_035,mixed,[],Pick up the pink spoon.,clear,vlm_best_question,,,,1779033286.1105723,/home/haoandong/ask2act/services/a6000_web/artifacts/offline_experiments/top_cups_01/scenes/scene_035/observation.jpg,bf0494fc-56e3-426a-a860-76f83d46a7a1,finished,1,0,cand_001,2.0943517684936523,1779033288.2051249,correct,,1779033288.2048047,,False,True,Pick up the pink spoon.,1,"{'plausible': ['cand_001'], 'eliminated': [], 'last_removed': []}",1,0,2.0943517684936523,23,,,Pick up the pink spoon.,scene_035::Pick up the pink spoon.,pick up the pink spoon,0,1,0,0,0,1,spoon,scene_035|clear,14,6,0.5714285714285714,9
trial_20260518_005448_e90800,top_cups_01,main,scene_035,mixed,[],Pick up the pink spoon.,clear,vlm_best_question,,,,1779033290.1237826,/home/haoandong/ask2act/services/a6000_web/artifacts/offline_experiments/top_cups_01/scenes/scene_035/observation.jpg,518d9f25-4020-47ec-b764-cede345c2270,finished,1,0,cand_001,2.8023781776428223,1779033292.9262624,correct,,1779033292.9260876,,False,True,Pick up the pink spoon.,1,"{'plausible': ['cand_001'], 'eliminated': [], 'last_removed': []}",1,0,2.8023781776428223,23,,,Pick up the pink spoon.,scene_035::Pick up the pink spoon.,pick up the pink spoon,0,1,0,0,0,1,spoon,scene_035|clear,14,6,0.5714285714285714,9
trial_20260518_005518_542d70,top_cups_01,main,scene_035,mixed,[],Pick up the pink spoon.,clear,proposed_efe,,,,1779033319.8287196,/home/haoandong/ask2act/services/a6000_web/artifacts/offline_experiments/top_cups_01/scenes/scene_035/observation.jpg,7ab75e3f-b6c1-4d3c-bdac-75bb7eb87feb,finished,1,0,cand_001,7.521712303161621,1779033327.3506057,correct,,1779033327.3503244,,False,True,Pick up the pink spoon.,1,"{'plausible': ['cand_001'], 'eliminated': [], 'last_removed': []}",1,0,7.521712303161621,23,,,Pick up the pink spoon.,scene_035::Pick up the pink spoon.,pick up the pink spoon,0,1,0,0,0,1,spoon,scene_035|clear,14,6,0.5714285714285714,9
trial_20260518_005528_2201ca,top_cups_01,main,scene_035,mixed,[],Pick up the pink spoon.,clear,proposed_efe,,,,1779033329.6209328,/home/haoandong/ask2act/services/a6000_web/artifacts/offline_experiments/top_cups_01/scenes/scene_035/observation.jpg,1c15ba06-871c-412d-94c3-0054badf6c36,finished,1,0,cand_001,1.7518596649169922,1779033331.3729136,correct,,1779033331.3727114,,False,True,Pick up the pink spoon.,1,"{'plausible': ['cand_001'], 'eliminated': [], 'last_removed': []}",1,0,1.7518596649169922,23,,,Pick up the pink spoon.,scene_035::Pick up the pink spoon.,pick up the pink spoon,0,1,0,0,0,1,spoon,scene_035|clear,14,6,0.5714285714285714,9
trial_20260518_005554_1b76ca,top_cups_01,main,scene_035,mixed,[],Pick up the left cup.,partial,top_score,,,,1779033355.8689868,/home/haoandong/ask2act/services/a6000_web/artifacts/offline_experiments/top_cups_01/scenes/scene_035/observation.jpg,1f0a6d81-4637-4d44-bd21-6d2d67c0d1a6,finished,1,0,cand_001,3.082118511199951,1779033358.951305,correct,,1779033358.950984,,False,True,Pick up the left cup.,1,"{'plausible': ['cand_001'], 'eliminated': [], 'last_removed': []}",1,0,3.082118511199951,21,,,Pick up the left cup.,scene_035::Pick up the left cup.,pick up the left cup,0,0,1,0,0,1,cup,scene_035|partial,13,3,0.7692307692307692,3
trial_20260518_005606_979a9a,top_cups_01,main,scene_035,mixed,[],Pick up the right cup.,partial,top_score,,,,1779033367.6646574,/home/haoandong/ask2act/services/a6000_web/artifacts/offline_experiments/top_cups_01/scenes/scene_035/observation.jpg,3700d1ad-897a-4ac2-82ad-503a1ec439aa,finished,1,0,cand_001,16.641985416412354,1779033384.3068924,correct,,1779033384.306513,,False,True,Pick up the right cup.,1,"{'plausible': ['cand_001'], 'eliminated': [], 'last_removed': []}",1,0,16.641985416412354,22,,,Pick up the right cup.,scene_035::Pick up the right cup.,pick up the right cup,0,0,1,0,0,1,cup,scene_035|partial,13,3,0.7692307692307692,5
trial_20260518_005633_a80b46,top_cups_01,main,scene_035,mixed,[],Pick up my cup.,ambiguous,top_score,,,,1779033394.753113,/home/haoandong/ask2act/services/a6000_web/artifacts/offline_experiments/top_cups_01/scenes/scene_035/observation.jpg,e8084d1e-b2d1-4a80-b0f5-8cf93e316aa1,finished,4,0,cand_001,3.7197556495666504,1779212098.6368532,wrong,,1779033398.4727488,ambiguity_not_solved,True,True,Pick up my cup.,4,"{'plausible': ['cand_001'], 'eliminated': ['cand_002', 'cand_003', 'cand_004'], 'last_removed': ['cand_002', 'cand_003', 'cand_004']}",0,0,3.7197556495666504,15,,,Pick up my cup.,scene_035::Pick up my cup.,pick up my cup,1,0,0,0,0,1,cup,scene_035|ambiguous,12,1,0.9166666666666666,12
trial_20260518_005648_49f891,top_cups_01,main,scene_035,mixed,[],Pick up my cup.,ambiguous,random_candidate,,,,1779033409.5243528,/home/haoandong/ask2act/services/a6000_web/artifacts/offline_experiments/top_cups_01/scenes/scene_035/observation.jpg,9149494d-add1-4c66-abec-63433367dfc1,finished,4,0,cand_004,54.90771842002869,1779212104.7099771,wrong,,1779033464.432007,ambiguity_not_solved,True,True,Pick up my cup.,4,"{'plausible': ['cand_004'], 'eliminated': ['cand_001', 'cand_002', 'cand_003'], 'last_removed': ['cand_001', 'cand_002', 'cand_003']}",0,0,54.90771842002869,15,,,Pick up my cup.,scene_035::Pick up my cup.,pick up my cup,1,0,0,0,0,1,cup,scene_035|ambiguous,12,1,0.9166666666666666,12
trial_20260518_005747_019df1,top_cups_01,main,scene_035,mixed,[],Pick up my cup.,ambiguous,random_candidate,,,,1779033468.2526443,/home/haoandong/ask2act/services/a6000_web/artifacts/offline_experiments/top_cups_01/scenes/scene_035/observation.jpg,c7d62afa-28d8-4ceb-a31b-699130e33063,finished,4,0,cand_001,4.0208680629730225,1779212111.741897,wrong,,1779033472.2734492,ambiguity_not_solved,True,True,Pick up my cup.,4,"{'plausible': ['cand_001'], 'eliminated': ['cand_002', 'cand_003', 'cand_004'], 'last_removed': ['cand_002', 'cand_003', 'cand_004']}",0,0,4.0208680629730225,15,,,Pick up my cup.,scene_035::Pick up my cup.,pick up my cup,1,0,0,0,0,1,cup,scene_035|ambiguous,12,1,0.9166666666666666,12
trial_20260518_005844_c4ce80,top_cups_01,main,scene_035,mixed,[],Pick up the right cup.,partial,random_candidate,,,,1779033525.6371472,/home/haoandong/ask2act/services/a6000_web/artifacts/offline_experiments/top_cups_01/scenes/scene_035/observation.jpg,a5a2039f-55ca-4e91-a4dd-6ab1219b654c,finished,1,0,cand_001,4.435801029205322,1779033530.073147,correct,,1779033530.0728316,,False,True,Pick up the right cup.,1,"{'plausible': ['cand_001'], 'eliminated': [], 'last_removed': []}",1,0,4.435801029205322,22,,,Pick up the right cup.,scene_035::Pick up the right cup.,pick up the right cup,0,0,1,0,0,1,cup,scene_035|partial,13,3,0.7692307692307692,5
trial_20260518_005852_e390a5,top_cups_01,main,scene_035,mixed,[],Pick up the right cup.,partial,vlm_direct,,,,1779033533.6162777,/home/haoandong/ask2act/services/a6000_web/artifacts/offline_experiments/top_cups_01/scenes/scene_035/observation.jpg,24fa2cae-ac53-46fb-bf68-0478d83193de,finished,1,0,cand_001,1.745516300201416,1779033535.3618479,correct,,1779033535.3617406,,False,True,Pick up the right cup.,1,"{'plausible': ['cand_001'], 'eliminated': [], 'last_removed': []}",1,0,1.745516300201416,22,,,Pick up the right cup.,scene_035::Pick up the right cup.,pick up the right cup,0,0,1,0,0,1,cup,scene_035|partial,13,3,0.7692307692307692,5
trial_20260518_005901_772336,top_cups_01,main,scene_035,mixed,[],Pick up the red cup.,partial,vlm_direct,,,,1779033542.524613,/home/haoandong/ask2act/services/a6000_web/artifacts/offline_experiments/top_cups_01/scenes/scene_035/observation.jpg,3371f264-c092-42bc-8633-29ff6091328a,finished,1,0,cand_001,8.069176435470581,1779212147.2603343,unresolved,,1779033550.593735,gd_missing_target_candidate,True,True,Pick up the red cup.,1,"{'plausible': ['cand_001'], 'eliminated': [], 'last_removed': []}",0,0,8.069176435470581,20,,,Pick up the red cup.,scene_035::Pick up the red cup.,pick up the red cup,0,1,0,0,0,1,cup,scene_035|partial,13,3,0.7692307692307692,5
trial_20260518_005918_b28e35,top_cups_01,main,scene_035,mixed,[],Pick up my cup.,ambiguous,vlm_direct,,,,1779033559.115447,/home/haoandong/ask2act/services/a6000_web/artifacts/offline_experiments/top_cups_01/scenes/scene_035/observation.jpg,f260cc45-fd80-4cf1-b5bc-8d71a7df34c9,finished,4,0,cand_001,62.91481924057007,1779212156.3009934,wrong,,1779033622.0302026,ambiguity_not_solved,True,True,Pick up my cup.,4,"{'plausible': ['cand_001'], 'eliminated': ['cand_002', 'cand_003', 'cand_004'], 'last_removed': ['cand_002', 'cand_003', 'cand_004']}",0,0,62.91481924057007,15,,,Pick up my cup.,scene_035::Pick up my cup.,pick up my cup,1,0,0,0,0,1,cup,scene_035|ambiguous,12,1,0.9166666666666666,12
trial_20260518_010024_f81b7a,top_cups_01,main,scene_035,mixed,[],Pick up my cup.,ambiguous,vlm_direct,,,,1779033625.1658301,/home/haoandong/ask2act/services/a6000_web/artifacts/offline_experiments/top_cups_01/scenes/scene_035/observation.jpg,5ae1ab9a-e82d-4b59-ba78-4fb0fa5cd9a0,finished,4,0,cand_001,84.32370042800903,1779212165.8342912,wrong,,1779033709.4894598,ambiguity_not_solved,True,True,Pick up my cup.,4,"{'plausible': ['cand_001'], 'eliminated': ['cand_002', 'cand_003', 'cand_004'], 'last_removed': ['cand_002', 'cand_003', 'cand_004']}",0,0,84.32370042800903,15,,,Pick up my cup.,scene_035::Pick up my cup.,pick up my cup,1,0,0,0,0,1,cup,scene_035|ambiguous,12,1,0.9166666666666666,12
trial_20260518_010203_607bb0,top_cups_01,main,scene_035,mixed,[],Pick up my cup.,ambiguous,first_question,,,,1779033724.2001965,/home/haoandong/ask2act/services/a6000_web/artifacts/offline_experiments/top_cups_01/scenes/scene_035/observation.jpg,37a06888-5f95-4954-90f3-0889aee403a2,finished,4,2,cand_002,102.88136339187622,1779033827.0816169,correct,,1779033827.0814886,,False,True,Pick up my cup.,4,"{'plausible': ['cand_002'], 'eliminated': ['cand_001', 'cand_003', 'cand_004'], 'last_removed': ['cand_001']}",1,2,102.88136339187622,15,,,Pick up my cup.,scene_035::Pick up my cup.,pick up my cup,1,0,0,0,0,1,cup,scene_035|ambiguous,12,1,0.9166666666666666,12
trial_20260518_010348_365f73,top_cups_01,main,scene_035,mixed,[],Pick up my cup.,ambiguous,first_question,,,,1779033829.3053236,/home/haoandong/ask2act/services/a6000_web/artifacts/offline_experiments/top_cups_01/scenes/scene_035/observation.jpg,dbbd6131-4c3d-46c8-9b76-510070171333,finished,4,2,cand_003,110.2891263961792,1779033939.5946956,correct,,1779033939.594275,,False,True,Pick up my cup.,4,"{'plausible': ['cand_003'], 'eliminated': ['cand_001', 'cand_002', 'cand_004'], 'last_removed': ['cand_004']}",1,2,110.2891263961792,15,,,Pick up my cup.,scene_035::Pick up my cup.,pick up my cup,1,0,0,0,0,1,cup,scene_035|ambiguous,12,1,0.9166666666666666,12
trial_20260518_010551_01d05e,top_cups_01,main,scene_035,mixed,[],Pick up the red cup.,partial,first_question,,,,1779033952.8294585,/home/haoandong/ask2act/services/a6000_web/artifacts/offline_experiments/top_cups_01/scenes/scene_035/observation.jpg,706aaa7b-3250-4237-bc0e-5e070be4d4a1,finished,1,0,cand_001,2.9829375743865967,1779212180.8547578,unresolved,,1779033955.8123388,gd_missing_target_candidate,True,True,Pick up the red cup.,1,"{'plausible': ['cand_001'], 'eliminated': [], 'last_removed': []}",0,0,2.9829375743865967,20,,,Pick up the red cup.,scene_035::Pick up the red cup.,pick up the red cup,0,1,0,0,0,1,cup,scene_035|partial,13,3,0.7692307692307692,5
trial_20260518_010602_01a90a,top_cups_01,main,scene_035,mixed,[],Pick up the left cup.,partial,first_question,,,,1779033962.9500275,/home/haoandong/ask2act/services/a6000_web/artifacts/offline_experiments/top_cups_01/scenes/scene_035/observation.jpg,f749d5e9-3dde-4d31-aa3f-64b0a100a7bf,finished,1,0,cand_001,15.423132181167603,1779033978.3733494,correct,,1779033978.3730485,,False,True,Pick up the left cup.,1,"{'plausible': ['cand_001'], 'eliminated': [], 'last_removed': []}",1,0,15.423132181167603,21,,,Pick up the left cup.,scene_035::Pick up the left cup.,pick up the left cup,0,0,1,0,0,1,cup,scene_035|partial,13,3,0.7692307692307692,3
trial_20260518_010626_7e815e,top_cups_01,main,scene_035,mixed,[],Pick up the left cup.,partial,random_question,,,,1779033986.9052768,/home/haoandong/ask2act/services/a6000_web/artifacts/offline_experiments/top_cups_01/scenes/scene_035/observation.jpg,48c84f05-8554-4ba6-8a38-496676f6a174,finished,1,0,cand_001,11.663560390472412,1779033998.5688913,correct,,1779033998.5687828,,False,True,Pick up the left cup.,1,"{'plausible': ['cand_001'], 'eliminated': [], 'last_removed': []}",1,0,11.663560390472412,21,,,Pick up the left cup.,scene_035::Pick up the left cup.,pick up the left cup,0,0,1,0,0,1,cup,scene_035|partial,13,3,0.7692307692307692,3
trial_20260518_010648_280a5f,top_cups_01,main,scene_035,mixed,[],Pick up the red cup.,partial,random_question,,,,1779034009.1579506,/home/haoandong/ask2act/services/a6000_web/artifacts/offline_experiments/top_cups_01/scenes/scene_035/observation.jpg,b5f69f32-dcf9-44e9-8c01-a0fa2e996a26,finished,1,0,cand_001,21.45777416229248,1779212189.8589652,unresolved,,1779034030.615668,gd_missing_target_candidate,True,True,Pick up the red cup.,1,"{'plausible': ['cand_001'], 'eliminated': [], 'last_removed': []}",0,0,21.45777416229248,20,,,Pick up the red cup.,scene_035::Pick up the red cup.,pick up the red cup,0,1,0,0,0,1,cup,scene_035|partial,13,3,0.7692307692307692,5
trial_20260518_010719_a02b8d,top_cups_01,main,scene_035,mixed,[],Pick up my cup.,ambiguous,random_question,,,,1779034040.6588607,/home/haoandong/ask2act/services/a6000_web/artifacts/offline_experiments/top_cups_01/scenes/scene_035/observation.jpg,182b7dab-0928-4b23-9d6b-fef461447a89,finished,4,2,cand_001,213.559396982193,1779034254.2185023,correct,,1779034254.2180827,,False,True,Pick up my cup.,4,"{'plausible': ['cand_001'], 'eliminated': ['cand_002', 'cand_003', 'cand_004'], 'last_removed': ['cand_003', 'cand_004']}",1,2,213.559396982193,15,,,Pick up my cup.,scene_035::Pick up my cup.,pick up my cup,1,0,0,0,0,1,cup,scene_035|ambiguous,12,1,0.9166666666666666,12
trial_20260518_011328_d9d867,top_cups_01,main,scene_035,mixed,[],Pick up my cup.,ambiguous,vlm_best_question,,,,1779034409.8506918,/home/haoandong/ask2act/services/a6000_web/artifacts/offline_experiments/top_cups_01/scenes/scene_035/observation.jpg,2572920c-ced5-4fb9-bc65-af028f1c57eb,finished,4,2,cand_003,119.0921368598938,1779034528.942886,correct,,1779034528.942757,,False,True,Pick up my cup.,4,"{'plausible': ['cand_003'], 'eliminated': ['cand_001', 'cand_002', 'cand_004'], 'last_removed': ['cand_004']}",1,2,119.0921368598938,15,,,Pick up my cup.,scene_035::Pick up my cup.,pick up my cup,1,0,0,0,0,1,cup,scene_035|ambiguous,12,1,0.9166666666666666,12
trial_20260518_012017_390d19,top_cups_01,main,scene_035,mixed,[],Pick up my cup.,ambiguous,vlm_best_question,,,,1779034817.9711418,/home/haoandong/ask2act/services/a6000_web/artifacts/offline_experiments/top_cups_01/scenes/scene_035/observation.jpg,3b5aa2f1-e89b-4b04-ad04-c2e2a0cd85a5,finished,4,3,cand_003,242.1072084903717,1779035060.0784168,correct,,1779035060.0782764,,False,True,Pick up my cup.,4,"{'plausible': ['cand_003'], 'eliminated': ['cand_001', 'cand_002', 'cand_004'], 'last_removed': ['cand_004']}",1,3,242.1072084903717,15,,,Pick up my cup.,scene_035::Pick up my cup.,pick up my cup,1,0,0,0,0,1,cup,scene_035|ambiguous,12,1,0.9166666666666666,12
trial_20260518_012444_a114a8,top_cups_01,main,scene_035,mixed,[],Pick up the red cup.,partial,vlm_best_question,,,,1779035084.9814737,/home/haoandong/ask2act/services/a6000_web/artifacts/offline_experiments/top_cups_01/scenes/scene_035/observation.jpg,c58d153e-88b2-4af8-a998-f5544bf670a3,finished,1,0,cand_001,106.54943299293518,1779212198.910742,unresolved,,1779035191.5307806,gd_missing_target_candidate,True,True,Pick up the red cup.,1,"{'plausible': ['cand_001'], 'eliminated': [], 'last_removed': []}",0,0,106.54943299293518,20,,,Pick up the red cup.,scene_035::Pick up the red cup.,pick up the red cup,0,1,0,0,0,1,cup,scene_035|partial,13,3,0.7692307692307692,5
trial_20260518_012638_22b59c,top_cups_01,main,scene_035,mixed,[],Pick up the right cup.,partial,vlm_best_question,,,,1779035198.9453664,/home/haoandong/ask2act/services/a6000_web/artifacts/offline_experiments/top_cups_01/scenes/scene_035/observation.jpg,3dd711a2-a5d3-4e92-abfe-229557667396,finished,1,0,cand_001,24.329563856124878,1779035223.2752252,correct,,1779035223.2748058,,False,True,Pick up the right cup.,1,"{'plausible': ['cand_001'], 'eliminated': [], 'last_removed': []}",1,0,24.329563856124878,22,,,Pick up the right cup.,scene_035::Pick up the right cup.,pick up the right cup,0,0,1,0,0,1,cup,scene_035|partial,13,3,0.7692307692307692,5
trial_20260518_012756_d9d451,top_cups_01,main,scene_035,mixed,[],Pick up the right cup.,partial,proposed_efe,,,,1779035277.0386276,/home/haoandong/ask2act/services/a6000_web/artifacts/offline_experiments/top_cups_01/scenes/scene_035/observation.jpg,b8b4dda5-6377-4bd2-89a6-3e34122c73c5,finished,1,0,cand_001,12.286873579025269,1779035289.3255646,correct,,1779035289.325447,,False,True,Pick up the right cup.,1,"{'plausible': ['cand_001'], 'eliminated': [], 'last_removed': []}",1,0,12.286873579025269,22,,,Pick up the right cup.,scene_035::Pick up the right cup.,pick up the right cup,0,0,1,0,0,1,cup,scene_035|partial,13,3,0.7692307692307692,5
trial_20260518_012816_be8585,top_cups_01,main,scene_035,mixed,[],Pick up the red cup.,partial,proposed_efe,,,,1779035297.2219524,/home/haoandong/ask2act/services/a6000_web/artifacts/offline_experiments/top_cups_01/scenes/scene_035/observation.jpg,bbf794f2-6ca9-49c8-a7e5-c21bcb23374a,finished,4,2,cand_003,270.1419143676758,1779035567.3639283,correct,,1779035567.3638031,,False,True,Pick up the red cup.,4,"{'plausible': ['cand_003'], 'eliminated': ['cand_001', 'cand_002', 'cand_004'], 'last_removed': ['cand_001']}",1,2,270.1419143676758,20,,,Pick up the red cup.,scene_035::Pick up the red cup.,pick up the red cup,0,1,0,0,0,1,cup,scene_035|partial,13,3,0.7692307692307692,5
trial_20260518_013313_b36a05,top_cups_01,main,scene_035,mixed,[],Pick up my cup.,ambiguous,proposed_efe,,,,1779035594.16174,/home/haoandong/ask2act/services/a6000_web/artifacts/offline_experiments/top_cups_01/scenes/scene_035/observation.jpg,b7f80d23-a76e-4f60-9c46-861403c80511,finished,4,2,cand_003,107.67241477966309,1779035701.8342216,correct,,1779035701.8340786,,False,True,Pick up my cup.,4,"{'plausible': ['cand_003'], 'eliminated': ['cand_001', 'cand_002', 'cand_004'], 'last_removed': ['cand_001']}",1,2,107.67241477966309,15,,,Pick up my cup.,scene_035::Pick up my cup.,pick up my cup,1,0,0,0,0,1,cup,scene_035|ambiguous,12,1,0.9166666666666666,12
trial_20260518_013504_97179b,top_cups_01,main,scene_035,mixed,[],Pick up my cup.,ambiguous,proposed_efe,,,,1779035704.8631613,/home/haoandong/ask2act/services/a6000_web/artifacts/offline_experiments/top_cups_01/scenes/scene_035/observation.jpg,9c1b8de3-644c-48fd-b479-86fe456d3df6,finished,4,2,cand_001,214.16305589675903,1779035919.0262837,correct,,1779035919.0261478,,False,True,Pick up my cup.,4,"{'plausible': ['cand_001'], 'eliminated': ['cand_002', 'cand_003', 'cand_004'], 'last_removed': ['cand_003']}",1,2,214.16305589675903,15,,,Pick up my cup.,scene_035::Pick up my cup.,pick up my cup,1,0,0,0,0,1,cup,scene_035|ambiguous,12,1,0.9166666666666666,12
trial_20260518_013930_c27068,top_cups_01,main,scene_036,mixed,[],Pick up the green bottle.,clear,top_score,,,,1779035971.7914417,/home/haoandong/ask2act/services/a6000_web/artifacts/offline_experiments/top_cups_01/scenes/scene_036/observation.jpg,570fefea-fc3a-47fd-9ffe-159e84024c45,finished,1,0,cand_001,2.650852918624878,1779035974.4423618,correct,,1779035974.4422421,,False,True,Pick up the green bottle.,1,"{'plausible': ['cand_001'], 'eliminated': [], 'last_removed': []}",1,0,2.650852918624878,25,,,Pick up the green bottle.,scene_036::Pick up the green bottle.,pick up the green bottle,0,1,0,0,0,1,bottle,scene_036|clear,12,8,0.33333333333333337,1
trial_20260518_013942_a5f776,top_cups_01,main,scene_036,mixed,[],Pick up the red bottle.,clear,random_candidate,,,,1779035983.3257859,/home/haoandong/ask2act/services/a6000_web/artifacts/offline_experiments/top_cups_01/scenes/scene_036/observation.jpg,96d3106b-5edb-4109-8335-bf313fcc9daa,finished,1,0,cand_001,3.231992244720459,1779035986.5578377,correct,,1779035986.5577288,,False,True,Pick up the red bottle.,1,"{'plausible': ['cand_001'], 'eliminated': [], 'last_removed': []}",1,0,3.231992244720459,23,,,Pick up the red bottle.,scene_036::Pick up the red bottle.,pick up the red bottle,0,1,0,0,0,1,bottle,scene_036|clear,12,8,0.33333333333333337,1
trial_20260518_014038_cad91d,top_cups_01,main,scene_036,mixed,[],Pick up the center bottle.,clear,random_candidate,,,,1779036039.7103927,/home/haoandong/ask2act/services/a6000_web/artifacts/offline_experiments/top_cups_01/scenes/scene_036/observation.jpg,62a17966-76fb-4fb8-ae91-b0e4ab5776d2,finished,1,0,cand_001,3.0855047702789307,1779036042.7960987,correct,,1779036042.7957814,,False,True,Pick up the center bottle.,1,"{'plausible': ['cand_001'], 'eliminated': [], 'last_removed': []}",1,0,3.0855047702789307,26,,,Pick up the center bottle.,scene_036::Pick up the center bottle.,pick up the center bottle,0,0,1,0,0,1,bottle,scene_036|clear,12,8,0.33333333333333337,1
trial_20260518_014113_14bda3,top_cups_01,main,scene_036,mixed,[],Pick up the right bottle.,clear,vlm_direct,,,,1779036074.2418447,/home/haoandong/ask2act/services/a6000_web/artifacts/offline_experiments/top_cups_01/scenes/scene_036/observation.jpg,b2a869ce-d165-4981-8c16-d9fd5aa1b5bb,finished,2,0,cand_001,35.03485321998596,1779036109.2767508,correct,,1779036109.2766418,,False,True,Pick up the right bottle.,2,"{'plausible': ['cand_001'], 'eliminated': ['cand_002'], 'last_removed': ['cand_002']}",1,0,35.03485321998596,25,,,Pick up the right bottle.,scene_036::Pick up the right bottle.,pick up the right bottle,0,0,1,0,0,1,bottle,scene_036|clear,12,8,0.33333333333333337,1
trial_20260518_014211_5f9f84,top_cups_01,main,scene_036,mixed,[],Pick up the right cup.,clear,vlm_direct,,,,1779036132.91016,/home/haoandong/ask2act/services/a6000_web/artifacts/offline_experiments/top_cups_01/scenes/scene_036/observation.jpg,998a0537-d30c-44dc-8480-4c8cbc84b1bf,finished,1,0,cand_001,5.166464805603027,1779036138.0767725,correct,,1779036138.0765224,,False,True,Pick up the right cup.,1,"{'plausible': ['cand_001'], 'eliminated': [], 'last_removed': []}",1,0,5.166464805603027,22,,,Pick up the right cup.,scene_036::Pick up the right cup.,pick up the right cup,0,0,1,0,0,1,cup,scene_036|clear,12,8,0.33333333333333337,1
trial_20260518_014242_0faf5b,top_cups_01,main,scene_036,mixed,[],Pick up the orange spoon.,clear,first_question,,,,1779036163.8218124,/home/haoandong/ask2act/services/a6000_web/artifacts/offline_experiments/top_cups_01/scenes/scene_036/observation.jpg,1d3ee761-e25b-4672-aab0-da3ab8f045a1,finished,1,0,cand_001,2.9596338272094727,1779036166.7815936,correct,,1779036166.781355,,False,True,Pick up the orange spoon.,1,"{'plausible': ['cand_001'], 'eliminated': [], 'last_removed': []}",1,0,2.9596338272094727,25,,,Pick up the orange spoon.,scene_036::Pick up the orange spoon.,pick up the orange spoon,0,1,0,0,0,1,spoon,scene_036|clear,12,8,0.33333333333333337,1
trial_20260518_014253_f7d533,top_cups_01,main,scene_036,mixed,[],Pick up the pink spoon.,clear,first_question,,,,1779036174.9219072,/home/haoandong/ask2act/services/a6000_web/artifacts/offline_experiments/top_cups_01/scenes/scene_036/observation.jpg,8d29a47c-f932-4a86-b6c8-ef611856b0da,finished,1,0,cand_001,5.196147203445435,1779036180.1182544,correct,,1779036180.1179388,,False,True,Pick up the pink spoon.,1,"{'plausible': ['cand_001'], 'eliminated': [], 'last_removed': []}",1,0,5.196147203445435,23,,,Pick up the pink spoon.,scene_036::Pick up the pink spoon.,pick up the pink spoon,0,1,0,0,0,1,spoon,scene_036|clear,12,8,0.33333333333333337,1
trial_20260518_014317_16e487,top_cups_01,main,scene_036,mixed,[],Pick up the yellow fork.,clear,random_question,,,,1779036198.9706979,/home/haoandong/ask2act/services/a6000_web/artifacts/offline_experiments/top_cups_01/scenes/scene_036/observation.jpg,465ef012-bce0-45ab-8776-fe29ee1355dd,finished,1,0,cand_001,2.2293591499328613,1779036201.2001133,correct,,1779036201.200003,,False,True,Pick up the yellow fork.,1,"{'plausible': ['cand_001'], 'eliminated': [], 'last_removed': []}",1,0,2.2293591499328613,24,,,Pick up the yellow fork.,scene_036::Pick up the yellow fork.,pick up the yellow fork,0,1,0,0,0,1,fork,scene_036|clear,12,8,0.33333333333333337,5
trial_20260518_014326_3505ef,top_cups_01,main,scene_036,mixed,[],Pick up the yellow fork.,clear,vlm_best_question,,,,1779036208.06625,/home/haoandong/ask2act/services/a6000_web/artifacts/offline_experiments/top_cups_01/scenes/scene_036/observation.jpg,49bf9326-2ea1-49b5-ac9b-9bbefbabb807,finished,1,0,cand_001,4.5576348304748535,1779036212.6240203,correct,,1779036212.6237936,,False,True,Pick up the yellow fork.,1,"{'plausible': ['cand_001'], 'eliminated': [], 'last_removed': []}",1,0,4.5576348304748535,24,,,Pick up the yellow fork.,scene_036::Pick up the yellow fork.,pick up the yellow fork,0,1,0,0,0,1,fork,scene_036|clear,12,8,0.33333333333333337,5
trial_20260518_014333_e22fc6,top_cups_01,main,scene_036,mixed,[],Pick up the yellow fork.,clear,vlm_best_question,,,,1779036214.736453,/home/haoandong/ask2act/services/a6000_web/artifacts/offline_experiments/top_cups_01/scenes/scene_036/observation.jpg,2d4ad186-e4f8-4f86-ad32-0e61d575587a,finished,1,0,cand_001,2.150320291519165,1779036216.886828,correct,,1779036216.8867195,,False,True,Pick up the yellow fork.,1,"{'plausible': ['cand_001'], 'eliminated': [], 'last_removed': []}",1,0,2.150320291519165,24,,,Pick up the yellow fork.,scene_036::Pick up the yellow fork.,pick up the yellow fork,0,1,0,0,0,1,fork,scene_036|clear,12,8,0.33333333333333337,5
trial_20260518_014409_410b44,top_cups_01,main,scene_036,mixed,[],Pick up the yellow fork.,clear,proposed_efe,,,,1779036251.0845678,/home/haoandong/ask2act/services/a6000_web/artifacts/offline_experiments/top_cups_01/scenes/scene_036/observation.jpg,557acfa9-ad40-4d2f-ad74-d219826c530e,finished,1,0,cand_001,1.624767780303955,1779036252.709389,correct,,1779036252.7092829,,False,True,Pick up the yellow fork.,1,"{'plausible': ['cand_001'], 'eliminated': [], 'last_removed': []}",1,0,1.624767780303955,24,,,Pick up the yellow fork.,scene_036::Pick up the yellow fork.,pick up the yellow fork,0,1,0,0,0,1,fork,scene_036|clear,12,8,0.33333333333333337,5
trial_20260518_014413_288492,top_cups_01,main,scene_036,mixed,[],Pick up the yellow fork.,clear,proposed_efe,,,,1779036254.705777,/home/haoandong/ask2act/services/a6000_web/artifacts/offline_experiments/top_cups_01/scenes/scene_036/observation.jpg,1d0d3b8e-ffd9-487f-8356-c248bf79d6d2,finished,1,0,cand_001,1.4496827125549316,1779036256.1555512,correct,,1779036256.15539,,False,True,Pick up the yellow fork.,1,"{'plausible': ['cand_001'], 'eliminated': [], 'last_removed': []}",1,0,1.4496827125549316,24,,,Pick up the yellow fork.,scene_036::Pick up the yellow fork.,pick up the yellow fork,0,1,0,0,0,1,fork,scene_036|clear,12,8,0.33333333333333337,5
trial_20260518_014626_a4a5d0,top_cups_01,main,scene_036,mixed,[],Pick up the center cup.,partial,top_score,,,,1779036388.2741466,/home/haoandong/ask2act/services/a6000_web/artifacts/offline_experiments/top_cups_01/scenes/scene_036/observation.jpg,b421c280-11db-46aa-ae64-16696268cc8f,finished,1,0,cand_001,3.5192275047302246,1779212225.0756927,correct,,1779036391.7932918,,True,True,Pick up the center cup.,1,"{'plausible': ['cand_001'], 'eliminated': [], 'last_removed': []}",1,0,3.5192275047302246,23,,,Pick up the center cup.,scene_036::Pick up the center cup.,pick up the center cup,0,0,1,0,0,1,cup,scene_036|partial,13,4,0.6923076923076923,2
trial_20260518_014642_b587d7,top_cups_01,main,scene_036,mixed,[],Pick up my cup.,ambiguous,top_score,,,,1779036403.3387468,/home/haoandong/ask2act/services/a6000_web/artifacts/offline_experiments/top_cups_01/scenes/scene_036/observation.jpg,80089c21-1e4e-4408-8cea-86062791851d,finished,4,0,cand_001,5.7004218101501465,1779212232.8636918,wrong,,1779036409.0391092,ambiguity_not_solved,True,True,Pick up my cup.,4,"{'plausible': ['cand_001'], 'eliminated': ['cand_002', 'cand_003', 'cand_004'], 'last_removed': ['cand_002', 'cand_003', 'cand_004']}",0,0,5.7004218101501465,15,,,Pick up my cup.,scene_036::Pick up my cup.,pick up my cup,1,0,0,0,0,1,cup,scene_036|ambiguous,14,1,0.9285714285714286,14
trial_20260518_014650_2e6c2c,top_cups_01,main,scene_036,mixed,[],Pick up my cup.,ambiguous,top_score,,,,1779036411.3399115,/home/haoandong/ask2act/services/a6000_web/artifacts/offline_experiments/top_cups_01/scenes/scene_036/observation.jpg,cd8f158a-f224-4dd5-85fe-055a4831ab78,finished,4,0,cand_001,2.0826656818389893,1779036413.4226363,correct,,1779036413.4225152,,False,True,Pick up my cup.,4,"{'plausible': ['cand_001'], 'eliminated': ['cand_002', 'cand_003', 'cand_004'], 'last_removed': ['cand_002', 'cand_003', 'cand_004']}",1,0,2.0826656818389893,15,,,Pick up my cup.,scene_036::Pick up my cup.,pick up my cup,1,0,0,0,0,1,cup,scene_036|ambiguous,14,1,0.9285714285714286,14
trial_20260518_014752_ee4eb3,top_cups_01,main,scene_036,mixed,[],Pick up my cup.,ambiguous,random_candidate,,,,1779036473.3029177,/home/haoandong/ask2act/services/a6000_web/artifacts/offline_experiments/top_cups_01/scenes/scene_036/observation.jpg,fedd6366-aecf-459f-89ff-26247fec514d,finished,4,0,cand_004,5.247023582458496,1779212240.9582982,wrong,,1779036478.5498793,ambiguity_not_solved,True,True,Pick up my cup.,4,"{'plausible': ['cand_004'], 'eliminated': ['cand_001', 'cand_002', 'cand_003'], 'last_removed': ['cand_001', 'cand_002', 'cand_003']}",0,0,5.247023582458496,15,,,Pick up my cup.,scene_036::Pick up my cup.,pick up my cup,1,0,0,0,0,1,cup,scene_036|ambiguous,14,1,0.9285714285714286,14
trial_20260518_014759_8c96e3,top_cups_01,main,scene_036,mixed,[],Pick up my cup.,ambiguous,random_candidate,,,,1779036480.4369285,/home/haoandong/ask2act/services/a6000_web/artifacts/offline_experiments/top_cups_01/scenes/scene_036/observation.jpg,9ea7a277-3ee2-4da7-8e7b-ff6e6d2a8faf,finished,4,0,cand_004,2.646524667739868,1779212246.1214669,wrong,,1779036483.0833132,ambiguity_not_solved,True,True,Pick up my cup.,4,"{'plausible': ['cand_004'], 'eliminated': ['cand_001', 'cand_002', 'cand_003'], 'last_removed': ['cand_001', 'cand_002', 'cand_003']}",0,0,2.646524667739868,15,,,Pick up my cup.,scene_036::Pick up my cup.,pick up my cup,1,0,0,0,0,1,cup,scene_036|ambiguous,14,1,0.9285714285714286,14
trial_20260518_014813_49cc03,top_cups_01,main,scene_036,mixed,[],Pick up the left cup.,partial,random_candidate,,,,1779036494.7286768,/home/haoandong/ask2act/services/a6000_web/artifacts/offline_experiments/top_cups_01/scenes/scene_036/observation.jpg,6ad14c90-0fbc-48d0-826b-81690d0fb26e,finished,1,0,cand_001,2.5524556636810303,1779036497.2813685,correct,,1779036497.280993,,False,True,Pick up the left cup.,1,"{'plausible': ['cand_001'], 'eliminated': [], 'last_removed': []}",1,0,2.5524556636810303,21,,,Pick up the left cup.,scene_036::Pick up the left cup.,pick up the left cup,0,0,1,0,0,1,cup,scene_036|partial,13,4,0.6923076923076923,1
trial_20260518_014827_b09d9a,top_cups_01,main,scene_036,mixed,[],Pick up the right bottle.,partial,random_candidate,,,,1779036508.6590092,/home/haoandong/ask2act/services/a6000_web/artifacts/offline_experiments/top_cups_01/scenes/scene_036/observation.jpg,7bced664-9029-4789-9e5d-b1f050873c7a,finished,2,0,cand_002,3.7899558544158936,1779212260.05745,wrong,,1779036512.4488935,,True,True,Pick up the right bottle.,2,"{'plausible': ['cand_002'], 'eliminated': ['cand_001'], 'last_removed': ['cand_001']}",0,0,3.7899558544158936,25,,,Pick up the right bottle.,scene_036::Pick up the right bottle.,pick up the right bottle,0,0,1,0,0,1,bottle,scene_036|partial,13,4,0.6923076923076923,6
trial_20260518_014836_6ed2ff,top_cups_01,main,scene_036,mixed,[],Pick up the right bottle.,partial,vlm_direct,,,,1779036517.1919992,/home/haoandong/ask2act/services/a6000_web/artifacts/offline_experiments/top_cups_01/scenes/scene_036/observation.jpg,3d4019b6-51f0-49d0-a58c-9d42f8c27de2,finished,2,0,cand_001,52.0290253162384,1779036569.2211218,correct,,1779036569.220952,,False,True,Pick up the right bottle.,2,"{'plausible': ['cand_001'], 'eliminated': ['cand_002'], 'last_removed': ['cand_002']}",1,0,52.0290253162384,25,,,Pick up the right bottle.,scene_036::Pick up the right bottle.,pick up the right bottle,0,0,1,0,0,1,bottle,scene_036|partial,13,4,0.6923076923076923,6
trial_20260518_014941_41ef36,top_cups_01,main,scene_036,mixed,[],Pick up the center cup.,partial,vlm_direct,,,,1779036582.9080098,/home/haoandong/ask2act/services/a6000_web/artifacts/offline_experiments/top_cups_01/scenes/scene_036/observation.jpg,19cdd6b9-edf9-429e-84ad-af601e105391,finished,1,0,cand_001,73.71481084823608,1779212271.1072686,correct,,1779036656.622766,,True,True,Pick up the center cup.,1,"{'plausible': ['cand_001'], 'eliminated': [], 'last_removed': []}",1,0,73.71481084823608,23,,,Pick up the center cup.,scene_036::Pick up the center cup.,pick up the center cup,0,0,1,0,0,1,cup,scene_036|partial,13,4,0.6923076923076923,2
trial_20260518_015140_595a46,top_cups_01,main,scene_036,mixed,[],Pick up my cup.,ambiguous,vlm_direct,,,,1779036700.974079,/home/haoandong/ask2act/services/a6000_web/artifacts/offline_experiments/top_cups_01/scenes/scene_036/observation.jpg,a900beb1-5db8-46a9-ba38-3e773b4e624f,finished,4,0,cand_001,53.75675082206726,1779036754.7311304,correct,,1779036754.730612,,False,True,Pick up my cup.,4,"{'plausible': ['cand_001'], 'eliminated': ['cand_002', 'cand_003', 'cand_004'], 'last_removed': ['cand_002', 'cand_003', 'cand_004']}",1,0,53.75675082206726,15,,,Pick up my cup.,scene_036::Pick up my cup.,pick up my cup,1,0,0,0,0,1,cup,scene_036|ambiguous,14,1,0.9285714285714286,14
trial_20260518_015235_eb9b96,top_cups_01,main,scene_036,mixed,[],Pick up my cup.,ambiguous,vlm_direct,,,,1779036756.3928852,/home/haoandong/ask2act/services/a6000_web/artifacts/offline_experiments/top_cups_01/scenes/scene_036/observation.jpg,c2f0db96-bcd2-4ef0-a664-ae0a668b7b0b,finished,4,0,cand_001,55.57913827896118,1779036811.9720798,wrong,,1779036811.9719589,,False,True,Pick up my cup.,4,"{'plausible': ['cand_001'], 'eliminated': ['cand_002', 'cand_003', 'cand_004'], 'last_removed': ['cand_002', 'cand_003', 'cand_004']}",0,0,55.57913827896118,15,,,Pick up my cup.,scene_036::Pick up my cup.,pick up my cup,1,0,0,0,0,1,cup,scene_036|ambiguous,14,1,0.9285714285714286,14
trial_20260518_015335_cb4fa5,top_cups_01,main,scene_036,mixed,[],Pick up my cup.,ambiguous,first_question,,,,1779036816.093352,/home/haoandong/ask2act/services/a6000_web/artifacts/offline_experiments/top_cups_01/scenes/scene_036/observation.jpg,6e060b41-f445-492d-a8be-17e3eaa75d81,finished,4,2,cand_003,114.06729912757874,1779036930.160715,correct,,1779036930.1605778,,False,True,Pick up my cup.,4,"{'plausible': ['cand_003'], 'eliminated': ['cand_001', 'cand_002', 'cand_004'], 'last_removed': ['cand_004']}",1,2,114.06729912757874,15,,,Pick up my cup.,scene_036::Pick up my cup.,pick up my cup,1,0,0,0,0,1,cup,scene_036|ambiguous,14,1,0.9285714285714286,14
trial_20260518_015532_f1eb85,top_cups_01,main,scene_036,mixed,[],Pick up my cup.,ambiguous,first_question,,,,1779036933.7529843,/home/haoandong/ask2act/services/a6000_web/artifacts/offline_experiments/top_cups_01/scenes/scene_036/observation.jpg,735087ce-93b1-436b-a8f8-7f52ccd8ef0c,finished,4,3,cand_003,247.55278038978577,1779037181.3060293,correct,,1779037181.30555,,False,True,Pick up my cup.,4,"{'plausible': ['cand_003'], 'eliminated': ['cand_001', 'cand_002', 'cand_004'], 'last_removed': ['cand_004']}",1,3,247.55278038978577,15,,,Pick up my cup.,scene_036::Pick up my cup.,pick up my cup,1,0,0,0,0,1,cup,scene_036|ambiguous,14,1,0.9285714285714286,14
trial_20260518_015957_5dea31,top_cups_01,main,scene_036,mixed,[],Pick up the red cup.,partial,first_question,,,,1779037197.9811578,/home/haoandong/ask2act/services/a6000_web/artifacts/offline_experiments/top_cups_01/scenes/scene_036/observation.jpg,bc2403ef-de1d-4b1f-9ca2-9febbefed98c,finished,1,0,cand_001,68.50934052467346,1779212305.3056026,wrong,,1779037266.4903822,gd_missing_target_candidate,True,True,Pick up the red cup.,1,"{'plausible': ['cand_001'], 'eliminated': [], 'last_removed': []}",0,0,68.50934052467346,20,,,Pick up the red cup.,scene_036::Pick up the red cup.,pick up the red cup,0,1,0,0,0,1,cup,scene_036|partial,13,4,0.6923076923076923,4
trial_20260518_020124_d7b846,top_cups_01,main,scene_036,mixed,[],Pick up the right bottle.,partial,first_question,,,,1779037285.017266,/home/haoandong/ask2act/services/a6000_web/artifacts/offline_experiments/top_cups_01/scenes/scene_036/observation.jpg,8acfed55-ac38-4b1e-aa4a-6e98c0ffe548,finished,2,1,cand_002,70.53575420379639,1779037355.5530746,correct,,1779037355.5529575,,False,True,Pick up the right bottle.,2,"{'plausible': ['cand_002'], 'eliminated': ['cand_001'], 'last_removed': ['cand_001']}",1,1,70.53575420379639,25,,,Pick up the right bottle.,scene_036::Pick up the right bottle.,pick up the right bottle,0,0,1,0,0,1,bottle,scene_036|partial,13,4,0.6923076923076923,6
trial_20260518_020243_047e35,top_cups_01,main,scene_036,mixed,[],Pick up the right bottle.,partial,random_question,,,,1779037364.0774882,/home/haoandong/ask2act/services/a6000_web/artifacts/offline_experiments/top_cups_01/scenes/scene_036/observation.jpg,ca7b39c4-625e-454e-86c9-839b2f0e92e2,finished,2,1,cand_001,137.88269066810608,1779037501.9602363,correct,,1779037501.9601188,,False,True,Pick up the right bottle.,2,"{'plausible': ['cand_001'], 'eliminated': ['cand_002'], 'last_removed': ['cand_002']}",1,1,137.88269066810608,25,,,Pick up the right bottle.,scene_036::Pick up the right bottle.,pick up the right bottle,0,0,1,0,0,1,bottle,scene_036|partial,13,4,0.6923076923076923,6
trial_20260518_020511_7e2aba,top_cups_01,main,scene_036,mixed,[],Pick up the red cup.,partial,random_question,,,,1779037512.5427449,/home/haoandong/ask2act/services/a6000_web/artifacts/offline_experiments/top_cups_01/scenes/scene_036/observation.jpg,1dee746c-105f-49a1-952f-1277250cb82f,finished,1,0,cand_001,47.75250482559204,1779212336.4487977,wrong,,1779037560.2951944,gd_missing_target_candidate,True,True,Pick up the red cup.,1,"{'plausible': ['cand_001'], 'eliminated': [], 'last_removed': []}",0,0,47.75250482559204,20,,,Pick up the red cup.,scene_036::Pick up the red cup.,pick up the red cup,0,1,0,0,0,1,cup,scene_036|partial,13,4,0.6923076923076923,4
trial_20260518_020611_058720,top_cups_01,main,scene_036,mixed,[],Pick up my cup.,ambiguous,random_question,,,,1779037572.948644,/home/haoandong/ask2act/services/a6000_web/artifacts/offline_experiments/top_cups_01/scenes/scene_036/observation.jpg,5a199642-0bb0-4a45-8b5c-216812097542,finished,4,2,cand_001,163.03953337669373,1779037735.9883838,correct,,1779037735.9880223,,False,True,Pick up my cup.,4,"{'plausible': ['cand_001'], 'eliminated': ['cand_002', 'cand_003', 'cand_004'], 'last_removed': ['cand_003']}",1,2,163.03953337669373,15,,,Pick up my cup.,scene_036::Pick up my cup.,pick up my cup,1,0,0,0,0,1,cup,scene_036|ambiguous,14,1,0.9285714285714286,14
trial_20260518_020857_460ed1,top_cups_01,main,scene_036,mixed,[],Pick up my cup.,ambiguous,random_question,,,,1779037738.5709672,/home/haoandong/ask2act/services/a6000_web/artifacts/offline_experiments/top_cups_01/scenes/scene_036/observation.jpg,3454a359-f59d-40e2-859f-192fd164036e,finished,4,3,cand_003,258.35177183151245,1779037996.9229686,correct,,1779037996.9225404,,False,True,Pick up my cup.,4,"{'plausible': ['cand_003'], 'eliminated': ['cand_001', 'cand_002', 'cand_004'], 'last_removed': ['cand_001']}",1,3,258.35177183151245,15,,,Pick up my cup.,scene_036::Pick up my cup.,pick up my cup,1,0,0,0,0,1,cup,scene_036|ambiguous,14,1,0.9285714285714286,14
trial_20260518_021320_3dac55,top_cups_01,main,scene_036,mixed,[],Pick up my cup.,ambiguous,vlm_best_question,,,,1779038001.0956066,/home/haoandong/ask2act/services/a6000_web/artifacts/offline_experiments/top_cups_01/scenes/scene_036/observation.jpg,b552dcb0-e214-461b-ba32-d0f2c2f09f7d,finished,4,2,cand_003,124.57419514656067,1779038125.6698756,correct,,1779038125.6697276,,False,True,Pick up my cup.,4,"{'plausible': ['cand_003'], 'eliminated': ['cand_001', 'cand_002', 'cand_004'], 'last_removed': ['cand_004']}",1,2,124.57419514656067,15,,,Pick up my cup.,scene_036::Pick up my cup.,pick up my cup,1,0,0,0,0,1,cup,scene_036|ambiguous,14,1,0.9285714285714286,14
trial_20260518_021533_88d6b8,top_cups_01,main,scene_036,mixed,[],Pick up my cup.,ambiguous,vlm_best_question,,,,1779038134.870659,/home/haoandong/ask2act/services/a6000_web/artifacts/offline_experiments/top_cups_01/scenes/scene_036/observation.jpg,4fdf5d4a-45c8-4793-9699-ffec6583344f,finished,4,2,cand_001,50.62902235984802,1779038185.4997392,correct,,1779038185.499609,,False,True,Pick up my cup.,4,"{'plausible': ['cand_001'], 'eliminated': ['cand_002', 'cand_003', 'cand_004'], 'last_removed': ['cand_002']}",1,2,50.62902235984802,15,,,Pick up my cup.,scene_036::Pick up my cup.,pick up my cup,1,0,0,0,0,1,cup,scene_036|ambiguous,14,1,0.9285714285714286,14
trial_20260518_021655_58f790,top_cups_01,main,scene_036,mixed,[],Pick up the right bottle.,partial,vlm_best_question,,,,1779038216.9110928,/home/haoandong/ask2act/services/a6000_web/artifacts/offline_experiments/top_cups_01/scenes/scene_036/observation.jpg,deaf95fe-372b-466a-896f-8bdd3e86e333,finished,2,1,cand_001,62.54584813117981,1779038279.4569998,correct,,1779038279.456877,,False,True,Pick up the right bottle.,2,"{'plausible': ['cand_001'], 'eliminated': ['cand_002'], 'last_removed': ['cand_002']}",1,1,62.54584813117981,25,,,Pick up the right bottle.,scene_036::Pick up the right bottle.,pick up the right bottle,0,0,1,0,0,1,bottle,scene_036|partial,13,4,0.6923076923076923,6
trial_20260518_021809_37dab1,top_cups_01,main,scene_036,mixed,[],Pick up the red cup.,partial,vlm_best_question,,,,1779038290.2238848,/home/haoandong/ask2act/services/a6000_web/artifacts/offline_experiments/top_cups_01/scenes/scene_036/observation.jpg,360f9c81-829c-40c1-b0ef-c6a58a46cdd9,finished,1,0,cand_001,45.09709715843201,1779212351.9314756,unresolved,,1779038335.3209262,gd_missing_target_candidate,True,True,Pick up the red cup.,1,"{'plausible': ['cand_001'], 'eliminated': [], 'last_removed': []}",0,0,45.09709715843201,20,,,Pick up the red cup.,scene_036::Pick up the red cup.,pick up the red cup,0,1,0,0,0,1,cup,scene_036|partial,13,4,0.6923076923076923,4
trial_20260518_021901_2eaeb3,top_cups_01,main,scene_036,mixed,[],Pick up the red cup.,partial,proposed_efe,,,,1779038342.6120074,/home/haoandong/ask2act/services/a6000_web/artifacts/offline_experiments/top_cups_01/scenes/scene_036/observation.jpg,88f1827f-5700-4e68-b904-517d29ad9536,finished,1,0,cand_001,36.14475631713867,1779212359.4710312,unresolved,,1779038378.7567081,gd_missing_target_candidate,True,True,Pick up the red cup.,1,"{'plausible': ['cand_001'], 'eliminated': [], 'last_removed': []}",0,0,36.14475631713867,20,,,Pick up the red cup.,scene_036::Pick up the red cup.,pick up the red cup,0,1,0,0,0,1,cup,scene_036|partial,13,4,0.6923076923076923,4
trial_20260518_021950_3cdd0d,top_cups_01,main,scene_036,mixed,[],Pick up the right bottle.,partial,proposed_efe,,,,1779038391.2017367,/home/haoandong/ask2act/services/a6000_web/artifacts/offline_experiments/top_cups_01/scenes/scene_036/observation.jpg,42a5ee1e-30b2-4f53-8100-816f50717e02,finished,2,1,cand_001,87.25036191940308,1779038478.4521558,correct,,1779038478.452033,,False,True,Pick up the right bottle.,2,"{'plausible': ['cand_001'], 'eliminated': ['cand_002'], 'last_removed': ['cand_002']}",1,1,87.25036191940308,25,,,Pick up the right bottle.,scene_036::Pick up the right bottle.,pick up the right bottle,0,0,1,0,0,1,bottle,scene_036|partial,13,4,0.6923076923076923,6
trial_20260518_022133_e663e5,top_cups_01,main,scene_036,mixed,[],Pick up my cup.,ambiguous,proposed_efe,,,,1779038493.922894,/home/haoandong/ask2act/services/a6000_web/artifacts/offline_experiments/top_cups_01/scenes/scene_036/observation.jpg,b5b548bd-1566-49b2-9252-5556666c992b,finished,4,2,cand_003,154.00246834754944,1779038647.9254878,correct,,1779038647.925258,,False,True,Pick up my cup.,4,"{'plausible': ['cand_003'], 'eliminated': ['cand_001', 'cand_002', 'cand_004'], 'last_removed': ['cand_004']}",1,2,154.00246834754944,15,,,Pick up my cup.,scene_036::Pick up my cup.,pick up my cup,1,0,0,0,0,1,cup,scene_036|ambiguous,14,1,0.9285714285714286,14
trial_20260518_022412_9c1873,top_cups_01,main,scene_036,mixed,[],Pick up my cup.,ambiguous,proposed_efe,,,,1779038652.947646,/home/haoandong/ask2act/services/a6000_web/artifacts/offline_experiments/top_cups_01/scenes/scene_036/observation.jpg,53989832-01e9-48f8-98d6-9297531ff880,finished,4,2,cand_001,187.28501105308533,1779038840.232873,correct,,1779038840.232504,,False,True,Pick up my cup.,4,"{'plausible': ['cand_001'], 'eliminated': ['cand_002', 'cand_003', 'cand_004'], 'last_removed': ['cand_002']}",1,2,187.28501105308533,15,,,Pick up my cup.,scene_036::Pick up my cup.,pick up my cup,1,0,0,0,0,1,cup,scene_036|ambiguous,14,1,0.9285714285714286,14
