trial_id,experiment_id,experiment_type,raw_order,raw_path,started_at_epoch_s,finished_at_epoch_s,original_scene_id,original_scene_type,scene_id,scene_type,scene_correction,prompt,prompt_type,method,expected_candidate_id,expected_display_id,candidate_count,resolved_candidate_id,status,original_status,target_selection_outcome,target_metric_outcome,target_selection_eval,target_selection_success,target_selection_fail,grasp_attempted,physical_grasp_success,correct_object_grasp_success,wrong_object_grasp,wrong_target_grasp_prevented,task_success,physical_success,wrong_target_or_object,outcome,original_outcome,original_grasp_attempted,original_physical_grasp_success,original_correct_object_grasp_success,num_questions,asked_question,latency_s,resolution_latency_s,total_time_s,analysis_time_s,audit_success_override,audit_success_override_reason,include_in_cleaned_analysis,operator_note,notes,object_category,failure_stage,failure_reason_coarse
online_trial_20260521_193823_5d8637,main_02,online_main,0,services/a6000_web/artifacts/online_experiments/main_02/trials/online_trial_20260521_193823_5d8637.json,1779359916.0584283,1779359962.4209175,scene_01,cup_only,scene_01,cup_only,,Pick up the red cup.,clear,proposed_efe,cand_001,1.0,1,cand_001,finished,finished,correct,correct,True,True,False,True,True,True,False,False,True,True,False,correct,correct,True,True,True,0.0,False,2.735121011734009,2.735121011734009,46.36248922348023,46.36248922348023,False,,True,,,cup,none,none
online_trial_20260521_193941_d253d1,main_02,online_main,1,services/a6000_web/artifacts/online_experiments/main_02/trials/online_trial_20260521_193941_d253d1.json,1779360010.0349116,1779360053.8715577,scene_01,cup_only,scene_01,cup_only,,Pick up the blue cup.,clear,vlm_best_question,cand_001,1.0,1,cand_001,finished,finished,correct,correct,True,True,False,True,True,True,False,False,True,True,False,correct,correct,True,True,True,0.0,False,2.8367652893066406,2.8367652893066406,43.83664608001709,43.83664608001709,False,,True,,,cup,none,none
online_trial_20260521_194106_2fbb07,main_02,online_main,2,services/a6000_web/artifacts/online_experiments/main_02/trials/online_trial_20260521_194106_2fbb07.json,1779360079.7820797,1779360120.729809,scene_01,cup_only,scene_01,cup_only,,Pick up the yellow cup.,clear,top_score,cand_001,1.0,1,cand_001,finished,finished,correct,correct,True,True,False,True,True,True,False,False,True,True,False,correct,correct,True,True,True,0.0,False,1.846060276031494,1.846060276031494,40.94772934913635,40.94772934913635,False,,True,,,cup,none,none
online_trial_20260521_194212_200ef3,main_02,online_main,3,services/a6000_web/artifacts/online_experiments/main_02/trials/online_trial_20260521_194212_200ef3.json,1779360146.7590275,1779360203.1047337,scene_01,cup_only,scene_01,cup_only,,Pick up the metal cup.,clear,random_candidate,cand_001,1.0,1,cand_001,finished,finished,correct,correct,True,True,False,True,True,True,False,False,True,True,False,correct,correct,True,True,True,0.0,False,15.84415340423584,15.84415340423584,56.34570598602295,56.34570598602295,False,,True,,,cup,none,none
online_trial_20260521_194344_2690b8,main_02,online_main,4,services/a6000_web/artifacts/online_experiments/main_02/trials/online_trial_20260521_194344_2690b8.json,1779360236.9541178,1779360255.618744,scene_01,cup_only,scene_01,cup_only,,Pick up the left cup.,partial,random_candidate,,,1,cand_001,finished,finished,wrong,wrong,True,False,True,False,False,False,False,True,False,False,True,skipped_wrong_target,skipped_wrong_target,False,False,False,0.0,False,18.65843677520752,18.65843677520752,18.664626121521,18.664626121521,False,,True,Operator marked the resolved target as wrong; no robot grasp was executed.,,cup,target_resolution_failure,target_selection_wrong_or_unresolved_grasp_skipped
online_trial_20260521_194436_698633,main_02,online_main,5,services/a6000_web/artifacts/online_experiments/main_02/trials/online_trial_20260521_194436_698633.json,1779360314.0322452,1779360320.9924402,scene_01,cup_only,scene_01,cup_only,,Pick up the right cup.,partial,top_score,,,1,cand_001,finished,finished,wrong,wrong,True,False,True,False,False,False,False,True,False,False,True,skipped_wrong_target,skipped_wrong_target,False,False,False,0.0,False,6.954455375671387,6.954455375671387,6.960195064544678,6.960195064544678,False,,True,Operator marked the resolved target as wrong; no robot grasp was executed.,,cup,target_resolution_failure,target_selection_wrong_or_unresolved_grasp_skipped
online_trial_20260521_194952_b3d927,main_02,online_main,7,services/a6000_web/artifacts/online_experiments/main_02/trials/online_trial_20260521_194952_b3d927.json,1779360654.235963,1779360723.8941798,scene_01,cup_only,scene_01,cup_only,,Pick up the green cup.,partial,vlm_best_question,cand_001,1.0,1,cand_001,finished,finished,correct,correct,True,True,False,True,True,True,False,False,True,True,False,correct,correct,True,True,True,0.0,False,31.11019825935364,31.11019825935364,69.65821671485901,69.65821671485901,False,,True,,,cup,none,none
online_trial_20260521_195444_aed7bf,main_02,online_main,9,services/a6000_web/artifacts/online_experiments/main_02/trials/online_trial_20260521_195444_aed7bf.json,1779360896.5253687,1779361075.51218,scene_01,cup_only,scene_01,cup_only,,Pick up my cup.,ambiguous,proposed_efe,cand_006,6.0,6,cand_006,finished,finished,correct,correct,True,True,False,True,True,True,False,False,True,True,False,correct,correct,True,True,True,2.0,True,111.52349805831908,111.52349805831908,178.98681116104126,178.98681116104126,False,,True,,,cup,none,none
online_trial_20260521_195812_01dc9f,main_02,online_main,10,services/a6000_web/artifacts/online_experiments/main_02/trials/online_trial_20260521_195812_01dc9f.json,1779361105.744337,1779361354.9840577,scene_01,cup_only,scene_01,cup_only,,Pick up my cup.,ambiguous,vlm_best_question,cand_004,4.0,5,cand_004,finished,finished,correct,correct,True,True,False,True,True,True,False,False,True,True,False,correct,correct,True,True,True,4.0,True,171.65155172348022,171.65155172348022,249.23972058296204,249.23972058296204,False,,True,,,cup,none,none
online_trial_20260521_200257_022682,main_02,online_main,11,services/a6000_web/artifacts/online_experiments/main_02/trials/online_trial_20260521_200257_022682.json,1779361390.462676,1779361393.2187748,scene_01,cup_only,scene_01,cup_only,,Pick up my cup.,ambiguous,top_score,,,6,cand_001,finished,finished,wrong,wrong,True,False,True,False,False,False,False,True,False,False,True,skipped_wrong_target,skipped_wrong_target,False,False,False,0.0,False,2.7532527446746826,2.7532527446746826,2.756098747253418,2.756098747253418,False,,True,Operator marked the resolved target as wrong; no robot grasp was executed.,,cup,target_resolution_failure,target_selection_wrong_or_unresolved_grasp_skipped
online_trial_20260521_200327_69c909,main_02,online_main,12,services/a6000_web/artifacts/online_experiments/main_02/trials/online_trial_20260521_200327_69c909.json,1779361419.2469966,1779361428.4917853,scene_01,cup_only,scene_01,cup_only,,Pick up my cup.,ambiguous,random_candidate,,,6,cand_005,finished,finished,wrong,wrong,True,False,True,False,False,False,False,True,False,False,True,skipped_wrong_target,skipped_wrong_target,False,False,False,0.0,False,9.243130445480348,9.243130445480348,9.244788646697998,9.244788646697998,False,,True,Operator marked the resolved target as wrong; no robot grasp was executed.,,cup,target_resolution_failure,target_selection_wrong_or_unresolved_grasp_skipped
online_trial_20260521_200743_3ed25e,main_02,online_main,13,services/a6000_web/artifacts/online_experiments/main_02/trials/online_trial_20260521_200743_3ed25e.json,1779361675.609045,1779361731.3933153,scene_02,cup_only,scene_02,cup_only,,Pick up my cup.,ambiguous,random_candidate,cand_003,3.0,6,cand_003,finished,finished,correct,correct,True,True,False,True,True,True,False,False,True,True,False,correct,correct,True,True,True,0.0,False,11.37422013282776,11.37422013282776,55.78427028656006,55.78427028656006,False,,True,,,cup,none,none
online_trial_20260521_200924_30e29f,main_02,online_main,14,services/a6000_web/artifacts/online_experiments/main_02/trials/online_trial_20260521_200924_30e29f.json,1779361779.8642397,1779361789.0012872,scene_02,cup_only,scene_02,cup_only,,Pick up my cup.,ambiguous,top_score,,,6,cand_001,finished,finished,wrong,wrong,True,False,True,False,False,False,False,True,False,False,True,skipped_wrong_target,skipped_wrong_target,False,False,False,0.0,False,9.13060188293457,9.13060188293457,9.13704752922058,9.13704752922058,False,,True,Operator marked the resolved target as wrong; no robot grasp was executed.,,cup,target_resolution_failure,target_selection_wrong_or_unresolved_grasp_skipped
online_trial_20260521_200958_5e3c47,main_02,online_main,15,services/a6000_web/artifacts/online_experiments/main_02/trials/online_trial_20260521_200958_5e3c47.json,1779361809.6636958,1779362007.976701,scene_02,cup_only,scene_02,cup_only,,Pick up my cup.,ambiguous,vlm_best_question,cand_006,6.0,6,cand_006,finished,finished,correct,correct,True,True,False,True,True,True,False,False,True,True,False,correct,correct,True,True,True,4.0,True,145.20079445838928,145.20079445838928,198.31300520896912,198.31300520896912,False,,True,,,cup,none,none
online_trial_20260521_201339_5c6734,main_02,online_main,16,services/a6000_web/artifacts/online_experiments/main_02/trials/online_trial_20260521_201339_5c6734.json,1779362031.7554326,1779362276.261145,scene_02,cup_only,scene_02,cup_only,,Pick up my cup.,ambiguous,proposed_efe,cand_001,1.0,6,cand_001,finished,finished,correct,correct,True,True,False,True,True,True,False,False,True,True,False,correct,correct,True,True,True,3.0,True,205.64789867401123,205.64789867401123,244.50571250915527,244.50571250915527,False,,True,,,cup,none,none
online_trial_20260521_202040_3e6f70,main_02,online_main,18,services/a6000_web/artifacts/online_experiments/main_02/trials/online_trial_20260521_202040_3e6f70.json,1779362453.47712,1779362533.4828782,scene_02,cup_only,scene_02,cup_only,,Pick up the center cup.,partial,proposed_efe,cand_001,1.0,1,cand_001,finished,finished,correct,correct,True,True,False,True,True,True,False,False,True,True,False,correct,correct,True,True,True,0.0,False,34.39835238456726,34.39835238456726,80.00575828552246,80.00575828552246,False,,True,,,cup,none,none
online_trial_20260521_202247_1940ea,main_02,online_main,19,services/a6000_web/artifacts/online_experiments/main_02/trials/online_trial_20260521_202247_1940ea.json,1779362598.577195,1779362700.1497543,scene_02,cup_only,scene_02,cup_only,,Pick up the center cup.,partial,vlm_best_question,cand_002,2.0,2,cand_002,finished,finished,correct,correct,True,True,False,True,True,True,False,False,True,True,False,correct,correct,True,True,True,1.0,True,57.28133845329285,57.28133845329285,101.57255935668944,101.57255935668944,False,,True,,,cup,none,none
online_trial_20260521_202522_b4f228,main_02,online_main,20,services/a6000_web/artifacts/online_experiments/main_02/trials/online_trial_20260521_202522_b4f228.json,1779362741.927214,1779362791.6621046,scene_02,cup_only,scene_02,cup_only,,Pick up the center cup.,partial,top_score,cand_001,1.0,2,cand_001,finished,finished,correct,correct,True,True,False,True,True,True,False,False,True,True,False,correct,correct,True,True,True,0.0,False,9.770888805389404,9.770888805389404,49.73489046096802,49.73489046096802,False,,True,,,cup,none,none
online_trial_20260521_202639_aded02,main_02,online_main,21,services/a6000_web/artifacts/online_experiments/main_02/trials/online_trial_20260521_202639_aded02.json,1779362813.223597,1779362843.5576882,scene_02,cup_only,scene_02,cup_only,,Pick up the center cup.,partial,random_candidate,,,1,cand_001,finished,finished,wrong,wrong,True,False,True,False,False,False,False,True,False,False,True,skipped_wrong_target,skipped_wrong_target,False,False,False,0.0,False,30.328149795532227,30.328149795532227,30.33409118652344,30.33409118652344,False,,True,Operator marked the resolved target as wrong; no robot grasp was executed.,,cup,target_resolution_failure,target_selection_wrong_or_unresolved_grasp_skipped
online_trial_20260521_202740_d99b55,main_02,online_main,22,services/a6000_web/artifacts/online_experiments/main_02/trials/online_trial_20260521_202740_d99b55.json,1779362872.943649,,scene_02,cup_only,scene_02,cup_only,,Pick up the yellow cup.,clear,random_candidate,cand_001,1.0,1,cand_001,executed,executed,correct,correct,True,True,False,True,True,True,False,False,True,True,False,correct,,True,,,0.0,False,4.496052265167236,4.496052265167236,,4.496052265167236,True,target_confirmed_correct_but_grasp_feedback_missing_counted_success,True,,,cup,none,none
online_trial_20260521_202918_67d57c,main_02,online_main,23,services/a6000_web/artifacts/online_experiments/main_02/trials/online_trial_20260521_202918_67d57c.json,1779362971.4569814,1779363015.7480989,scene_02,cup_only,scene_02,cup_only,,Pick up the yellow cup.,clear,top_score,cand_001,1.0,1,cand_001,finished,finished,correct,correct,True,True,False,True,True,True,False,False,True,True,False,correct,correct,True,True,True,0.0,False,3.375725030899048,3.375725030899048,44.29111742973328,44.29111742973328,False,,True,,,cup,none,none
online_trial_20260521_203111_3405a7,main_02,online_main,24,services/a6000_web/artifacts/online_experiments/main_02/trials/online_trial_20260521_203111_3405a7.json,1779363084.135569,1779363116.9558432,scene_02,cup_only,scene_02,cup_only,,Pick up the yellow cup.,clear,vlm_best_question,cand_001,1.0,1,cand_001,finished,finished,correct,correct,True,True,False,True,True,True,False,False,True,True,False,correct,correct,True,True,True,0.0,False,3.422660112380981,3.422660112380981,32.820273876190186,32.820273876190186,False,,True,,,cup,none,none
online_trial_20260521_203218_78a993,main_02,online_main,25,services/a6000_web/artifacts/online_experiments/main_02/trials/online_trial_20260521_203218_78a993.json,1779363151.754073,1779363192.843967,scene_02,cup_only,scene_02,cup_only,,Pick up the yellow cup.,clear,proposed_efe,cand_001,1.0,1,cand_001,finished,finished,correct,correct,True,True,False,True,True,True,False,False,True,True,False,correct,correct,True,True,True,0.0,False,4.684472799301148,4.684472799301148,41.08989429473877,41.08989429473877,False,,True,,,cup,none,none
online_trial_20260521_203544_bc2e14,main_02,online_main,27,services/a6000_web/artifacts/online_experiments/main_02/trials/online_trial_20260521_203544_bc2e14.json,1779363356.7218244,1779363405.2256846,scene_03,cup_only,scene_03,cup_only,,Pick up the white cup.,clear,top_score,cand_001,1.0,1,cand_001,finished,finished,correct,correct,True,True,False,True,True,True,False,False,True,True,False,correct,correct,True,True,True,0.0,False,4.278463363647461,4.278463363647461,48.50386023521423,48.50386023521423,False,,True,,,cup,none,none
online_trial_20260521_203701_4cfd03,main_02,online_main,28,services/a6000_web/artifacts/online_experiments/main_02/trials/online_trial_20260521_203701_4cfd03.json,1779363434.4547057,1779363489.5287695,scene_03,cup_only,scene_03,cup_only,,Pick up the blue cup.,clear,random_candidate,cand_001,1.0,1,cand_001,finished,finished,correct,correct,True,True,False,True,False,False,False,False,False,False,False,grasp_failed,grasp_failed,True,False,False,0.0,False,4.675999641418457,4.675999641418457,55.07406425476074,55.07406425476074,False,,True,,,cup,grasp_execution_failure,selected_correct_target_but_physical_grasp_failed
online_trial_20260521_203840_d98aff,main_02,online_main,29,services/a6000_web/artifacts/online_experiments/main_02/trials/online_trial_20260521_203840_d98aff.json,1779363533.301983,1779363582.547953,scene_03,cup_only,scene_03,cup_only,,Pick up the brown cup.,clear,vlm_best_question,cand_001,1.0,1,cand_001,finished,finished,correct,correct,True,True,False,True,True,True,False,False,True,True,False,correct,correct,True,True,True,0.0,False,4.951425075531006,4.951425075531006,49.24596953392029,49.24596953392029,False,,True,,,cup,none,none
online_trial_20260521_203958_1567b0,main_02,online_main,30,services/a6000_web/artifacts/online_experiments/main_02/trials/online_trial_20260521_203958_1567b0.json,1779363613.9708004,1779363660.337986,scene_03,cup_only,scene_03,cup_only,,Pick up the brown cup.,clear,proposed_efe,cand_001,1.0,1,cand_001,finished,finished,correct,correct,True,True,False,True,True,True,False,False,True,True,False,correct,correct,True,True,True,0.0,False,6.162839651107788,6.162839651107788,46.36718559265137,46.36718559265137,False,,True,,,cup,none,none
online_trial_20260521_204148_bd7713,main_02,online_main,31,services/a6000_web/artifacts/online_experiments/main_02/trials/online_trial_20260521_204148_bd7713.json,1779363721.4986887,1779363738.7536125,scene_03,cup_only,scene_03,cup_only,,Pick up the orange cup.,partial,proposed_efe,,,1,cand_001,finished,finished,wrong,wrong,True,False,True,False,False,False,False,True,False,False,True,skipped_wrong_target,skipped_wrong_target,False,False,False,0.0,False,17.2491672039032,17.2491672039032,17.254923582077026,17.254923582077026,False,,True,Operator marked the resolved target as wrong; no robot grasp was executed.,,cup,target_resolution_failure,target_selection_wrong_or_unresolved_grasp_skipped
online_trial_20260521_204225_1266e9,main_02,online_main,32,services/a6000_web/artifacts/online_experiments/main_02/trials/online_trial_20260521_204225_1266e9.json,1779363772.7005,1779363786.5138824,scene_03,cup_only,scene_03,cup_only,,Pick up the orange cup.,partial,vlm_best_question,,,1,cand_001,finished,finished,wrong,wrong,True,False,True,False,False,False,False,True,False,False,True,skipped_wrong_target,skipped_wrong_target,False,False,False,0.0,False,13.807295799255373,13.807295799255373,13.813382387161257,13.813382387161257,False,,True,Operator marked the resolved target as wrong; no robot grasp was executed.,,cup,target_resolution_failure,target_selection_wrong_or_unresolved_grasp_skipped
online_trial_20260521_204314_24bc46,main_02,online_main,33,services/a6000_web/artifacts/online_experiments/main_02/trials/online_trial_20260521_204314_24bc46.json,1779363806.626115,1779363812.8436778,scene_03,cup_only,scene_03,cup_only,,Pick up the orange cup.,partial,top_score,,,1,cand_001,finished,finished,wrong,wrong,True,False,True,False,False,False,False,True,False,False,True,skipped_wrong_target,skipped_wrong_target,False,False,False,0.0,False,6.211481094360352,6.211481094360352,6.217562437057495,6.217562437057495,False,,True,Operator marked the resolved target as wrong; no robot grasp was executed.,,cup,target_resolution_failure,target_selection_wrong_or_unresolved_grasp_skipped
online_trial_20260521_204337_665231,main_02,online_main,34,services/a6000_web/artifacts/online_experiments/main_02/trials/online_trial_20260521_204337_665231.json,1779363829.3694117,1779363851.7204816,scene_03,cup_only,scene_03,cup_only,,Pick up the orange cup.,partial,random_candidate,,,1,cand_001,finished,finished,wrong,wrong,True,False,True,False,False,False,False,True,False,False,True,skipped_wrong_target,skipped_wrong_target,False,False,False,0.0,False,22.34510636329651,22.34510636329651,22.351070165634155,22.351070165634155,False,,True,Operator marked the resolved target as wrong; no robot grasp was executed.,,cup,target_resolution_failure,target_selection_wrong_or_unresolved_grasp_skipped
online_trial_20260521_204426_a5b455,main_02,online_main,35,services/a6000_web/artifacts/online_experiments/main_02/trials/online_trial_20260521_204426_a5b455.json,1779363877.6331072,1779363894.6800025,scene_03,cup_only,scene_03,cup_only,,Pick up my cup.,ambiguous,random_candidate,,,6,cand_004,finished,finished,wrong,wrong,True,False,True,False,False,False,False,True,False,False,True,skipped_wrong_target,skipped_wrong_target,False,False,False,0.0,False,17.04045081138611,17.04045081138611,17.046895265579224,17.046895265579224,False,,True,Operator marked the resolved target as wrong; no robot grasp was executed.,,cup,target_resolution_failure,target_selection_wrong_or_unresolved_grasp_skipped
online_trial_20260521_204510_7672e5,main_02,online_main,36,services/a6000_web/artifacts/online_experiments/main_02/trials/online_trial_20260521_204510_7672e5.json,1779363921.9121702,1779363925.1972585,scene_03,cup_only,scene_03,cup_only,,Pick up my cup.,ambiguous,top_score,,,6,cand_001,finished,finished,wrong,wrong,True,False,True,False,False,False,False,True,False,False,True,skipped_wrong_target,skipped_wrong_target,False,False,False,0.0,False,3.278881072998047,3.278881072998047,3.285088300704956,3.285088300704956,False,,True,Operator marked the resolved target as wrong; no robot grasp was executed.,,cup,target_resolution_failure,target_selection_wrong_or_unresolved_grasp_skipped
online_trial_20260521_204541_eb6fcf,main_02,online_main,37,services/a6000_web/artifacts/online_experiments/main_02/trials/online_trial_20260521_204541_eb6fcf.json,1779363953.1270492,1779364185.3307366,scene_03,cup_only,scene_03,cup_only,,Pick up my cup.,ambiguous,vlm_best_question,cand_006,6.0,6,cand_006,finished,finished,correct,correct,True,True,False,True,True,True,False,False,True,True,False,correct,correct,True,True,True,4.0,True,176.2691240310669,176.2691240310669,232.2036874294281,232.2036874294281,False,,True,,,cup,none,none
online_trial_20260521_204956_a8fa5c,main_02,online_main,38,services/a6000_web/artifacts/online_experiments/main_02/trials/online_trial_20260521_204956_a8fa5c.json,1779364210.1907816,1779364485.7887714,scene_03,cup_only,scene_03,cup_only,,Pick up my cup.,ambiguous,proposed_efe,cand_001,1.0,6,cand_001,finished,finished,correct,correct,True,True,False,True,True,True,False,False,True,True,False,correct,correct,True,True,True,4.0,True,207.4726514816284,207.4726514816284,275.59798979759216,275.59798979759216,False,,True,,,cup,none,none
online_trial_20260521_210011_fa00d7,main_02,online_main,39,services/a6000_web/artifacts/online_experiments/main_02/trials/online_trial_20260521_210011_fa00d7.json,1779364823.274284,1779365058.0554998,scene_04,cup_only,scene_04,cup_only,,Pick up the cup.,ambiguous,proposed_efe,cand_005,5.0,6,cand_005,finished,finished,correct,correct,True,True,False,True,True,True,False,False,True,True,False,correct,correct,True,True,True,3.0,True,174.8289361000061,174.8289361000061,234.7812159061432,234.7812159061432,False,,True,,,cup,none,none
online_trial_20260521_210423_f968f3,main_02,online_main,40,services/a6000_web/artifacts/online_experiments/main_02/trials/online_trial_20260521_210423_f968f3.json,1779365075.9291668,1779365264.2740967,scene_04,cup_only,scene_04,cup_only,,Pick up the cup.,ambiguous,vlm_best_question,cand_003,3.0,6,cand_003,finished,finished,correct,correct,True,True,False,True,True,True,False,False,True,True,False,correct,correct,True,True,True,2.0,True,150.7681589126587,150.7681589126587,188.344929933548,188.344929933548,False,,True,,,cup,none,none
online_trial_20260521_210949_f13f84,main_02,online_main,42,services/a6000_web/artifacts/online_experiments/main_02/trials/online_trial_20260521_210949_f13f84.json,1779365403.800939,1779365450.2976625,scene_04,cup_only,scene_04,cup_only,,Pick up the cup.,ambiguous,random_candidate,cand_006,6.0,6,cand_006,finished,finished,correct,correct,True,True,False,True,True,True,False,False,True,True,False,correct,correct,True,True,True,0.0,False,8.51804256439209,8.51804256439209,46.49672317504883,46.49672317504883,False,,True,,,cup,none,none
online_trial_20260521_211149_de342c,main_02,online_main,43,services/a6000_web/artifacts/online_experiments/main_02/trials/online_trial_20260521_211149_de342c.json,1779365522.8184135,1779365535.1710577,scene_04,cup_only,scene_04,cup_only,,Pick up red cup.,partial,random_candidate,,,1,cand_001,finished,finished,wrong,wrong,True,False,True,False,False,False,False,True,False,False,True,skipped_wrong_target,skipped_wrong_target,False,False,False,0.0,False,12.349778413772585,12.349778413772585,12.352643966674805,12.352643966674805,False,,True,Operator marked the resolved target as wrong; no robot grasp was executed.,,cup,target_resolution_failure,target_selection_wrong_or_unresolved_grasp_skipped
online_trial_20260521_211225_3cb083,main_02,online_main,44,services/a6000_web/artifacts/online_experiments/main_02/trials/online_trial_20260521_211225_3cb083.json,1779365558.4074454,1779365564.4829345,scene_04,cup_only,scene_04,cup_only,,Pick up red cup.,partial,top_score,,,1,cand_001,finished,finished,wrong,wrong,True,False,True,False,False,False,False,True,False,False,True,skipped_wrong_target,skipped_wrong_target,False,False,False,0.0,False,6.073679924011231,6.073679924011231,6.075489044189453,6.075489044189453,False,,True,Operator marked the resolved target as wrong; no robot grasp was executed.,,cup,target_resolution_failure,target_selection_wrong_or_unresolved_grasp_skipped
online_trial_20260521_211311_43eece,main_02,online_main,46,services/a6000_web/artifacts/online_experiments/main_02/trials/online_trial_20260521_211311_43eece.json,1779365602.987848,1779365673.095039,scene_04,cup_only,scene_04,cup_only,,Pick up center cup.,partial,vlm_best_question,cand_001,1.0,1,cand_001,finished,finished,correct,correct,True,True,False,True,True,True,False,False,True,True,False,correct,correct,True,True,True,0.0,False,22.13305878639221,22.13305878639221,70.10719060897827,70.10719060897827,False,,True,,,cup,none,none
online_trial_20260521_211445_c07a14,main_02,online_main,47,services/a6000_web/artifacts/online_experiments/main_02/trials/online_trial_20260521_211445_c07a14.json,1779365715.9935572,1779365794.3124566,scene_04,cup_only,scene_04,cup_only,,Pick up the right cup.,partial,proposed_efe,cand_001,1.0,1,cand_001,finished,finished,correct,correct,True,True,False,True,True,True,False,False,True,True,False,correct,correct,True,True,True,0.0,False,34.426124811172485,34.426124811172485,78.31889939308167,78.31889939308167,False,,True,,,cup,none,none
online_trial_20260521_211737_ff79aa,main_02,online_main,49,services/a6000_web/artifacts/online_experiments/main_02/trials/online_trial_20260521_211737_ff79aa.json,1779365869.6400745,1779365915.8022473,scene_04,cup_only,scene_04,cup_only,,Pick up the small red cup.,clear,proposed_efe,cand_001,1.0,1,cand_001,finished,finished,correct,correct,True,True,False,True,True,True,False,False,True,True,False,correct,correct,True,True,True,0.0,False,7.120259046554565,7.120259046554565,46.16217303276062,46.16217303276062,False,,True,,,cup,none,none
online_trial_20260521_211859_21bcc4,main_02,online_main,50,services/a6000_web/artifacts/online_experiments/main_02/trials/online_trial_20260521_211859_21bcc4.json,1779365952.2703853,1779366003.1830432,scene_04,cup_only,scene_04,cup_only,,Pick up the front red cup.,clear,vlm_best_question,cand_001,1.0,1,cand_001,finished,finished,correct,correct,True,True,False,True,True,True,False,False,True,True,False,correct,correct,True,True,True,0.0,False,9.042766571044922,9.042766571044922,50.91265797615051,50.91265797615051,False,,True,,,cup,none,none
online_trial_20260521_212026_d03fd9,main_02,online_main,51,services/a6000_web/artifacts/online_experiments/main_02/trials/online_trial_20260521_212026_d03fd9.json,1779366039.9322,1779366079.3174834,scene_04,cup_only,scene_04,cup_only,,Pick up the brown cup.,clear,top_score,cand_001,1.0,1,cand_001,finished,finished,correct,correct,True,True,False,True,True,True,False,False,True,True,False,correct,correct,True,True,True,0.0,False,3.890922784805298,3.890922784805298,39.38528347015381,39.38528347015381,False,,True,,,cup,none,none
online_trial_20260521_212137_5f66d9,main_02,online_main,52,services/a6000_web/artifacts/online_experiments/main_02/trials/online_trial_20260521_212137_5f66d9.json,1779366111.7177482,1779366182.3339655,scene_04,cup_only,scene_04,cup_only,,Pick up the white cup.,clear,random_candidate,cand_001,1.0,1,cand_001,finished,finished,correct,correct,True,True,False,True,True,True,False,False,True,True,False,correct,correct,True,True,True,0.0,False,32.955838441848755,32.955838441848755,70.61621737480164,70.61621737480164,False,,True,,,cup,none,none
online_trial_20260521_212339_eb823b,main_02,online_main,53,services/a6000_web/artifacts/online_experiments/main_02/trials/online_trial_20260521_212339_eb823b.json,1779366233.4274294,1779366301.2556362,scene_04,cup_only,scene_05,cup_only,scene_04_late_half_to_scene_05,Pick up the brown cup.,clear,random_candidate,cand_001,1.0,1,cand_001,finished,finished,correct,correct,True,True,False,True,True,True,False,False,True,True,False,correct,correct,True,True,True,0.0,False,9.654485702514648,9.654485702514648,67.82820677757263,67.82820677757263,False,,True,,,cup,none,none
online_trial_20260521_212517_e24847,main_02,online_main,54,services/a6000_web/artifacts/online_experiments/main_02/trials/online_trial_20260521_212517_e24847.json,1779366330.8848605,1779366382.3521247,scene_04,cup_only,scene_05,cup_only,scene_04_late_half_to_scene_05,Pick up the green cup.,clear,top_score,cand_001,1.0,1,cand_001,finished,finished,correct,correct,True,True,False,True,True,True,False,False,True,True,False,correct,correct,True,True,True,0.0,False,4.466080188751221,4.466080188751221,51.46726417541504,51.46726417541504,False,,True,,,cup,none,none
online_trial_20260521_212636_29b415,main_02,online_main,55,services/a6000_web/artifacts/online_experiments/main_02/trials/online_trial_20260521_212636_29b415.json,1779366413.5261264,1779366460.588331,scene_04,cup_only,scene_05,cup_only,scene_04_late_half_to_scene_05,Pick up the right red cup.,clear,vlm_best_question,cand_001,1.0,1,cand_001,finished,finished,correct,correct,True,True,False,True,False,False,False,False,False,False,False,grasp_failed,grasp_failed,True,False,False,0.0,False,4.355197429656982,4.355197429656982,47.06220459938049,47.06220459938049,False,,True,,,cup,grasp_execution_failure,selected_correct_target_but_physical_grasp_failed
online_trial_20260521_212824_724b0b,main_02,online_main,57,services/a6000_web/artifacts/online_experiments/main_02/trials/online_trial_20260521_212824_724b0b.json,1779366516.3460455,1779366554.6209311,scene_04,cup_only,scene_05,cup_only,scene_04_late_half_to_scene_05,Pick up the smallest red cup.,clear,proposed_efe,cand_001,1.0,1,cand_001,finished,finished,correct,correct,True,True,False,True,True,True,False,False,True,True,False,correct,correct,True,True,True,0.0,False,4.821003675460815,4.821003675460815,38.27488565444946,38.27488565444946,False,,True,,,cup,none,none
online_trial_20260521_213033_299f2e,main_02,online_main,59,services/a6000_web/artifacts/online_experiments/main_02/trials/online_trial_20260521_213033_299f2e.json,1779366645.2374637,1779366768.634464,scene_04,cup_only,scene_05,cup_only,scene_04_late_half_to_scene_05,Pick up the center cup.,partial,vlm_best_question,cand_001,1.0,1,cand_001,finished,finished,correct,correct,True,True,False,True,True,True,False,False,True,True,False,correct,correct,True,True,True,0.0,False,31.581461191177368,31.581461191177368,123.39700031280518,123.39700031280518,False,,True,,,cup,none,none
online_trial_20260521_213259_e5afc4,main_02,online_main,60,services/a6000_web/artifacts/online_experiments/main_02/trials/online_trial_20260521_213259_e5afc4.json,1779366792.356995,1779366844.443248,scene_04,cup_only,scene_05,cup_only,scene_04_late_half_to_scene_05,Pick up the center cup.,partial,proposed_efe,cand_001,1.0,1,cand_001,finished,finished,correct,correct,True,True,False,True,True,True,False,False,True,True,False,correct,correct,True,True,True,0.0,False,17.723057985305786,17.723057985305786,52.08625268936157,52.08625268936157,False,,True,,,cup,none,none
online_trial_20260521_213431_336afb,main_02,online_main,61,services/a6000_web/artifacts/online_experiments/main_02/trials/online_trial_20260521_213431_336afb.json,1779366885.015082,1779366940.8098898,scene_04,cup_only,scene_05,cup_only,scene_04_late_half_to_scene_05,Pick up the red cup.,partial,top_score,cand_001,1.0,1,cand_001,finished,finished,correct,correct,True,True,False,True,True,True,False,False,True,True,False,correct,correct,True,True,True,0.0,False,7.564125061035156,7.564125061035156,55.79480767250061,55.79480767250061,False,,True,,,cup,none,none
online_trial_20260521_213603_38eb4c,main_02,online_main,62,services/a6000_web/artifacts/online_experiments/main_02/trials/online_trial_20260521_213603_38eb4c.json,1779366977.1049817,1779367027.2965982,scene_04,cup_only,scene_05,cup_only,scene_04_late_half_to_scene_05,Pick up the right cup.,partial,random_candidate,cand_001,1.0,1,cand_001,finished,finished,correct,correct,True,True,False,True,True,True,False,False,True,True,False,correct,correct,True,True,True,0.0,False,6.551462173461914,6.551462173461914,50.19161653518677,50.19161653518677,False,,True,,,cup,none,none
online_trial_20260521_213728_8c6d2e,main_02,online_main,63,services/a6000_web/artifacts/online_experiments/main_02/trials/online_trial_20260521_213728_8c6d2e.json,1779367061.815208,1779367073.393574,scene_04,cup_only,scene_05,cup_only,scene_04_late_half_to_scene_05,Pick up my cup.,ambiguous,random_candidate,,,6,cand_006,finished,finished,wrong,wrong,True,False,True,False,False,False,False,True,False,False,True,skipped_wrong_target,skipped_wrong_target,False,False,False,0.0,False,11.572139501571655,11.572139501571655,11.578366041183472,11.578366041183472,False,,True,Operator marked the resolved target as wrong; no robot grasp was executed.,,cup,target_resolution_failure,target_selection_wrong_or_unresolved_grasp_skipped
online_trial_20260521_213812_6231d4,main_02,online_main,64,services/a6000_web/artifacts/online_experiments/main_02/trials/online_trial_20260521_213812_6231d4.json,1779367103.6597855,1779367110.4410932,scene_04,cup_only,scene_05,cup_only,scene_04_late_half_to_scene_05,Pick up my cup.,ambiguous,top_score,,,6,cand_001,finished,finished,wrong,wrong,True,False,True,False,False,False,False,True,False,False,True,skipped_wrong_target,skipped_wrong_target,False,False,False,0.0,False,6.775079727172852,6.775079727172852,6.781307458877564,6.781307458877564,False,,True,Operator marked the resolved target as wrong; no robot grasp was executed.,,cup,target_resolution_failure,target_selection_wrong_or_unresolved_grasp_skipped
online_trial_20260521_214043_d07699,main_02,online_main,66,services/a6000_web/artifacts/online_experiments/main_02/trials/online_trial_20260521_214043_d07699.json,1779367280.4943938,1779367616.893887,scene_04,cup_only,scene_05,cup_only,scene_04_late_half_to_scene_05,Pick up my cup.,ambiguous,vlm_best_question,cand_003,3.0,6,cand_003,finished,finished,correct,correct,True,True,False,True,True,True,False,False,True,True,False,correct,correct,True,True,True,4.0,True,282.5286645889282,282.5286645889282,336.39949321746826,336.39949321746826,False,,True,,,cup,none,none
online_trial_20260521_214712_45b38e,main_02,online_main,67,services/a6000_web/artifacts/online_experiments/main_02/trials/online_trial_20260521_214712_45b38e.json,1779367645.291569,1779367903.1606236,scene_04,cup_only,scene_05,cup_only,scene_04_late_half_to_scene_05,Pick up my cup.,ambiguous,proposed_efe,cand_004,4.0,6,cand_004,finished,finished,correct,correct,True,True,False,True,True,True,False,False,True,True,False,correct,correct,True,True,True,2.0,True,156.20095086097717,156.20095086097717,257.86905455589294,257.86905455589294,False,,True,,,cup,none,none
online_trial_20260522_184021_e13fc5,main_02,online_main,68,services/a6000_web/artifacts/online_experiments/main_02/trials/online_trial_20260522_184021_e13fc5.json,1779442834.5275204,1779442882.140597,scene_06,bottle_only,scene_06,bottle_only,,Pick up the red bottle.,clear,proposed_efe,cand_001,1.0,1,cand_001,finished,finished,correct,correct,True,True,False,True,True,True,False,False,True,True,False,correct,correct,True,True,True,0.0,False,8.681771278381348,8.681771278381348,47.61307668685913,47.61307668685913,False,,True,,,bottle,none,none
online_trial_20260522_184149_b1920e,main_02,online_main,69,services/a6000_web/artifacts/online_experiments/main_02/trials/online_trial_20260522_184149_b1920e.json,1779442921.5424578,1779442965.053419,scene_06,bottle_only,scene_06,bottle_only,,Pick up the green bottle.,clear,vlm_best_question,cand_001,1.0,1,cand_001,finished,finished,correct,correct,True,True,False,True,True,True,False,False,True,True,False,correct,aborted,True,,,0.0,False,43.448808670043945,5.861916542053223,43.510961294174194,43.510961294174194,True,target_confirmed_correct_but_grasp_feedback_missing_counted_success,True,,,bottle,none,none
online_trial_20260522_184433_23a2c6,main_02,online_main,72,services/a6000_web/artifacts/online_experiments/main_02/trials/online_trial_20260522_184433_23a2c6.json,1779443085.6022606,1779443132.5841503,scene_06,bottle_only,scene_06,bottle_only,,Pick up the black bottle.,clear,top_score,cand_001,1.0,1,cand_001,finished,finished,correct,correct,True,True,False,True,True,True,False,False,True,True,False,correct,correct,True,True,True,0.0,False,5.002745628356934,5.002745628356934,46.981889724731445,46.981889724731445,False,,True,,,bottle,none,none
online_trial_20260522_184548_58e058,main_02,online_main,73,services/a6000_web/artifacts/online_experiments/main_02/trials/online_trial_20260522_184548_58e058.json,1779443160.3028567,1779443209.6316874,scene_06,bottle_only,scene_06,bottle_only,,Pick up the left bottle.,clear,random_candidate,cand_001,1.0,1,cand_001,finished,finished,correct,correct,True,True,False,True,True,True,False,False,True,True,False,correct,correct,True,True,True,0.0,False,6.007458209991455,6.007458209991455,49.32883071899414,49.32883071899414,False,,True,,,bottle,none,none
online_trial_20260522_184717_2c9fed,main_02,online_main,75,services/a6000_web/artifacts/online_experiments/main_02/trials/online_trial_20260522_184717_2c9fed.json,1779443249.737003,1779443309.5659077,scene_06,bottle_only,scene_06,bottle_only,,Pick up the right bottle.,partial,random_candidate,cand_001,1.0,1,cand_001,finished,finished,correct,correct,True,True,False,True,False,False,False,False,False,False,False,grasp_failed,grasp_failed,True,False,False,0.0,False,13.099135160446169,13.099135160446169,59.82890439033508,59.82890439033508,False,,True,,,bottle,grasp_execution_failure,selected_correct_target_but_physical_grasp_failed
online_trial_20260522_184845_fb083b,main_02,online_main,76,services/a6000_web/artifacts/online_experiments/main_02/trials/online_trial_20260522_184845_fb083b.json,1779443338.2871938,1779443385.231728,scene_06,bottle_only,scene_06,bottle_only,,Pick up the right bottle.,partial,top_score,cand_001,1.0,1,cand_001,finished,finished,correct,correct,True,True,False,True,False,False,False,False,False,False,False,grasp_failed,grasp_failed,True,False,False,0.0,False,3.8199033737182617,3.8199033737182617,46.94453430175781,46.94453430175781,False,,True,,,bottle,grasp_execution_failure,selected_correct_target_but_physical_grasp_failed
online_trial_20260522_184954_b9e170,main_02,online_main,77,services/a6000_web/artifacts/online_experiments/main_02/trials/online_trial_20260522_184954_b9e170.json,1779443406.717321,1779443483.0803862,scene_06,bottle_only,scene_06,bottle_only,,Pick up the right bottle.,partial,vlm_best_question,cand_001,1.0,1,cand_001,finished,finished,correct,correct,True,True,False,True,False,False,False,False,False,False,False,grasp_failed,grasp_failed,True,False,False,0.0,False,24.5739004611969,24.5739004611969,76.36306548118591,76.36306548118591,False,,True,,,bottle,grasp_execution_failure,selected_correct_target_but_physical_grasp_failed
online_trial_20260522_185128_0fa01a,main_02,online_main,78,services/a6000_web/artifacts/online_experiments/main_02/trials/online_trial_20260522_185128_0fa01a.json,1779443518.6353576,1779443576.619617,scene_06,bottle_only,scene_06,bottle_only,,Pick up the right bottle.,partial,proposed_efe,cand_001,1.0,1,cand_001,finished,finished,correct,correct,True,True,False,True,True,True,False,False,True,True,False,correct,correct,True,True,True,0.0,False,15.09125566482544,15.09125566482544,57.984259366989136,57.984259366989136,False,,True,,,bottle,none,none
online_trial_20260522_185559_309254,main_02,online_main,80,services/a6000_web/artifacts/online_experiments/main_02/trials/online_trial_20260522_185559_309254.json,1779443770.9328086,1779443921.2147577,scene_06,bottle_only,scene_06,bottle_only,,Pick up my bottle.,ambiguous,proposed_efe,cand_002,2.0,3,cand_002,finished,finished,correct,correct,True,True,False,True,False,False,False,False,False,False,False,grasp_failed,grasp_failed,True,False,False,2.0,True,92.13507032394408,92.13507032394408,150.28194904327393,150.28194904327393,False,,True,,,bottle,grasp_execution_failure,selected_correct_target_but_physical_grasp_failed
online_trial_20260522_185844_ec2cad,main_02,online_main,81,services/a6000_web/artifacts/online_experiments/main_02/trials/online_trial_20260522_185844_ec2cad.json,1779443936.3938596,1779443944.2738523,scene_06,bottle_only,scene_06,bottle_only,,Pick up my bottle.,ambiguous,top_score,,,3,cand_001,finished,finished,wrong,wrong,True,False,True,False,False,False,False,True,False,False,True,skipped_wrong_target,skipped_wrong_target,False,False,False,0.0,False,7.877232789993286,7.877232789993286,7.879992723464966,7.879992723464966,False,,True,Operator marked the resolved target as wrong; no robot grasp was executed.,,bottle,target_resolution_failure,target_selection_wrong_or_unresolved_grasp_skipped
online_trial_20260522_185927_f4b46e,main_02,online_main,83,services/a6000_web/artifacts/online_experiments/main_02/trials/online_trial_20260522_185927_f4b46e.json,1779443978.744343,1779443981.3210616,scene_06,bottle_only,scene_06,bottle_only,,Pick up my bottle.,ambiguous,random_candidate,,,3,cand_001,finished,finished,wrong,wrong,True,False,True,False,False,False,False,True,False,False,True,skipped_wrong_target,skipped_wrong_target,False,False,False,0.0,False,2.5744783878326416,2.5744783878326416,2.57671856880188,2.57671856880188,False,,True,Operator marked the resolved target as wrong; no robot grasp was executed.,,bottle,target_resolution_failure,target_selection_wrong_or_unresolved_grasp_skipped
online_trial_20260522_191841_cbea50,main_02,online_main,84,services/a6000_web/artifacts/online_experiments/main_02/trials/online_trial_20260522_191841_cbea50.json,1779445138.889799,1779445191.034546,scene_07,cup_only,scene_07,bottle_only,scene_07_08_09_to_bottle_only,Pick up the red cup.,clear,proposed_efe,cand_001,1.0,1,cand_001,finished,finished,correct,correct,True,True,False,True,True,True,False,False,True,True,False,correct,correct,True,True,True,0.0,False,6.11307692527771,6.11307692527771,52.14474678039551,52.14474678039551,False,,True,,,cup,none,none
online_trial_20260522_192051_0abf5f,main_02,online_main,87,services/a6000_web/artifacts/online_experiments/main_02/trials/online_trial_20260522_192051_0abf5f.json,1779445263.460595,1779445318.4289627,scene_07,cup_only,scene_07,bottle_only,scene_07_08_09_to_bottle_only,Pick up the left cup.,clear,vlm_best_question,cand_001,1.0,1,cand_001,finished,finished,correct,correct,True,True,False,True,True,True,False,False,True,True,False,correct,correct,True,True,True,0.0,False,4.585655927658081,4.585655927658081,54.9683678150177,54.9683678150177,False,,True,,,cup,none,none
online_trial_20260522_192216_bfc28e,main_02,online_main,88,services/a6000_web/artifacts/online_experiments/main_02/trials/online_trial_20260522_192216_bfc28e.json,1779445348.665966,1779445394.3436637,scene_07,cup_only,scene_07,bottle_only,scene_07_08_09_to_bottle_only,Pick up the green cup.,clear,top_score,cand_001,1.0,1,cand_001,finished,finished,correct,correct,True,True,False,True,True,True,False,False,True,True,False,correct,correct,True,True,True,0.0,False,4.884530544281006,4.884530544281006,45.67769765853882,45.67769765853882,False,,True,,,cup,none,none
online_trial_20260522_192332_2bf631,main_02,online_main,89,services/a6000_web/artifacts/online_experiments/main_02/trials/online_trial_20260522_192332_2bf631.json,1779445442.3845031,1779445489.071257,scene_07,cup_only,scene_07,bottle_only,scene_07_08_09_to_bottle_only,Pick up the center bottle.,clear,random_candidate,cand_001,1.0,3,cand_001,finished,finished,correct,correct,True,True,False,True,False,False,False,False,False,False,False,grasp_failed,grasp_failed,True,False,False,0.0,False,12.700586080551147,12.700586080551147,46.68675398826599,46.68675398826599,False,,True,,,bottle,grasp_execution_failure,selected_correct_target_but_physical_grasp_failed
online_trial_20260522_192548_370d63,main_02,online_main,90,services/a6000_web/artifacts/online_experiments/main_02/trials/online_trial_20260522_192548_370d63.json,1779445560.7542117,1779445609.7903817,scene_07,cup_only,scene_07,bottle_only,scene_07_08_09_to_bottle_only,Pick up the right bottle.,partial,random_candidate,cand_001,1.0,1,cand_001,finished,finished,correct,correct,True,True,False,True,True,True,False,False,True,True,False,correct,correct,True,True,True,0.0,False,4.99798321723938,4.99798321723938,49.03617000579834,49.03617000579834,False,,True,,,bottle,none,none
online_trial_20260522_192723_c0e23a,main_02,online_main,91,services/a6000_web/artifacts/online_experiments/main_02/trials/online_trial_20260522_192723_c0e23a.json,1779445655.11137,1779445712.3790848,scene_07,cup_only,scene_07,bottle_only,scene_07_08_09_to_bottle_only,Pick up the right bottle.,partial,top_score,cand_001,1.0,1,cand_001,finished,finished,correct,correct,True,True,False,True,False,False,False,False,False,False,False,grasp_failed,grasp_failed,True,False,False,0.0,False,4.530166864395142,4.530166864395142,57.26771473884583,57.26771473884583,False,,True,,,bottle,grasp_execution_failure,selected_correct_target_but_physical_grasp_failed
online_trial_20260522_192916_5bd9c5,main_02,online_main,92,services/a6000_web/artifacts/online_experiments/main_02/trials/online_trial_20260522_192916_5bd9c5.json,1779445768.273431,1779445854.614044,scene_07,cup_only,scene_07,bottle_only,scene_07_08_09_to_bottle_only,Pick up the center bottle.,partial,vlm_best_question,cand_001,1.0,1,cand_001,finished,finished,correct,correct,True,True,False,True,True,True,False,False,True,True,False,correct,correct,True,True,True,0.0,False,32.806578636169434,32.806578636169434,86.34061288833618,86.34061288833618,False,,True,,,bottle,none,none
online_trial_20260522_193103_697ca1,main_02,online_main,93,services/a6000_web/artifacts/online_experiments/main_02/trials/online_trial_20260522_193103_697ca1.json,1779445911.3949566,1779445990.5092356,scene_07,cup_only,scene_07,bottle_only,scene_07_08_09_to_bottle_only,Pick up the center bottle.,partial,proposed_efe,cand_001,1.0,1,cand_001,finished,finished,correct,correct,True,True,False,True,True,True,False,False,True,True,False,correct,correct,True,True,True,0.0,False,40.74826169013977,40.74826169013977,79.11427903175354,79.11427903175354,False,,True,,,bottle,none,none
online_trial_20260522_193415_13070a,main_02,online_main,94,services/a6000_web/artifacts/online_experiments/main_02/trials/online_trial_20260522_193415_13070a.json,1779446066.7311776,1779446201.0933526,scene_07,cup_only,scene_07,bottle_only,scene_07_08_09_to_bottle_only,Pick up my bottle.,ambiguous,proposed_efe,cand_003,3.0,3,cand_003,finished,finished,correct,correct,True,True,False,True,True,True,False,False,True,True,False,correct,correct,True,True,True,2.0,True,85.59128952026367,85.59128952026367,134.36217498779297,134.36217498779297,False,,True,,,bottle,none,none
online_trial_20260522_193658_b44110,main_02,online_main,95,services/a6000_web/artifacts/online_experiments/main_02/trials/online_trial_20260522_193658_b44110.json,1779446256.3328292,1779446375.0348778,scene_07,cup_only,scene_07,bottle_only,scene_07_08_09_to_bottle_only,Pick up my bottle.,ambiguous,vlm_best_question,cand_003,3.0,3,cand_003,finished,finished,correct,correct,True,True,False,True,True,True,False,False,True,True,False,correct,correct,True,True,True,2.0,True,73.46116209030151,73.46116209030151,118.70204854011536,118.70204854011536,False,,True,,,bottle,none,none
online_trial_20260522_193953_e4d244,main_02,online_main,96,services/a6000_web/artifacts/online_experiments/main_02/trials/online_trial_20260522_193953_e4d244.json,1779446404.7678452,1779446429.5998852,scene_07,cup_only,scene_07,bottle_only,scene_07_08_09_to_bottle_only,Pick up my bottle.,ambiguous,top_score,,,3,cand_001,finished,finished,wrong,wrong,True,False,True,False,False,False,False,True,False,False,True,skipped_wrong_target,skipped_wrong_target,False,False,False,0.0,False,24.829554557800293,24.829554557800293,24.832040071487427,24.832040071487427,False,,True,Operator marked the resolved target as wrong; no robot grasp was executed.,,bottle,target_resolution_failure,target_selection_wrong_or_unresolved_grasp_skipped
online_trial_20260522_194036_5a2221,main_02,online_main,97,services/a6000_web/artifacts/online_experiments/main_02/trials/online_trial_20260522_194036_5a2221.json,1779446448.356556,1779446501.5278623,scene_07,cup_only,scene_07,bottle_only,scene_07_08_09_to_bottle_only,Pick up my bottle.,ambiguous,random_candidate,cand_002,2.0,3,cand_002,finished,finished,correct,correct,True,True,False,True,True,True,False,False,True,True,False,correct,correct,True,True,True,0.0,False,5.41608476638794,5.41608476638794,53.17130637168884,53.17130637168884,False,,True,,,bottle,none,none
online_trial_20260522_194352_cc0d57,main_02,online_main,98,services/a6000_web/artifacts/online_experiments/main_02/trials/online_trial_20260522_194352_cc0d57.json,1779446644.7473423,1779446661.347348,scene_08,cup_only,scene_08,bottle_only,scene_07_08_09_to_bottle_only,Pick up my bottle.,ambiguous,random_candidate,,,3,cand_002,finished,finished,wrong,wrong,True,False,True,False,False,False,False,True,False,False,True,skipped_wrong_target,skipped_wrong_target,False,False,False,0.0,False,16.59377884864807,16.59377884864807,16.600005626678467,16.600005626678467,False,,True,Operator marked the resolved target as wrong; no robot grasp was executed.,,bottle,target_resolution_failure,target_selection_wrong_or_unresolved_grasp_skipped
online_trial_20260522_194432_046447,main_02,online_main,99,services/a6000_web/artifacts/online_experiments/main_02/trials/online_trial_20260522_194432_046447.json,1779446684.476799,1779446742.466389,scene_08,cup_only,scene_08,bottle_only,scene_07_08_09_to_bottle_only,Pick up my bottle.,ambiguous,top_score,cand_001,1.0,3,cand_001,finished,finished,correct,correct,True,True,False,True,True,True,False,False,True,True,False,correct,correct,True,True,True,0.0,False,20.56548762321472,20.56548762321472,57.98958992958069,57.98958992958069,False,,True,,,bottle,none,none
online_trial_20260522_194613_fd4895,main_02,online_main,100,services/a6000_web/artifacts/online_experiments/main_02/trials/online_trial_20260522_194613_fd4895.json,1779446784.8116925,1779446924.756064,scene_08,cup_only,scene_08,bottle_only,scene_07_08_09_to_bottle_only,Pick up my bottle.,ambiguous,vlm_best_question,cand_001,1.0,3,cand_001,finished,finished,correct,correct,True,True,False,True,True,True,False,False,True,True,False,correct,correct,True,True,True,2.0,True,91.84548020362854,91.84548020362854,139.9443714618683,139.9443714618683,False,,True,,,bottle,none,none
online_trial_20260522_194850_00f727,main_02,online_main,101,services/a6000_web/artifacts/online_experiments/main_02/trials/online_trial_20260522_194850_00f727.json,1779446942.4237957,1779447056.3853638,scene_08,cup_only,scene_08,bottle_only,scene_07_08_09_to_bottle_only,Pick up my bottle.,ambiguous,proposed_efe,cand_002,2.0,3,cand_002,finished,finished,correct,correct,True,True,False,True,True,True,False,False,True,True,False,correct,correct,True,True,True,1.0,True,57.87759709358215,57.87759709358215,113.96156811714172,113.96156811714172,False,,True,,,bottle,none,none
online_trial_20260522_195143_13438b,main_02,online_main,102,services/a6000_web/artifacts/online_experiments/main_02/trials/online_trial_20260522_195143_13438b.json,1779447114.6708925,1779447196.463128,scene_08,cup_only,scene_08,bottle_only,scene_07_08_09_to_bottle_only,Pick up the right bottle.,partial,proposed_efe,cand_001,1.0,1,cand_001,finished,finished,correct,correct,True,True,False,True,False,False,False,False,False,False,False,grasp_failed,grasp_failed,True,False,False,0.0,False,16.4023916721344,16.4023916721344,81.79223561286926,81.79223561286926,False,,True,,,bottle,grasp_execution_failure,selected_correct_target_but_physical_grasp_failed
online_trial_20260522_195408_189544,main_02,online_main,103,services/a6000_web/artifacts/online_experiments/main_02/trials/online_trial_20260522_195408_189544.json,1779447260.4516065,1779447315.1419628,scene_08,cup_only,scene_08,bottle_only,scene_07_08_09_to_bottle_only,Pick up the right bottle.,partial,vlm_best_question,cand_001,1.0,1,cand_001,finished,finished,correct,correct,True,True,False,True,False,False,False,False,False,False,False,grasp_failed,grasp_failed,True,False,False,0.0,False,20.519734621047974,20.519734621047974,54.69035625457764,54.69035625457764,False,,True,,,bottle,grasp_execution_failure,selected_correct_target_but_physical_grasp_failed
online_trial_20260522_195543_11b0ba,main_02,online_main,104,services/a6000_web/artifacts/online_experiments/main_02/trials/online_trial_20260522_195543_11b0ba.json,1779447355.136459,1779447438.9579294,scene_08,cup_only,scene_08,bottle_only,scene_07_08_09_to_bottle_only,Pick up the right bottle.,partial,top_score,cand_001,1.0,2,cand_001,finished,finished,correct,correct,True,True,False,True,True,True,False,False,True,True,False,correct,correct,True,True,True,0.0,False,16.098170042037964,16.098170042037964,83.82147026062012,83.82147026062012,False,,True,,,bottle,none,none
online_trial_20260522_195738_74e280,main_02,online_main,105,services/a6000_web/artifacts/online_experiments/main_02/trials/online_trial_20260522_195738_74e280.json,1779447470.1535635,1779447522.696455,scene_08,cup_only,scene_08,bottle_only,scene_07_08_09_to_bottle_only,Pick up the right bottle.,partial,random_candidate,cand_001,1.0,1,cand_001,finished,finished,correct,correct,True,True,False,True,False,False,False,False,False,False,False,grasp_failed,grasp_failed,True,False,False,0.0,False,8.21938419342041,8.21938419342041,52.54289150238037,52.54289150238037,False,,True,,,bottle,grasp_execution_failure,selected_correct_target_but_physical_grasp_failed
online_trial_20260522_195856_014641,main_02,online_main,106,services/a6000_web/artifacts/online_experiments/main_02/trials/online_trial_20260522_195856_014641.json,1779447555.4659648,1779447604.783564,scene_08,cup_only,scene_08,bottle_only,scene_07_08_09_to_bottle_only,Pick up the red bottle.,clear,random_candidate,cand_001,1.0,1,cand_001,finished,finished,correct,correct,True,True,False,True,True,True,False,False,True,True,False,correct,correct,True,True,True,0.0,False,15.579495429992676,15.579495429992676,49.317599296569824,49.317599296569824,False,,True,,,bottle,none,none
online_trial_20260522_200129_4e4f21,main_02,online_main,107,services/a6000_web/artifacts/online_experiments/main_02/trials/online_trial_20260522_200129_4e4f21.json,1779447720.1528318,1779447771.0477877,scene_08,cup_only,scene_08,bottle_only,scene_07_08_09_to_bottle_only,Pick up the green bottle.,clear,top_score,cand_001,1.0,1,cand_001,finished,finished,correct,correct,True,True,False,True,True,True,False,False,True,True,False,correct,correct,True,True,True,0.0,False,13.981653690338137,13.981653690338137,50.89495587348938,50.89495587348938,False,,True,,,bottle,none,none
online_trial_20260522_200315_4b453d,main_02,online_main,108,services/a6000_web/artifacts/online_experiments/main_02/trials/online_trial_20260522_200315_4b453d.json,1779447807.407981,1779447992.0622077,scene_08,cup_only,scene_08,bottle_only,scene_07_08_09_to_bottle_only,Pick up the black bottle.,clear,vlm_best_question,cand_001,1.0,1,cand_001,finished,finished,correct,correct,True,True,False,True,True,True,False,False,True,True,False,correct,correct,True,True,True,0.0,False,45.78606986999512,45.78606986999512,184.65422677993772,184.65422677993772,False,,True,,,bottle,none,none
online_trial_20260522_200642_ee1822,main_02,online_main,109,services/a6000_web/artifacts/online_experiments/main_02/trials/online_trial_20260522_200642_ee1822.json,1779448018.1742716,1779448058.41106,scene_08,cup_only,scene_08,bottle_only,scene_07_08_09_to_bottle_only,Pick up the right bottle.,clear,proposed_efe,cand_001,1.0,1,cand_001,finished,finished,correct,correct,True,True,False,True,True,True,False,False,True,True,False,correct,correct,True,True,True,0.0,False,3.760488748550415,3.760488748550415,40.23678827285767,40.23678827285767,False,,True,,,bottle,none,none
online_trial_20260522_201827_ef0006,main_02,online_main,110,services/a6000_web/artifacts/online_experiments/main_02/trials/online_trial_20260522_201827_ef0006.json,1779448720.2840002,,scene_09,cup_only,scene_09,bottle_only,scene_07_08_09_to_bottle_only,Pick up the right bottle.,clear,proposed_efe,cand_001,1.0,1,cand_001,executed,executed,correct,correct,True,True,False,True,True,True,False,False,True,True,False,correct,,True,,,0.0,False,13.51766061782837,13.51766061782837,,13.51766061782837,True,target_confirmed_correct_but_grasp_feedback_missing_counted_success,True,,,bottle,none,none
online_trial_20260522_202048_e3b95e,main_02,online_main,112,services/a6000_web/artifacts/online_experiments/main_02/trials/online_trial_20260522_202048_e3b95e.json,1779448860.8179958,1779448967.917804,scene_09,cup_only,scene_09,bottle_only,scene_07_08_09_to_bottle_only,Pick up the green bottle.,clear,vlm_best_question,cand_001,1.0,1,cand_001,finished,finished,correct,correct,True,True,False,True,True,True,False,False,True,True,False,correct,correct,True,True,True,0.0,False,5.719207048416138,5.719207048416138,107.09980821609496,107.09980821609496,False,,True,,,bottle,none,none
online_trial_20260522_202340_ad9730,main_02,online_main,113,services/a6000_web/artifacts/online_experiments/main_02/trials/online_trial_20260522_202340_ad9730.json,1779449032.9078355,1779449074.3101497,scene_09,cup_only,scene_09,bottle_only,scene_07_08_09_to_bottle_only,Pick up the left bottle.,clear,top_score,cand_001,1.0,1,cand_001,finished,finished,correct,correct,True,True,False,True,True,True,False,False,True,True,False,correct,correct,True,True,True,0.0,False,7.5661420822143555,7.5661420822143555,41.40231418609619,41.40231418609619,False,,True,,,bottle,none,none
online_trial_20260522_202500_6e2e1f,main_02,online_main,114,services/a6000_web/artifacts/online_experiments/main_02/trials/online_trial_20260522_202500_6e2e1f.json,1779449112.2735977,1779449156.5938284,scene_09,cup_only,scene_09,bottle_only,scene_07_08_09_to_bottle_only,Pick up the left bottle.,clear,random_candidate,cand_001,1.0,1,cand_001,finished,finished,correct,correct,True,True,False,True,True,True,False,False,True,True,False,correct,correct,True,True,True,0.0,False,3.589108467102051,3.589108467102051,44.32023096084595,44.32023096084595,False,,True,,,bottle,none,none
online_trial_20260522_202640_4cbda6,main_02,online_main,115,services/a6000_web/artifacts/online_experiments/main_02/trials/online_trial_20260522_202640_4cbda6.json,1779449212.2690673,1779449273.7720835,scene_09,cup_only,scene_09,bottle_only,scene_07_08_09_to_bottle_only,Pick up the right bottle.,partial,random_candidate,cand_001,1.0,1,cand_001,finished,finished,correct,correct,True,True,False,True,True,True,False,False,True,True,False,correct,correct,True,True,True,0.0,False,5.374886989593506,5.374886989593506,61.50301623344421,61.50301623344421,False,,True,,,bottle,none,none
online_trial_20260522_202800_35549b,main_02,online_main,116,services/a6000_web/artifacts/online_experiments/main_02/trials/online_trial_20260522_202800_35549b.json,1779449300.258328,1779449339.1616633,scene_09,cup_only,scene_09,bottle_only,scene_07_08_09_to_bottle_only,Pick up the right bottle.,partial,top_score,cand_001,1.0,1,cand_001,finished,finished,correct,correct,True,True,False,True,True,True,False,False,True,True,False,correct,correct,True,True,True,0.0,False,3.5379533767700195,3.5379533767700195,38.90333533287048,38.90333533287048,False,,True,,,bottle,none,none
online_trial_20260522_202957_659a53,main_02,online_main,117,services/a6000_web/artifacts/online_experiments/main_02/trials/online_trial_20260522_202957_659a53.json,1779449409.308131,1779449512.827579,scene_09,cup_only,scene_09,bottle_only,scene_07_08_09_to_bottle_only,Pick up the right bottle.,partial,vlm_best_question,cand_001,1.0,1,cand_001,finished,finished,correct,correct,True,True,False,True,True,True,False,False,True,True,False,correct,correct,True,True,True,0.0,False,44.70514392852783,44.70514392852783,103.5194480419159,103.5194480419159,False,,True,,,bottle,none,none
online_trial_20260522_203201_2dbbc0,main_02,online_main,118,services/a6000_web/artifacts/online_experiments/main_02/trials/online_trial_20260522_203201_2dbbc0.json,1779449533.1906936,1779449597.1185095,scene_09,cup_only,scene_09,bottle_only,scene_07_08_09_to_bottle_only,Pick up the right bottle.,partial,proposed_efe,cand_001,1.0,1,cand_001,finished,finished,correct,correct,True,True,False,True,True,True,False,False,True,True,False,correct,correct,True,True,True,0.0,False,20.87654423713684,20.87654423713684,63.92781591415405,63.92781591415405,False,,True,,,bottle,none,none
online_trial_20260522_203333_fbdbf3,main_02,online_main,119,services/a6000_web/artifacts/online_experiments/main_02/trials/online_trial_20260522_203333_fbdbf3.json,1779449626.6775007,1779449771.8608856,scene_09,cup_only,scene_09,bottle_only,scene_07_08_09_to_bottle_only,Pick up my bottle.,ambiguous,proposed_efe,cand_002,2.0,3,cand_002,finished,finished,correct,correct,True,True,False,True,True,True,False,False,True,True,False,correct,correct,True,True,True,1.0,True,107.74633288383484,107.74633288383484,145.1833848953247,145.1833848953247,False,,True,,,bottle,none,none
online_trial_20260522_203724_4a81b2,main_02,online_main,120,services/a6000_web/artifacts/online_experiments/main_02/trials/online_trial_20260522_203724_4a81b2.json,1779449856.0675704,1779449982.6061614,scene_09,cup_only,scene_09,bottle_only,scene_07_08_09_to_bottle_only,Pick up my bottle.,ambiguous,vlm_best_question,cand_003,3.0,3,cand_003,finished,finished,correct,correct,True,True,False,True,True,True,False,False,True,True,False,correct,correct,True,True,True,2.0,True,87.8035614490509,87.8035614490509,126.53859090805054,126.53859090805054,False,,True,,,bottle,none,none
online_trial_20260522_204025_051a45,main_02,online_main,121,services/a6000_web/artifacts/online_experiments/main_02/trials/online_trial_20260522_204025_051a45.json,1779450037.2931514,1779450083.182805,scene_09,cup_only,scene_09,bottle_only,scene_07_08_09_to_bottle_only,Pick up my bottle.,ambiguous,top_score,cand_001,1.0,3,cand_001,finished,finished,correct,correct,True,True,False,True,True,True,False,False,True,True,False,correct,correct,True,True,True,0.0,False,3.947758913040161,3.947758913040161,45.88965368270874,45.88965368270874,False,,True,,,bottle,none,none
online_trial_20260522_204128_9a9ffe,main_02,online_main,122,services/a6000_web/artifacts/online_experiments/main_02/trials/online_trial_20260522_204128_9a9ffe.json,1779450099.969669,1779450199.545616,scene_09,cup_only,scene_09,bottle_only,scene_07_08_09_to_bottle_only,Pick up my bottle.,ambiguous,random_candidate,cand_003,3.0,3,cand_003,finished,finished,correct,correct,True,True,False,True,True,True,False,False,True,True,False,correct,correct,True,True,True,0.0,False,8.46939754486084,8.46939754486084,99.57594680786131,99.57594680786131,False,,True,,,bottle,none,none
online_trial_20260522_204443_deebfd,main_02,online_main,123,services/a6000_web/artifacts/online_experiments/main_02/trials/online_trial_20260522_204443_deebfd.json,1779450295.1949382,1779450301.4228349,scene_10,bottle_only,scene_10,bottle_only,,Pick up my bottle.,ambiguous,random_candidate,,,3,cand_002,finished,finished,wrong,wrong,True,False,True,False,False,False,False,True,False,False,True,skipped_wrong_target,skipped_wrong_target,False,False,False,0.0,False,6.221965551376343,6.221965551376343,6.227896690368652,6.227896690368652,False,,True,Operator marked the resolved target as wrong; no robot grasp was executed.,,bottle,target_resolution_failure,target_selection_wrong_or_unresolved_grasp_skipped
online_trial_20260522_204549_adfbef,main_02,online_main,124,services/a6000_web/artifacts/online_experiments/main_02/trials/online_trial_20260522_204549_adfbef.json,1779450360.8248467,1779450409.2492654,scene_10,bottle_only,scene_10,bottle_only,,Pick up my bottle.,ambiguous,top_score,cand_001,1.0,3,cand_001,finished,finished,correct,correct,True,True,False,True,True,True,False,False,True,True,False,correct,correct,True,True,True,0.0,False,9.38768219947815,9.38768219947815,48.42441868782044,48.42441868782044,False,,True,,,bottle,none,none
online_trial_20260522_204658_db44fe,main_02,online_main,125,services/a6000_web/artifacts/online_experiments/main_02/trials/online_trial_20260522_204658_db44fe.json,1779450430.261485,1779450583.7205243,scene_10,bottle_only,scene_10,bottle_only,,Pick up my bottle.,ambiguous,vlm_best_question,cand_002,2.0,3,cand_002,finished,finished,correct,correct,True,True,False,True,True,True,False,False,True,True,False,correct,correct,True,True,True,2.0,True,108.17118787765504,108.17118787765504,153.45903944969177,153.45903944969177,False,,True,,,bottle,none,none
online_trial_20260522_205009_2b14cd,main_02,online_main,126,services/a6000_web/artifacts/online_experiments/main_02/trials/online_trial_20260522_205009_2b14cd.json,1779450621.3597336,1779450744.89222,scene_10,bottle_only,scene_10,bottle_only,,Pick up my bottle.,ambiguous,proposed_efe,cand_002,2.0,3,cand_002,finished,finished,correct,correct,True,True,False,True,True,True,False,False,True,True,False,correct,correct,True,True,True,2.0,True,81.31301999092102,81.31301999092102,123.53248643875122,123.53248643875122,False,,True,,,bottle,none,none
online_trial_20260522_205255_cc09ed,main_02,online_main,127,services/a6000_web/artifacts/online_experiments/main_02/trials/online_trial_20260522_205255_cc09ed.json,1779450802.8918974,1779450859.0832758,scene_10,bottle_only,scene_10,bottle_only,,Pick up the right bottle.,partial,proposed_efe,cand_001,1.0,1,cand_001,finished,finished,correct,correct,True,True,False,True,True,True,False,False,True,True,False,correct,correct,True,True,True,0.0,False,16.733187198638916,16.733187198638916,56.191378355026245,56.191378355026245,False,,True,,,bottle,none,none
online_trial_20260522_205509_391f54,main_02,online_main,129,services/a6000_web/artifacts/online_experiments/main_02/trials/online_trial_20260522_205509_391f54.json,1779450921.3440084,1779451035.890421,scene_10,bottle_only,scene_10,bottle_only,,Pick up the right bottle.,partial,vlm_best_question,cand_001,1.0,1,cand_001,finished,finished,correct,correct,True,True,False,True,True,True,False,False,True,True,False,correct,correct,True,True,True,0.0,False,32.49640345573425,32.49640345573425,114.54641246795654,114.54641246795654,False,,True,,,bottle,none,none
online_trial_20260522_205742_caf526,main_02,online_main,130,services/a6000_web/artifacts/online_experiments/main_02/trials/online_trial_20260522_205742_caf526.json,1779451074.4053483,1779451120.9722767,scene_10,bottle_only,scene_10,bottle_only,,Pick up the right bottle.,partial,top_score,cand_001,1.0,1,cand_001,finished,finished,correct,correct,True,True,False,True,True,True,False,False,True,True,False,correct,correct,True,True,True,0.0,False,3.467733144760132,3.467733144760132,46.56692814826965,46.56692814826965,False,,True,,,bottle,none,none
online_trial_20260522_205858_0b59b1,main_02,online_main,131,services/a6000_web/artifacts/online_experiments/main_02/trials/online_trial_20260522_205858_0b59b1.json,1779451165.8518214,1779451209.998617,scene_10,bottle_only,scene_10,bottle_only,,Pick up the right bottle.,partial,random_candidate,cand_001,1.0,1,cand_001,finished,finished,correct,correct,True,True,False,True,True,True,False,False,True,True,False,correct,correct,True,True,True,0.0,False,7.082450866699219,7.082450866699219,44.14679551124573,44.14679551124573,False,,True,,,bottle,none,none
online_trial_20260522_210022_069214,main_02,online_main,132,services/a6000_web/artifacts/online_experiments/main_02/trials/online_trial_20260522_210022_069214.json,1779451234.794366,1779451277.9785142,scene_10,bottle_only,scene_10,bottle_only,,Pick up the red bottle.,clear,random_candidate,cand_001,1.0,1,cand_001,finished,finished,correct,correct,True,True,False,True,True,True,False,False,True,True,False,correct,correct,True,True,True,0.0,False,5.188492298126221,5.188492298126221,43.18414807319641,43.18414807319641,False,,True,,,bottle,none,none
online_trial_20260522_210124_2e7b94,main_02,online_main,133,services/a6000_web/artifacts/online_experiments/main_02/trials/online_trial_20260522_210124_2e7b94.json,1779451300.0610025,1779451351.7266805,scene_10,bottle_only,scene_10,bottle_only,,Pick up the red bottle.,clear,top_score,cand_001,1.0,1,cand_001,finished,finished,correct,correct,True,True,False,True,True,True,False,False,True,True,False,correct,correct,True,True,True,0.0,False,11.399783611297607,11.399783611297607,51.66567802429199,51.66567802429199,False,,True,,,bottle,none,none
online_trial_20260522_210250_21ac92,main_02,online_main,134,services/a6000_web/artifacts/online_experiments/main_02/trials/online_trial_20260522_210250_21ac92.json,1779451382.319022,1779451447.8995209,scene_10,bottle_only,scene_10,bottle_only,,Pick up the tall bottle.,clear,vlm_best_question,cand_001,1.0,1,cand_001,finished,finished,correct,correct,True,True,False,True,True,True,False,False,True,True,False,correct,correct,True,True,True,0.0,False,11.052292585372925,11.052292585372925,65.58049893379211,65.58049893379211,False,,True,,,bottle,none,none
online_trial_20260522_210418_a57a1a,main_02,online_main,135,services/a6000_web/artifacts/online_experiments/main_02/trials/online_trial_20260522_210418_a57a1a.json,1779451470.890242,1779451531.229144,scene_10,bottle_only,scene_10,bottle_only,,Pick up the green bottle.,clear,proposed_efe,cand_001,1.0,1,cand_001,finished,finished,correct,correct,True,True,False,True,True,True,False,False,True,True,False,correct,correct,True,True,True,0.0,False,23.373929738998413,23.373929738998413,60.33890223503113,60.33890223503113,False,,True,,,bottle,none,none
online_trial_20260523_210858_19802c,main_02,online_main,136,services/a6000_web/artifacts/online_experiments/main_02/trials/online_trial_20260523_210858_19802c.json,1779538150.379399,1779538199.29201,scene_11,utensil_only,scene_11,utensil_only,,Pick up the red fork.,clear,proposed_efe,cand_001,1.0,1,cand_001,finished,finished,correct,correct,True,True,False,True,True,True,False,False,True,True,False,correct,correct,True,True,True,0.0,False,2.743404626846313,2.743404626846313,48.91261100769043,48.91261100769043,False,,True,,,fork,none,none
online_trial_20260523_211014_f14f13,main_02,online_main,137,services/a6000_web/artifacts/online_experiments/main_02/trials/online_trial_20260523_211014_f14f13.json,1779538226.8194902,1779538271.6815157,scene_11,utensil_only,scene_11,utensil_only,,Pick up the green fork.,clear,vlm_best_question,cand_001,1.0,1,cand_001,finished,finished,correct,correct,True,True,False,True,True,True,False,False,True,True,False,correct,correct,True,True,True,0.0,False,2.7714602947235107,2.7714602947235107,44.86202526092529,44.86202526092529,False,,True,,,fork,none,none
online_trial_20260523_211133_009049,main_02,online_main,138,services/a6000_web/artifacts/online_experiments/main_02/trials/online_trial_20260523_211133_009049.json,1779538311.988635,1779538364.0472045,scene_11,utensil_only,scene_11,utensil_only,,Pick up the yellow fork.,clear,top_score,cand_001,1.0,1,cand_001,finished,finished,correct,correct,True,True,False,True,True,True,False,False,True,True,False,correct,correct,True,True,True,0.0,False,5.412047147750855,5.412047147750855,52.05856943130493,52.05856943130493,False,,True,,,fork,none,none
online_trial_20260523_211259_e56ea6,main_02,online_main,139,services/a6000_web/artifacts/online_experiments/main_02/trials/online_trial_20260523_211259_e56ea6.json,1779538391.8283532,1779538443.3677056,scene_11,utensil_only,scene_11,utensil_only,,Pick up the blue fork.,clear,random_candidate,cand_001,1.0,1,cand_001,finished,finished,correct,correct,True,True,False,True,True,True,False,False,True,True,False,correct,correct,True,True,True,0.0,False,8.82833480834961,8.82833480834961,51.53935241699219,51.53935241699219,False,,True,,,fork,none,none
online_trial_20260523_211423_05d7e8,main_02,online_main,140,services/a6000_web/artifacts/online_experiments/main_02/trials/online_trial_20260523_211423_05d7e8.json,1779538482.4324875,1779538533.416159,scene_11,utensil_only,scene_11,utensil_only,,Pick up the blue fork.,partial,random_candidate,cand_002,2.0,2,cand_002,finished,finished,correct,correct,True,True,False,True,True,True,False,False,True,True,False,correct,correct,True,True,True,0.0,False,8.606981992721558,8.606981992721558,50.98367094993591,50.98367094993591,False,,True,,,fork,none,none
online_trial_20260523_211538_33e220,main_02,online_main,141,services/a6000_web/artifacts/online_experiments/main_02/trials/online_trial_20260523_211538_33e220.json,1779538551.5948498,1779538603.7769058,scene_11,utensil_only,scene_11,utensil_only,,Pick up the blue fork.,partial,top_score,cand_001,1.0,1,cand_001,finished,finished,correct,correct,True,True,False,True,True,True,False,False,True,True,False,correct,correct,True,True,True,0.0,False,5.331512689590454,5.331512689590454,52.1820559501648,52.1820559501648,False,,True,,,fork,none,none
online_trial_20260523_211641_9f4800,main_02,online_main,142,services/a6000_web/artifacts/online_experiments/main_02/trials/online_trial_20260523_211641_9f4800.json,1779538622.0312486,1779538669.335177,scene_11,utensil_only,scene_11,utensil_only,,Pick up the blue fork.,partial,vlm_best_question,cand_001,1.0,1,cand_001,finished,finished,correct,correct,True,True,False,True,True,True,False,False,True,True,False,correct,correct,True,True,True,0.0,False,3.954256057739258,3.954256057739258,47.30392837524414,47.30392837524414,False,,True,,,fork,none,none
online_trial_20260523_211753_54fe29,main_02,online_main,143,services/a6000_web/artifacts/online_experiments/main_02/trials/online_trial_20260523_211753_54fe29.json,1779538686.062112,1779538737.1659448,scene_11,utensil_only,scene_11,utensil_only,,Pick up the blue fork.,partial,proposed_efe,cand_001,1.0,2,cand_001,finished,finished,correct,correct,True,True,False,True,True,True,False,False,True,True,False,correct,correct,True,True,True,1.0,True,9.860811710357666,9.860811710357666,51.103832960128784,51.103832960128784,False,,True,,,fork,none,none
online_trial_20260523_211907_1b127b,main_02,online_main,144,services/a6000_web/artifacts/online_experiments/main_02/trials/online_trial_20260523_211907_1b127b.json,1779538760.0332322,1779538777.417231,scene_11,utensil_only,scene_11,utensil_only,,Pick up my fork.,ambiguous,proposed_efe,,,1,cand_001,finished,finished,wrong,wrong,True,False,True,False,False,False,False,True,False,False,True,skipped_wrong_target,skipped_wrong_target,False,False,False,0.0,False,17.379874229431152,17.379874229431152,17.38399910926819,17.38399910926819,False,,True,Operator marked the resolved target as wrong; no robot grasp was executed.,,fork,target_resolution_failure,target_selection_wrong_or_unresolved_grasp_skipped
online_trial_20260523_211942_a04874,main_02,online_main,145,services/a6000_web/artifacts/online_experiments/main_02/trials/online_trial_20260523_211942_a04874.json,1779538796.0121777,1779538801.029309,scene_11,utensil_only,scene_11,utensil_only,,Pick up my fork.,ambiguous,vlm_best_question,,,1,cand_001,finished,finished,wrong,wrong,True,False,True,False,False,False,False,True,False,False,True,skipped_wrong_target,skipped_wrong_target,False,False,False,0.0,False,5.0110251903533936,5.0110251903533936,5.017131328582764,5.017131328582764,False,,True,Operator marked the resolved target as wrong; no robot grasp was executed.,,fork,target_resolution_failure,target_selection_wrong_or_unresolved_grasp_skipped
online_trial_20260523_212013_296560,main_02,online_main,146,services/a6000_web/artifacts/online_experiments/main_02/trials/online_trial_20260523_212013_296560.json,1779538825.52087,1779538829.8862634,scene_11,utensil_only,scene_11,utensil_only,,Pick up my fork.,ambiguous,top_score,,,1,cand_001,finished,finished,wrong,wrong,True,False,True,False,False,False,False,True,False,False,True,skipped_wrong_target,skipped_wrong_target,False,False,False,0.0,False,4.357669830322266,4.357669830322266,4.365393400192261,4.365393400192261,False,,True,Operator marked the resolved target as wrong; no robot grasp was executed.,,fork,target_resolution_failure,target_selection_wrong_or_unresolved_grasp_skipped
online_trial_20260523_212037_7c732d,main_02,online_main,147,services/a6000_web/artifacts/online_experiments/main_02/trials/online_trial_20260523_212037_7c732d.json,1779538849.4182198,1779538927.8872402,scene_11,utensil_only,scene_11,utensil_only,,Pick up my fork.,ambiguous,random_candidate,cand_004,4.0,4,cand_004,finished,finished,correct,correct,True,True,False,True,True,True,False,False,True,True,False,correct,correct,True,True,True,0.0,False,9.447332859039308,9.447332859039308,78.4690203666687,78.4690203666687,False,,True,,,fork,none,none
online_trial_20260523_212456_3dc199,main_02,online_main,150,services/a6000_web/artifacts/online_experiments/main_02/trials/online_trial_20260523_212456_3dc199.json,1779539108.105379,1779539113.5796692,scene_12,utensil_only,scene_12,utensil_only,,Pick up my fork.,ambiguous,top_score,,,1,cand_001,finished,finished,wrong,wrong,True,False,True,False,False,False,False,True,False,False,True,skipped_wrong_target,skipped_wrong_target,False,False,False,0.0,False,5.468424081802368,5.468424081802368,5.474290132522583,5.474290132522583,False,,True,Operator marked the resolved target as wrong; no robot grasp was executed.,,fork,target_resolution_failure,target_selection_wrong_or_unresolved_grasp_skipped
online_trial_20260523_212524_241542,main_02,online_main,151,services/a6000_web/artifacts/online_experiments/main_02/trials/online_trial_20260523_212524_241542.json,1779539135.6555824,1779539183.8988352,scene_12,utensil_only,scene_12,utensil_only,,Pick up my fork.,ambiguous,vlm_best_question,cand_001,1.0,2,cand_001,finished,finished,correct,correct,True,True,False,True,False,False,False,False,False,False,False,grasp_failed,grasp_failed,True,False,False,1.0,True,13.708550930023192,13.708550930023192,48.24325275421143,48.24325275421143,False,,True,,,fork,grasp_execution_failure,selected_correct_target_but_physical_grasp_failed
online_trial_20260523_212636_625cf4,main_02,online_main,152,services/a6000_web/artifacts/online_experiments/main_02/trials/online_trial_20260523_212636_625cf4.json,1779539208.1151106,,scene_12,utensil_only,scene_12,utensil_only,,Pick up my fork.,ambiguous,proposed_efe,cand_001,1.0,1,cand_001,executed,executed,correct,correct,True,True,False,True,True,True,False,False,True,True,False,correct,,True,,,0.0,False,8.229378461837769,8.229378461837769,,8.229378461837769,True,target_confirmed_correct_but_grasp_feedback_missing_counted_success,True,,,fork,none,none
online_trial_20260523_212804_8d30b7,main_02,online_main,153,services/a6000_web/artifacts/online_experiments/main_02/trials/online_trial_20260523_212804_8d30b7.json,1779539296.701651,1779539302.6643932,scene_12,utensil_only,scene_12,utensil_only,,Pick up the center fork.,partial,random_candidate,,,1,cand_001,finished,finished,wrong,wrong,True,False,True,False,False,False,False,True,False,False,True,skipped_wrong_target,skipped_wrong_target,False,False,False,0.0,False,5.961297988891602,5.961297988891602,5.96274209022522,5.96274209022522,False,,True,Operator marked the resolved target as wrong; no robot grasp was executed.,,fork,target_resolution_failure,target_selection_wrong_or_unresolved_grasp_skipped
online_trial_20260523_212829_584ca2,main_02,online_main,154,services/a6000_web/artifacts/online_experiments/main_02/trials/online_trial_20260523_212829_584ca2.json,1779539321.7825053,1779539325.090893,scene_12,utensil_only,scene_12,utensil_only,,Pick up the center fork.,partial,top_score,,,1,cand_001,finished,finished,wrong,wrong,True,False,True,False,False,False,False,True,False,False,True,skipped_wrong_target,skipped_wrong_target,False,False,False,0.0,False,3.3023576736450195,3.3023576736450195,3.308387756347656,3.308387756347656,False,,True,Operator marked the resolved target as wrong; no robot grasp was executed.,,fork,target_resolution_failure,target_selection_wrong_or_unresolved_grasp_skipped
online_trial_20260523_212849_aa5b20,main_02,online_main,155,services/a6000_web/artifacts/online_experiments/main_02/trials/online_trial_20260523_212849_aa5b20.json,1779539340.4640515,1779539347.8494067,scene_12,utensil_only,scene_12,utensil_only,,Pick up the center fork.,partial,vlm_best_question,,,1,cand_001,finished,finished,wrong,wrong,True,False,True,False,False,False,False,True,False,False,True,skipped_wrong_target,skipped_wrong_target,False,False,False,0.0,False,7.3793628215789795,7.3793628215789795,7.385355234146118,7.385355234146118,False,,True,Operator marked the resolved target as wrong; no robot grasp was executed.,,fork,target_resolution_failure,target_selection_wrong_or_unresolved_grasp_skipped
online_trial_20260523_212911_3edceb,main_02,online_main,156,services/a6000_web/artifacts/online_experiments/main_02/trials/online_trial_20260523_212911_3edceb.json,1779539363.3967855,1779539365.6902215,scene_12,utensil_only,scene_12,utensil_only,,Pick up the center fork.,partial,proposed_efe,,,1,cand_001,finished,finished,wrong,wrong,True,False,True,False,False,False,False,True,False,False,True,skipped_wrong_target,skipped_wrong_target,False,False,False,0.0,False,2.2876527309417725,2.2876527309417725,2.29343581199646,2.29343581199646,False,,True,Operator marked the resolved target as wrong; no robot grasp was executed.,,fork,target_resolution_failure,target_selection_wrong_or_unresolved_grasp_skipped
online_trial_20260523_212936_781b5c,main_02,online_main,157,services/a6000_web/artifacts/online_experiments/main_02/trials/online_trial_20260523_212936_781b5c.json,1779539388.162272,1779539430.4846551,scene_12,utensil_only,scene_12,utensil_only,,Pick up the red fork.,clear,proposed_efe,cand_001,1.0,1,cand_001,finished,finished,correct,correct,True,True,False,True,True,True,False,False,True,True,False,correct,correct,True,True,True,0.0,False,3.3506221771240234,3.3506221771240234,42.3223831653595,42.3223831653595,False,,True,,,fork,none,none
online_trial_20260523_213043_d27bf0,main_02,online_main,158,services/a6000_web/artifacts/online_experiments/main_02/trials/online_trial_20260523_213043_d27bf0.json,1779539455.1024108,1779539496.6680794,scene_12,utensil_only,scene_12,utensil_only,,Pick up the blue fork.,clear,vlm_best_question,cand_001,1.0,1,cand_001,finished,finished,correct,correct,True,True,False,True,True,True,False,False,True,True,False,correct,correct,True,True,True,0.0,False,3.576174020767212,3.576174020767212,41.56566858291626,41.56566858291626,False,,True,,,fork,none,none
online_trial_20260523_213153_684a8c,main_02,online_main,159,services/a6000_web/artifacts/online_experiments/main_02/trials/online_trial_20260523_213153_684a8c.json,1779539525.4857988,1779539570.1469796,scene_12,utensil_only,scene_12,utensil_only,,Pick up the green fork.,clear,top_score,cand_001,1.0,1,cand_001,finished,finished,correct,correct,True,True,False,True,True,True,False,False,True,True,False,correct,correct,True,True,True,0.0,False,6.117684841156006,6.117684841156006,44.6611807346344,44.6611807346344,False,,True,,,fork,none,none
online_trial_20260523_213303_1cb094,main_02,online_main,160,services/a6000_web/artifacts/online_experiments/main_02/trials/online_trial_20260523_213303_1cb094.json,1779539596.6247742,1779539648.189282,scene_12,utensil_only,scene_12,utensil_only,,Pick up the yellow fork.,clear,random_candidate,cand_001,1.0,1,cand_001,finished,finished,correct,correct,True,True,False,True,True,True,False,False,True,True,False,correct,correct,True,True,True,0.0,False,5.071137428283691,5.071137428283691,51.56450772285461,51.56450772285461,False,,True,,,fork,none,none
online_trial_20260523_213613_187641,main_02,online_main,161,services/a6000_web/artifacts/online_experiments/main_02/trials/online_trial_20260523_213613_187641.json,1779539785.1638794,1779539824.4381256,scene_13,utensil_only,scene_13,utensil_only,,Pick up the blue spoon.,clear,random_candidate,cand_001,1.0,1,cand_001,finished,finished,correct,correct,True,True,False,True,False,False,False,False,False,False,False,grasp_failed,grasp_failed,True,False,False,0.0,False,4.84349799156189,4.84349799156189,39.27424621582031,39.27424621582031,False,,True,,,spoon,grasp_execution_failure,selected_correct_target_but_physical_grasp_failed
online_trial_20260523_213716_990b27,main_02,online_main,162,services/a6000_web/artifacts/online_experiments/main_02/trials/online_trial_20260523_213716_990b27.json,1779539847.7250662,1779539899.969215,scene_13,utensil_only,scene_13,utensil_only,,Pick up the pink spoon.,clear,top_score,cand_001,1.0,1,cand_001,finished,finished,correct,correct,True,True,False,True,True,True,False,False,True,True,False,correct,correct,True,True,True,0.0,False,4.170258283615112,4.170258283615112,52.24414849281311,52.24414849281311,False,,True,,,spoon,none,none
online_trial_20260523_213832_baf679,main_02,online_main,163,services/a6000_web/artifacts/online_experiments/main_02/trials/online_trial_20260523_213832_baf679.json,1779539926.094941,1779539963.3758972,scene_13,utensil_only,scene_13,utensil_only,,Pick up the orange spoon.,clear,vlm_best_question,cand_001,1.0,1,cand_001,finished,finished,correct,correct,True,True,False,True,False,False,False,False,False,False,False,grasp_failed,grasp_failed,True,False,False,0.0,False,4.918911695480347,4.918911695480347,37.280956506729126,37.280956506729126,False,,True,,,spoon,grasp_execution_failure,selected_correct_target_but_physical_grasp_failed
online_trial_20260523_213935_229722,main_02,online_main,164,services/a6000_web/artifacts/online_experiments/main_02/trials/online_trial_20260523_213935_229722.json,1779539987.444557,1779540046.3902576,scene_13,utensil_only,scene_13,utensil_only,,Pick up the green spoon.,clear,proposed_efe,cand_001,1.0,1,cand_001,finished,finished,correct,correct,True,True,False,True,True,True,False,False,True,True,False,correct,correct,True,True,True,0.0,False,13.15614366531372,13.15614366531372,58.94570064544678,58.94570064544678,False,,True,,,spoon,none,none
online_trial_20260523_214114_ba8802,main_02,online_main,165,services/a6000_web/artifacts/online_experiments/main_02/trials/online_trial_20260523_214114_ba8802.json,1779540086.0367649,1779540135.2595065,scene_13,utensil_only,scene_13,utensil_only,,Pick up the center spoon.,partial,proposed_efe,cand_001,1.0,1,cand_001,finished,finished,correct,correct,True,True,False,True,True,True,False,False,True,True,False,correct,correct,True,True,True,0.0,False,4.006880044937134,4.006880044937134,49.22274160385132,49.22274160385132,False,,True,,,spoon,none,none
online_trial_20260523_214220_51b286,main_02,online_main,166,services/a6000_web/artifacts/online_experiments/main_02/trials/online_trial_20260523_214220_51b286.json,1779540152.138917,1779540193.1402535,scene_13,utensil_only,scene_13,utensil_only,,Pick up the center spoon.,partial,vlm_best_question,cand_001,1.0,1,cand_001,finished,finished,correct,correct,True,True,False,True,True,True,False,False,True,True,False,correct,correct,True,True,True,0.0,False,4.391602993011475,4.391602993011475,41.00133657455444,41.00133657455444,False,,True,,,spoon,none,none
online_trial_20260523_214336_510487,main_02,online_main,167,services/a6000_web/artifacts/online_experiments/main_02/trials/online_trial_20260523_214336_510487.json,1779540235.582996,1779540295.120706,scene_13,utensil_only,scene_13,utensil_only,,Pick up the right spoon.,partial,top_score,cand_001,1.0,1,cand_001,finished,finished,correct,correct,True,True,False,True,True,True,False,False,True,True,False,correct,correct,True,True,True,0.0,False,17.94375467300415,17.94375467300415,59.53770995140076,59.53770995140076,False,,True,,,spoon,none,none
online_trial_20260523_214507_f37685,main_02,online_main,169,services/a6000_web/artifacts/online_experiments/main_02/trials/online_trial_20260523_214507_f37685.json,1779540318.8207762,1779540361.766546,scene_13,utensil_only,scene_13,utensil_only,,Pick up the right spoon.,partial,random_candidate,cand_001,1.0,2,cand_001,finished,finished,correct,correct,True,True,False,True,False,False,False,False,False,False,False,grasp_failed,grasp_failed,True,False,False,0.0,False,4.684667110443115,4.684667110443115,42.94576978683472,42.94576978683472,False,,True,,,spoon,grasp_execution_failure,selected_correct_target_but_physical_grasp_failed
online_trial_20260523_214620_ebf6cf,main_02,online_main,170,services/a6000_web/artifacts/online_experiments/main_02/trials/online_trial_20260523_214620_ebf6cf.json,1779540407.5262537,1779540414.4534163,scene_13,utensil_only,scene_13,utensil_only,,Pick up my spoon.,ambiguous,random_candidate,,,4,cand_003,finished,finished,wrong,wrong,True,False,True,False,False,False,False,True,False,False,True,skipped_wrong_target,skipped_wrong_target,False,False,False,0.0,False,6.921046495437622,6.921046495437622,6.9271628856658936,6.9271628856658936,False,,True,Operator marked the resolved target as wrong; no robot grasp was executed.,,spoon,target_resolution_failure,target_selection_wrong_or_unresolved_grasp_skipped
online_trial_20260523_214659_e9cd29,main_02,online_main,171,services/a6000_web/artifacts/online_experiments/main_02/trials/online_trial_20260523_214659_e9cd29.json,1779540431.2071865,1779540436.4067454,scene_13,utensil_only,scene_13,utensil_only,,Pick up my spoon.,ambiguous,top_score,,,4,cand_001,finished,finished,wrong,wrong,True,False,True,False,False,False,False,True,False,False,True,skipped_wrong_target,skipped_wrong_target,False,False,False,0.0,False,5.1963791847229,5.1963791847229,5.199558973312378,5.199558973312378,False,,True,Operator marked the resolved target as wrong; no robot grasp was executed.,,spoon,target_resolution_failure,target_selection_wrong_or_unresolved_grasp_skipped
online_trial_20260523_214728_7a3fea,main_02,online_main,172,services/a6000_web/artifacts/online_experiments/main_02/trials/online_trial_20260523_214728_7a3fea.json,1779540460.065565,1779540564.5164948,scene_13,utensil_only,scene_13,utensil_only,,Pick up my spoon.,ambiguous,vlm_best_question,cand_002,2.0,4,cand_002,finished,finished,correct,correct,True,True,False,True,True,True,False,False,True,True,False,correct,correct,True,True,True,2.0,True,66.9631896018982,66.9631896018982,104.45092964172365,104.45092964172365,False,,True,,,spoon,none,none
online_trial_20260523_214947_ae68e0,main_02,online_main,173,services/a6000_web/artifacts/online_experiments/main_02/trials/online_trial_20260523_214947_ae68e0.json,1779540598.6861312,1779540652.9375784,scene_13,utensil_only,scene_13,utensil_only,,Pick up my spoon.,ambiguous,proposed_efe,cand_002,2.0,4,cand_002,finished,finished,correct,correct,True,True,False,True,True,True,False,False,True,True,False,correct,correct,True,True,True,2.0,True,12.930490016937256,12.930490016937256,54.25144720077515,54.25144720077515,False,,True,,,spoon,none,none
online_trial_20260523_215338_7d2435,main_02,online_main,174,services/a6000_web/artifacts/online_experiments/main_02/trials/online_trial_20260523_215338_7d2435.json,1779540829.571478,,scene_14,utensil_only,scene_14,utensil_only,,Pick up my spoon.,ambiguous,proposed_efe,cand_001,1.0,3,cand_001,executed,executed,correct,correct,True,True,False,True,True,True,False,False,True,True,False,correct,,True,,,2.0,True,20.110901594161987,20.110901594161987,,20.110901594161987,True,target_confirmed_correct_but_grasp_feedback_missing_counted_success,True,,,spoon,none,none
online_trial_20260523_215452_659839,main_02,online_main,175,services/a6000_web/artifacts/online_experiments/main_02/trials/online_trial_20260523_215452_659839.json,1779540905.086868,1779540965.1939807,scene_14,utensil_only,scene_14,utensil_only,,Pick up my spoon.,ambiguous,vlm_best_question,cand_003,3.0,3,cand_003,finished,finished,correct,correct,True,True,False,True,True,True,False,False,True,True,False,correct,correct,True,True,True,2.0,True,18.43044686317444,18.43044686317444,60.107112646102905,60.107112646102905,False,,True,,,spoon,none,none
online_trial_20260523_215636_b18713,main_02,online_main,176,services/a6000_web/artifacts/online_experiments/main_02/trials/online_trial_20260523_215636_b18713.json,1779541007.7745829,1779541039.9257898,scene_14,utensil_only,scene_14,utensil_only,,Pick up my fork.,ambiguous,top_score,,,2,cand_001,finished,finished,wrong,wrong,True,False,True,False,False,False,False,True,False,False,True,skipped_wrong_target,skipped_wrong_target,False,False,False,0.0,False,32.14508605003357,32.14508605003357,32.151206970214844,32.151206970214844,False,,True,Operator marked the resolved target as wrong; no robot grasp was executed.,,fork,target_resolution_failure,target_selection_wrong_or_unresolved_grasp_skipped
online_trial_20260523_215727_5f0aef,main_02,online_main,177,services/a6000_web/artifacts/online_experiments/main_02/trials/online_trial_20260523_215727_5f0aef.json,1779541075.165378,1779541081.1436603,scene_14,utensil_only,scene_14,utensil_only,,Pick up my fork.,ambiguous,random_candidate,,,2,cand_001,finished,finished,wrong,wrong,True,False,True,False,False,False,False,True,False,False,True,skipped_wrong_target,skipped_wrong_target,False,False,False,0.0,False,5.971976041793823,5.971976041793823,5.978282451629639,5.978282451629639,False,,True,Operator marked the resolved target as wrong; no robot grasp was executed.,,fork,target_resolution_failure,target_selection_wrong_or_unresolved_grasp_skipped
online_trial_20260523_215818_6a25df,main_02,online_main,178,services/a6000_web/artifacts/online_experiments/main_02/trials/online_trial_20260523_215818_6a25df.json,1779541110.603849,1779541121.446313,scene_14,utensil_only,scene_14,utensil_only,,Pick up the red fork.,partial,random_candidate,,,1,cand_001,finished,finished,wrong,wrong,True,False,True,False,False,False,False,True,False,False,True,skipped_wrong_target,skipped_wrong_target,False,False,False,0.0,False,10.8364896774292,10.8364896774292,10.842463731765749,10.842463731765749,False,,True,Operator marked the resolved target as wrong; no robot grasp was executed.,,fork,target_resolution_failure,target_selection_wrong_or_unresolved_grasp_skipped
online_trial_20260523_220004_3bda3a,main_02,online_main,180,services/a6000_web/artifacts/online_experiments/main_02/trials/online_trial_20260523_220004_3bda3a.json,1779541223.7865014,1779541257.718886,scene_14,utensil_only,scene_14,utensil_only,,Pick up the blue fork.,partial,top_score,cand_001,1.0,1,cand_001,finished,finished,correct,correct,True,True,False,True,False,False,False,False,False,False,False,grasp_failed,grasp_failed,True,False,False,0.0,False,4.489549398422241,4.489549398422241,33.9323844909668,33.9323844909668,False,,True,,,fork,grasp_execution_failure,selected_correct_target_but_physical_grasp_failed
online_trial_20260523_220107_83ccf8,main_02,online_main,181,services/a6000_web/artifacts/online_experiments/main_02/trials/online_trial_20260523_220107_83ccf8.json,1779541278.8560746,1779541353.4010477,scene_14,utensil_only,scene_14,utensil_only,,Pick up the blue spoon.,partial,vlm_best_question,cand_001,1.0,1,cand_001,finished,finished,correct,correct,True,True,False,True,True,True,False,False,True,True,False,correct,correct,True,True,True,0.0,False,31.67587161064148,31.67587161064148,74.5449731349945,74.5449731349945,False,,True,,,spoon,none,none
online_trial_20260523_220252_f0626a,main_02,online_main,182,services/a6000_web/artifacts/online_experiments/main_02/trials/online_trial_20260523_220252_f0626a.json,1779541384.146232,1779541433.5549445,scene_14,utensil_only,scene_14,utensil_only,,Pick up the blue spoon.,partial,proposed_efe,cand_001,1.0,1,cand_001,finished,finished,correct,correct,True,True,False,True,True,True,False,False,True,True,False,correct,correct,True,True,True,0.0,False,12.529239416122437,12.529239416122437,49.40871214866638,49.40871214866638,False,,True,,,spoon,none,none
online_trial_20260523_220403_e2eed7,main_02,online_main,183,services/a6000_web/artifacts/online_experiments/main_02/trials/online_trial_20260523_220403_e2eed7.json,1779541455.4456053,1779541496.8233702,scene_14,utensil_only,scene_14,utensil_only,,Pick up the blue fork.,clear,proposed_efe,cand_001,1.0,1,cand_001,finished,finished,correct,correct,True,True,False,True,True,True,False,False,True,True,False,correct,correct,True,True,True,0.0,False,3.825226068496704,3.825226068496704,41.37776494026184,41.37776494026184,False,,True,,,fork,none,none
online_trial_20260523_220505_0e696a,main_02,online_main,184,services/a6000_web/artifacts/online_experiments/main_02/trials/online_trial_20260523_220505_0e696a.json,1779541517.537881,1779541566.098909,scene_14,utensil_only,scene_14,utensil_only,,Pick up the blue fork.,clear,vlm_best_question,cand_001,1.0,1,cand_001,finished,finished,correct,correct,True,True,False,True,True,True,False,False,True,True,False,correct,correct,True,True,True,0.0,False,4.21146035194397,4.21146035194397,48.56102776527405,48.56102776527405,False,,True,,,fork,none,none
online_trial_20260523_220609_76b224,main_02,online_main,185,services/a6000_web/artifacts/online_experiments/main_02/trials/online_trial_20260523_220609_76b224.json,1779541580.8460402,1779541618.731872,scene_14,utensil_only,scene_14,utensil_only,,Pick up the blue fork.,clear,top_score,cand_001,1.0,1,cand_001,finished,finished,correct,correct,True,True,False,True,False,False,False,False,False,False,False,grasp_failed,grasp_failed,True,False,False,0.0,False,3.156630516052246,3.156630516052246,37.88583183288574,37.88583183288574,False,,True,,,fork,grasp_execution_failure,selected_correct_target_but_physical_grasp_failed
online_trial_20260523_220711_1e39aa,main_02,online_main,186,services/a6000_web/artifacts/online_experiments/main_02/trials/online_trial_20260523_220711_1e39aa.json,1779541644.024583,1779541684.9936152,scene_14,utensil_only,scene_14,utensil_only,,Pick up the blue fork.,clear,random_candidate,cand_001,1.0,1,cand_001,finished,finished,correct,correct,True,True,False,True,True,True,False,False,True,True,False,correct,correct,True,True,True,0.0,False,10.402769565582275,10.402769565582275,40.9690318107605,40.9690318107605,False,,True,,,fork,none,none
online_trial_20260527_183913_a79c98,main_02,online_main,187,services/a6000_web/artifacts/online_experiments/main_02/trials/online_trial_20260527_183913_a79c98.json,1779874765.8787277,1779874812.5251231,scene_16,mixed,scene_16,mixed,,Picky up the blue cup.,clear,proposed_efe,cand_001,1.0,1,cand_001,finished,finished,correct,correct,True,True,False,True,True,True,False,False,True,True,False,correct,correct,True,True,True,0.0,False,5.807715177536011,5.807715177536011,46.64639544487,46.64639544487,False,,True,,,cup,none,none
online_trial_20260527_184042_fd9a14,main_02,online_main,188,services/a6000_web/artifacts/online_experiments/main_02/trials/online_trial_20260527_184042_fd9a14.json,1779874855.8089523,1779874905.7701592,scene_16,mixed,scene_16,mixed,,Picky up the red cup.,clear,vlm_best_question,cand_001,1.0,1,cand_001,finished,finished,correct,correct,True,True,False,True,True,True,False,False,True,True,False,correct,correct,True,True,True,0.0,False,4.934249877929688,4.934249877929688,49.96120691299439,49.96120691299439,False,,True,,,cup,none,none
online_trial_20260527_184207_cdc237,main_02,online_main,189,services/a6000_web/artifacts/online_experiments/main_02/trials/online_trial_20260527_184207_cdc237.json,1779874940.5580378,,scene_16,mixed,scene_16,mixed,,Picky up the red bottle.,clear,top_score,cand_001,1.0,1,cand_001,executed,executed,correct,correct,True,True,False,True,True,True,False,False,True,True,False,correct,,True,,,0.0,False,5.080413579940796,5.080413579940796,,5.080413579940796,True,target_confirmed_correct_but_grasp_feedback_missing_counted_success,True,,,bottle,none,none
online_trial_20260527_184735_617387,main_02,online_main,194,services/a6000_web/artifacts/online_experiments/main_02/trials/online_trial_20260527_184735_617387.json,1779875267.4961789,1779875396.5452335,scene_16,mixed,scene_16,mixed,,Pick up the green cup.,partial,vlm_best_question,cand_002,2.0,2,cand_002,finished,finished,correct,correct,True,True,False,True,True,True,False,False,True,True,False,correct,correct,True,True,True,1.0,True,79.52822184562683,79.52822184562683,129.04905462265015,129.04905462265015,False,,True,,,cup,none,none
online_trial_20260527_185026_74e919,main_02,online_main,195,services/a6000_web/artifacts/online_experiments/main_02/trials/online_trial_20260527_185026_74e919.json,1779875439.6644435,1779875523.4216464,scene_16,mixed,scene_16,mixed,,Pick up the green cup.,partial,proposed_efe,cand_001,1.0,1,cand_001,finished,finished,correct,correct,True,True,False,True,True,True,False,False,True,True,False,correct,correct,True,True,True,0.0,False,40.11419582366944,40.11419582366944,83.75720286369324,83.75720286369324,False,,True,,,cup,none,none
online_trial_20260527_185219_f1f11a,main_02,online_main,196,services/a6000_web/artifacts/online_experiments/main_02/trials/online_trial_20260527_185219_f1f11a.json,1779875551.6460276,1779875687.0996642,scene_16,mixed,scene_16,mixed,,Pick up my cup.,ambiguous,proposed_efe,cand_004,4.0,4,cand_004,finished,finished,correct,correct,True,True,False,True,True,True,False,False,True,True,False,correct,correct,True,True,True,2.0,True,77.84299612045288,77.84299612045288,135.45363664627075,135.45363664627075,False,,True,,,cup,none,none
online_trial_20260527_185606_3661e9,main_02,online_main,197,services/a6000_web/artifacts/online_experiments/main_02/trials/online_trial_20260527_185606_3661e9.json,1779875778.493529,1779875991.584417,scene_16,mixed,scene_16,mixed,,Pick up my cup.,ambiguous,vlm_best_question,cand_002,2.0,4,cand_002,finished,finished,correct,correct,True,True,False,True,True,True,False,False,True,True,False,correct,correct,True,True,True,3.0,True,180.89537596702576,180.89537596702576,213.0908880233765,213.0908880233765,False,,True,,,cup,none,none
online_trial_20260527_190010_2cb980,main_02,online_main,198,services/a6000_web/artifacts/online_experiments/main_02/trials/online_trial_20260527_190010_2cb980.json,1779876022.9433053,1779876031.1158197,scene_16,mixed,scene_16,mixed,,Pick up my cup.,ambiguous,top_score,,,4,cand_001,finished,finished,wrong,wrong,True,False,True,False,False,False,False,True,False,False,True,skipped_wrong_target,skipped_wrong_target,False,False,False,0.0,False,8.169829607009888,8.169829607009888,8.172514200210571,8.172514200210571,False,,True,Operator marked the resolved target as wrong; no robot grasp was executed.,,cup,target_resolution_failure,target_selection_wrong_or_unresolved_grasp_skipped
online_trial_20260527_190045_4a4d83,main_02,online_main,199,services/a6000_web/artifacts/online_experiments/main_02/trials/online_trial_20260527_190045_4a4d83.json,1779876057.537465,1779876109.126801,scene_16,mixed,scene_16,mixed,,Pick up my cup.,ambiguous,random_candidate,,,4,cand_003,finished,finished,wrong,wrong,True,False,True,False,False,False,False,True,False,False,True,skipped_wrong_target,skipped_wrong_target,False,False,False,0.0,False,51.58785319328308,51.58785319328308,51.589335918426514,51.589335918426514,False,,True,Operator marked the resolved target as wrong; no robot grasp was executed.,,cup,target_resolution_failure,target_selection_wrong_or_unresolved_grasp_skipped
online_trial_20260527_190323_c17b8a,main_02,online_main,200,services/a6000_web/artifacts/online_experiments/main_02/trials/online_trial_20260527_190323_c17b8a.json,1779876215.4882352,1779876286.4217527,scene_17,mixed,scene_17,mixed,,Pick up my cup.,ambiguous,random_candidate,cand_003,3.0,4,cand_003,finished,finished,correct,correct,True,True,False,True,True,True,False,False,True,True,False,correct,correct,True,True,True,0.0,False,27.712329387664795,27.712329387664795,70.93351745605469,70.93351745605469,False,,True,,,cup,none,none
online_trial_20260527_190507_37b290,main_02,online_main,201,services/a6000_web/artifacts/online_experiments/main_02/trials/online_trial_20260527_190507_37b290.json,1779876319.341878,1779876353.114712,scene_17,mixed,scene_17,mixed,,Pick up my cup.,ambiguous,top_score,,,4,cand_001,finished,finished,wrong,wrong,True,False,True,False,False,False,False,True,False,False,True,skipped_wrong_target,skipped_wrong_target,False,False,False,0.0,False,33.76977062225342,33.76977062225342,33.772834062576294,33.772834062576294,False,,True,Operator marked the resolved target as wrong; no robot grasp was executed.,,cup,target_resolution_failure,target_selection_wrong_or_unresolved_grasp_skipped
online_trial_20260527_190604_63d769,main_02,online_main,202,services/a6000_web/artifacts/online_experiments/main_02/trials/online_trial_20260527_190604_63d769.json,1779876376.692882,1779876581.2798903,scene_17,mixed,scene_17,mixed,,Pick up my cup.,ambiguous,vlm_best_question,cand_004,4.0,4,cand_004,finished,finished,correct,correct,True,True,False,True,True,True,False,False,True,True,False,correct,correct,True,True,True,2.0,True,162.30887293815613,162.30887293815613,204.58700847625727,204.58700847625727,False,,True,,,cup,none,none
online_trial_20260527_191011_be57cb,main_02,online_main,203,services/a6000_web/artifacts/online_experiments/main_02/trials/online_trial_20260527_191011_be57cb.json,1779876623.7311506,1779876750.5241544,scene_17,mixed,scene_17,mixed,,Pick up my cup.,ambiguous,proposed_efe,cand_002,2.0,4,cand_002,finished,finished,correct,correct,True,True,False,True,True,True,False,False,True,True,False,correct,correct,True,True,True,2.0,True,84.58775186538696,84.58775186538696,126.79300379753111,126.79300379753111,False,,True,,,cup,none,none
online_trial_20260527_191317_965563,main_02,online_main,204,services/a6000_web/artifacts/online_experiments/main_02/trials/online_trial_20260527_191317_965563.json,1779876809.3872046,1779876895.5690503,scene_17,mixed,scene_17,mixed,,Pick up the green cup.,partial,proposed_efe,cand_001,1.0,1,cand_001,finished,finished,correct,correct,True,True,False,True,True,True,False,False,True,True,False,correct,correct,True,True,True,0.0,False,49.19660830497742,49.19660830497742,86.18184566497803,86.18184566497803,False,,True,,,cup,none,none
online_trial_20260527_191733_7f122e,main_02,online_main,206,services/a6000_web/artifacts/online_experiments/main_02/trials/online_trial_20260527_191733_7f122e.json,1779877065.5848718,1779877070.4583771,scene_17,mixed,scene_17,mixed,,Pick up the green cup.,partial,top_score,,,1,cand_001,finished,finished,wrong,wrong,True,False,True,False,False,False,False,True,False,False,True,skipped_wrong_target,skipped_wrong_target,False,False,False,0.0,False,4.870001554489136,4.870001554489136,4.873505353927612,4.873505353927612,False,,True,Operator marked the resolved target as wrong; no robot grasp was executed.,,cup,target_resolution_failure,target_selection_wrong_or_unresolved_grasp_skipped
online_trial_20260527_191756_6d355b,main_02,online_main,207,services/a6000_web/artifacts/online_experiments/main_02/trials/online_trial_20260527_191756_6d355b.json,1779877089.009294,1779877094.8494678,scene_17,mixed,scene_17,mixed,,Pick up the green cup.,partial,random_candidate,,,1,cand_001,finished,finished,wrong,wrong,True,False,True,False,False,False,False,True,False,False,True,skipped_wrong_target,skipped_wrong_target,False,False,False,0.0,False,5.838257551193237,5.838257551193237,5.840173721313477,5.840173721313477,False,,True,Operator marked the resolved target as wrong; no robot grasp was executed.,,cup,target_resolution_failure,target_selection_wrong_or_unresolved_grasp_skipped
online_trial_20260527_191828_d84ac6,main_02,online_main,208,services/a6000_web/artifacts/online_experiments/main_02/trials/online_trial_20260527_191828_d84ac6.json,1779877121.504827,1779877195.752896,scene_17,mixed,scene_17,mixed,,Pick up the red bottle.,clear,random_candidate,cand_001,1.0,1,cand_001,finished,finished,correct,correct,True,True,False,True,True,True,False,False,True,True,False,correct,correct,True,True,True,0.0,False,4.9741199016571045,4.9741199016571045,74.24806904792786,74.24806904792786,False,,True,,,bottle,none,none
online_trial_20260527_192009_1d2368,main_02,online_main,209,services/a6000_web/artifacts/online_experiments/main_02/trials/online_trial_20260527_192009_1d2368.json,1779877222.5048847,1779877283.6928625,scene_17,mixed,scene_17,mixed,,Pick up the green bottle.,clear,top_score,cand_001,1.0,1,cand_001,finished,finished,correct,correct,True,True,False,True,True,True,False,False,True,True,False,correct,correct,True,True,True,0.0,False,9.707786560058594,9.707786560058594,61.18797755241394,61.18797755241394,False,,True,,,bottle,none,none
online_trial_20260527_192140_1fee39,main_02,online_main,210,services/a6000_web/artifacts/online_experiments/main_02/trials/online_trial_20260527_192140_1fee39.json,1779877313.2194538,1779877426.0143802,scene_17,mixed,scene_17,mixed,,Pick up the green bottle.,clear,vlm_best_question,cand_001,1.0,1,cand_001,finished,finished,correct,correct,True,True,False,True,True,True,False,False,True,True,False,correct,correct,True,True,True,0.0,False,67.58179783821106,67.58179783821106,112.794926404953,112.794926404953,False,,True,,,bottle,none,none
online_trial_20260527_192356_51bbf2,main_02,online_main,211,services/a6000_web/artifacts/online_experiments/main_02/trials/online_trial_20260527_192356_51bbf2.json,1779877448.4243984,1779877516.218153,scene_17,mixed,scene_17,mixed,,Pick up the green bottle.,clear,proposed_efe,cand_001,1.0,1,cand_001,finished,finished,correct,correct,True,True,False,True,True,True,False,False,True,True,False,correct,correct,True,True,True,0.0,False,24.49803137779236,24.49803137779236,67.79375457763672,67.79375457763672,False,,True,,,bottle,none,none
online_trial_20260527_192903_7e641a,main_02,online_main,212,services/a6000_web/artifacts/online_experiments/main_02/trials/online_trial_20260527_192903_7e641a.json,1779877755.183213,1779877860.854806,scene_18,mixed,scene_18,mixed,,Pick up the green bottle.,clear,proposed_efe,cand_001,1.0,1,cand_001,finished,finished,correct,correct,True,True,False,True,True,True,False,False,True,True,False,correct,correct,True,True,True,0.0,False,4.822444438934326,4.822444438934326,105.67159295082092,105.67159295082092,False,,True,,,bottle,none,none
online_trial_20260527_193125_fd2f37,main_02,online_main,213,services/a6000_web/artifacts/online_experiments/main_02/trials/online_trial_20260527_193125_fd2f37.json,1779877897.9366815,1779877974.6223695,scene_18,mixed,scene_18,mixed,,Pick up the green cup.,clear,vlm_best_question,cand_001,1.0,1,cand_001,finished,finished,correct,correct,True,True,False,True,True,True,False,False,True,True,False,correct,correct,True,True,True,0.0,False,9.19112753868103,9.19112753868103,76.68568778038025,76.68568778038025,False,,True,,,cup,none,none
online_trial_20260527_193307_b56497,main_02,online_main,214,services/a6000_web/artifacts/online_experiments/main_02/trials/online_trial_20260527_193307_b56497.json,1779878007.768303,1779878083.291195,scene_18,mixed,scene_18,mixed,,Pick up the blue cup.,clear,top_score,cand_001,1.0,1,cand_001,finished,finished,correct,correct,True,True,False,True,True,True,False,False,True,True,False,correct,correct,True,True,True,0.0,False,5.824586391448975,5.824586391448975,75.52289199829102,75.52289199829102,False,,True,,,cup,none,none
online_trial_20260527_193510_17764c,main_02,online_main,215,services/a6000_web/artifacts/online_experiments/main_02/trials/online_trial_20260527_193510_17764c.json,1779878122.2221768,1779878188.8591645,scene_18,mixed,scene_18,mixed,,Pick up the red bottle.,clear,random_candidate,cand_001,1.0,1,cand_001,finished,finished,correct,correct,True,True,False,True,True,True,False,False,True,True,False,correct,correct,True,True,True,0.0,False,5.275455951690674,5.275455951690674,66.63698768615723,66.63698768615723,False,,True,,,bottle,none,none
online_trial_20260527_193703_8838ee,main_02,online_main,216,services/a6000_web/artifacts/online_experiments/main_02/trials/online_trial_20260527_193703_8838ee.json,1779878235.7912142,1779878293.624703,scene_18,mixed,scene_18,mixed,,Pick up the red spoon.,partial,random_candidate,cand_001,1.0,1,cand_001,finished,finished,correct,correct,True,True,False,True,True,True,False,False,True,True,False,correct,correct,True,True,True,0.0,False,16.133341550827026,16.133341550827026,57.83348870277405,57.83348870277405,False,,True,,,spoon,none,none
online_trial_20260527_193916_508a53,main_02,online_main,217,services/a6000_web/artifacts/online_experiments/main_02/trials/online_trial_20260527_193916_508a53.json,1779878368.73076,1779878413.2331686,scene_18,mixed,scene_18,mixed,,Pick up the red spoon.,partial,top_score,cand_001,1.0,1,cand_001,finished,finished,correct,correct,True,True,False,True,True,True,False,False,True,True,False,correct,correct,True,True,True,0.0,False,4.701182126998901,4.701182126998901,44.50240874290466,44.50240874290466,False,,True,,,spoon,none,none
online_trial_20260527_194026_b3b45a,main_02,online_main,218,services/a6000_web/artifacts/online_experiments/main_02/trials/online_trial_20260527_194026_b3b45a.json,1779878438.015197,1779878529.08983,scene_18,mixed,scene_18,mixed,,Pick up the red spoon.,partial,vlm_best_question,cand_001,1.0,1,cand_001,finished,finished,correct,correct,True,True,False,True,True,True,False,False,True,True,False,correct,correct,True,True,True,0.0,False,46.03948259353638,46.03948259353638,91.0746328830719,91.0746328830719,False,,True,,,spoon,none,none
online_trial_20260527_194232_c0f05b,main_02,online_main,219,services/a6000_web/artifacts/online_experiments/main_02/trials/online_trial_20260527_194232_c0f05b.json,1779878563.7746742,1779878648.1177578,scene_18,mixed,scene_18,mixed,,Pick up the red spoon.,partial,proposed_efe,cand_001,1.0,1,cand_001,finished,finished,correct,correct,True,True,False,True,True,True,False,False,True,True,False,correct,correct,True,True,True,0.0,False,16.047144412994385,16.047144412994385,84.34308362007141,84.34308362007141,False,,True,,,spoon,none,none
online_trial_20260527_194422_6151c1,main_02,online_main,220,services/a6000_web/artifacts/online_experiments/main_02/trials/online_trial_20260527_194422_6151c1.json,1779878675.2119312,1779878773.5989122,scene_18,mixed,scene_18,mixed,,Pick up my fork.,ambiguous,proposed_efe,cand_001,1.0,2,cand_001,finished,finished,correct,correct,True,True,False,True,True,True,False,False,True,True,False,correct,correct,True,True,True,1.0,True,52.047969818115234,52.047969818115234,98.386981010437,98.386981010437,False,,True,,,fork,none,none
online_trial_20260527_194642_712f64,main_02,online_main,221,services/a6000_web/artifacts/online_experiments/main_02/trials/online_trial_20260527_194642_712f64.json,1779878814.838941,1779878904.552466,scene_18,mixed,scene_18,mixed,,Pick up my fork.,ambiguous,vlm_best_question,cand_002,2.0,2,cand_002,finished,finished,correct,correct,True,True,False,True,False,False,False,False,False,False,False,grasp_failed,grasp_failed,True,False,False,1.0,True,49.58573389053345,49.58573389053345,89.71352481842041,89.71352481842041,False,,True,,,fork,grasp_execution_failure,selected_correct_target_but_physical_grasp_failed
online_trial_20260527_194836_5db3d7,main_02,online_main,222,services/a6000_web/artifacts/online_experiments/main_02/trials/online_trial_20260527_194836_5db3d7.json,1779878928.4989417,1779878948.7523043,scene_18,mixed,scene_18,mixed,,Pick up my fork.,ambiguous,top_score,,,3,cand_003,finished,finished,wrong,wrong,True,False,True,False,False,False,False,True,False,False,True,skipped_wrong_target,skipped_wrong_target,False,False,False,0.0,False,20.24899911880493,20.24899911880493,20.25336265563965,20.25336265563965,False,,True,Operator marked the resolved target as wrong; no robot grasp was executed.,,fork,target_resolution_failure,target_selection_wrong_or_unresolved_grasp_skipped
online_trial_20260527_195007_4925ed,main_02,online_main,223,services/a6000_web/artifacts/online_experiments/main_02/trials/online_trial_20260527_195007_4925ed.json,1779879020.3387232,1779879118.3504815,scene_18,mixed,scene_18,mixed,,Pick up my fork.,ambiguous,random_candidate,cand_002,2.0,3,cand_002,finished,finished,correct,correct,True,True,False,True,True,True,False,False,True,True,False,correct,correct,True,True,True,0.0,False,52.8670973777771,52.8670973777771,98.01175856590272,98.01175856590272,False,,True,,,fork,none,none
online_trial_20260527_195411_775f42,main_02,online_main,224,services/a6000_web/artifacts/online_experiments/main_02/trials/online_trial_20260527_195411_775f42.json,1779879263.0815864,1779879274.1523871,scene_19,mixed,scene_19,mixed,,Pick up my spoon.,ambiguous,random_candidate,,,2,cand_002,finished,finished,wrong,wrong,True,False,True,False,False,False,False,True,False,False,True,skipped_wrong_target,skipped_wrong_target,False,False,False,0.0,False,11.069318532943726,11.069318532943726,11.07080078125,11.07080078125,False,,True,Operator marked the resolved target as wrong; no robot grasp was executed.,,spoon,target_resolution_failure,target_selection_wrong_or_unresolved_grasp_skipped
online_trial_20260527_195445_ea21fa,main_02,online_main,225,services/a6000_web/artifacts/online_experiments/main_02/trials/online_trial_20260527_195445_ea21fa.json,1779879297.1387289,1779879362.1856265,scene_19,mixed,scene_19,mixed,,Pick up my spoon.,ambiguous,top_score,cand_001,1.0,3,cand_001,finished,finished,correct,correct,True,True,False,True,True,True,False,False,True,True,False,correct,correct,True,True,True,0.0,False,9.225635766983032,9.225635766983032,65.04689764976501,65.04689764976501,False,,True,,,spoon,none,none
online_trial_20260527_195641_da8c1e,main_02,online_main,227,services/a6000_web/artifacts/online_experiments/main_02/trials/online_trial_20260527_195641_da8c1e.json,1779879412.7250578,1779879559.8170247,scene_19,mixed,scene_19,mixed,,Pick up my spoon.,ambiguous,vlm_best_question,cand_003,3.0,3,cand_003,finished,finished,correct,correct,True,True,False,True,True,True,False,False,True,True,False,correct,correct,True,True,True,2.0,True,98.7440595626831,98.7440595626831,147.0919668674469,147.0919668674469,False,,True,,,spoon,none,none
online_trial_20260527_195930_a16f31,main_02,online_main,228,services/a6000_web/artifacts/online_experiments/main_02/trials/online_trial_20260527_195930_a16f31.json,1779879581.8422642,1779879666.7470503,scene_19,mixed,scene_19,mixed,,Pick up my spoon.,ambiguous,proposed_efe,cand_001,1.0,2,cand_001,finished,finished,correct,correct,True,True,False,True,True,True,False,False,True,True,False,correct,correct,True,True,True,1.0,True,42.16803669929504,42.16803669929504,84.90478610992432,84.90478610992432,False,,True,,,spoon,none,none
online_trial_20260527_200144_76fdf1,main_02,online_main,229,services/a6000_web/artifacts/online_experiments/main_02/trials/online_trial_20260527_200144_76fdf1.json,1779879745.2032118,1779879814.9282126,scene_19,mixed,scene_19,mixed,,Pick up the center bottle.,partial,proposed_efe,cand_001,1.0,1,cand_001,finished,finished,correct,correct,True,True,False,True,True,True,False,False,True,True,False,correct,correct,True,True,True,0.0,False,23.38838219642639,23.38838219642639,69.72500085830688,69.72500085830688,False,,True,,,bottle,none,none
online_trial_20260527_200352_ea688a,main_02,online_main,230,services/a6000_web/artifacts/online_experiments/main_02/trials/online_trial_20260527_200352_ea688a.json,1779879845.088583,1779879906.171271,scene_19,mixed,scene_19,mixed,,Pick up the center bottle.,partial,vlm_best_question,cand_001,1.0,1,cand_001,finished,finished,correct,correct,True,True,False,True,True,True,False,False,True,True,False,correct,correct,True,True,True,0.0,False,17.08027744293213,17.08027744293213,61.08268809318543,61.08268809318543,False,,True,,,bottle,none,none
online_trial_20260527_200544_181608,main_02,online_main,232,services/a6000_web/artifacts/online_experiments/main_02/trials/online_trial_20260527_200544_181608.json,1779879956.3903427,1779879966.1119623,scene_19,mixed,scene_19,mixed,,Pick up the right bottle.,partial,top_score,,,1,cand_001,finished,finished,wrong,wrong,True,False,True,False,False,False,False,True,False,False,True,skipped_wrong_target,skipped_wrong_target,False,False,False,0.0,False,9.71883463859558,9.71883463859558,9.721619606018066,9.721619606018066,False,,True,Operator marked the resolved target as wrong; no robot grasp was executed.,,bottle,target_resolution_failure,target_selection_wrong_or_unresolved_grasp_skipped
online_trial_20260527_200615_b08bbb,main_02,online_main,233,services/a6000_web/artifacts/online_experiments/main_02/trials/online_trial_20260527_200615_b08bbb.json,1779879987.5059044,1779880039.022262,scene_19,mixed,scene_19,mixed,,Pick up the right bottle.,partial,random_candidate,,,1,cand_001,finished,finished,wrong,wrong,True,False,True,False,False,False,False,True,False,False,True,skipped_wrong_target,skipped_wrong_target,False,False,False,0.0,False,51.51037096977234,51.51037096977234,51.51635766029358,51.51635766029358,False,,True,Operator marked the resolved target as wrong; no robot grasp was executed.,,bottle,target_resolution_failure,target_selection_wrong_or_unresolved_grasp_skipped
online_trial_20260527_200736_d38e45,main_02,online_main,234,services/a6000_web/artifacts/online_experiments/main_02/trials/online_trial_20260527_200736_d38e45.json,1779880070.1181798,1779880123.911904,scene_19,mixed,scene_19,mixed,,Pick up the red bottle.,clear,random_candidate,cand_001,1.0,1,cand_001,finished,finished,correct,correct,True,True,False,True,True,True,False,False,True,True,False,correct,correct,True,True,True,0.0,False,6.196388483047485,6.196388483047485,53.793724060058594,53.793724060058594,False,,True,,,bottle,none,none
online_trial_20260527_200908_1fffa4,main_02,online_main,235,services/a6000_web/artifacts/online_experiments/main_02/trials/online_trial_20260527_200908_1fffa4.json,1779880161.957595,1779880211.540761,scene_19,mixed,scene_19,mixed,,Pick up the green cup.,clear,top_score,cand_001,1.0,1,cand_001,finished,finished,correct,correct,True,True,False,True,True,True,False,False,True,True,False,correct,correct,True,True,True,0.0,False,4.565356492996216,4.565356492996216,49.58316588401794,49.58316588401794,False,,True,,,cup,none,none
online_trial_20260527_201351_ea2644,main_02,online_main,239,services/a6000_web/artifacts/online_experiments/main_02/trials/online_trial_20260527_201351_ea2644.json,1779880450.2051723,1779880541.1594567,scene_19,mixed,scene_19,mixed,,Pick up the blue fork.,clear,proposed_efe,cand_002,2.0,2,cand_002,finished,finished,correct,correct,True,True,False,True,False,False,False,False,False,False,False,grasp_failed,grasp_failed,True,False,False,1.0,True,57.96987843513489,57.96987843513489,90.9542841911316,90.9542841911316,False,,True,,,fork,grasp_execution_failure,selected_correct_target_but_physical_grasp_failed
online_trial_20260527_201614_ecf9dc,main_02,online_main,240,services/a6000_web/artifacts/online_experiments/main_02/trials/online_trial_20260527_201614_ecf9dc.json,1779880588.5053823,1779880674.8666751,scene_19,mixed,scene_19,mixed,,Pick up the blue spoon.,clear,vlm_best_question,cand_001,1.0,1,cand_001,finished,finished,correct,correct,True,True,False,True,True,True,False,False,True,True,False,correct,correct,True,True,True,0.0,False,27.01753330230713,27.01753330230713,86.36129260063171,86.36129260063171,False,,True,,,spoon,none,none
online_trial_20260527_201932_e8a8f5,main_02,online_main,242,services/a6000_web/artifacts/online_experiments/main_02/trials/online_trial_20260527_201932_e8a8f5.json,1779880784.2593205,1779880843.421315,scene_20,mixed,scene_20,mixed,,Pick up the green cup.,clear,random_candidate,cand_001,1.0,1,cand_001,finished,finished,correct,correct,True,True,False,True,True,True,False,False,True,True,False,correct,correct,True,True,True,0.0,False,6.553760051727295,6.553760051727295,59.16199445724487,59.16199445724487,False,,True,,,cup,none,none
online_trial_20260527_202103_4450e3,main_02,online_main,243,services/a6000_web/artifacts/online_experiments/main_02/trials/online_trial_20260527_202103_4450e3.json,1779880876.4884784,1779880883.8848095,scene_20,mixed,scene_20,mixed,,Pick up the blue fork.,partial,random_candidate,,,1,cand_001,finished,finished,wrong,wrong,True,False,True,False,False,False,False,True,False,False,True,skipped_wrong_target,skipped_wrong_target,False,False,False,0.0,False,7.393167734146118,7.393167734146118,7.396331310272217,7.396331310272217,False,,True,Operator marked the resolved target as wrong; no robot grasp was executed.,,fork,target_resolution_failure,target_selection_wrong_or_unresolved_grasp_skipped
online_trial_20260527_202131_7633a4,main_02,online_main,244,services/a6000_web/artifacts/online_experiments/main_02/trials/online_trial_20260527_202131_7633a4.json,1779880903.4509375,1779880909.9625332,scene_20,mixed,scene_20,mixed,,Pick up the blue fork.,partial,top_score,,,1,cand_001,finished,finished,wrong,wrong,True,False,True,False,False,False,False,True,False,False,True,skipped_wrong_target,skipped_wrong_target,False,False,False,0.0,False,6.510001659393311,6.510001659393311,6.5115954875946045,6.5115954875946045,False,,True,Operator marked the resolved target as wrong; no robot grasp was executed.,,fork,target_resolution_failure,target_selection_wrong_or_unresolved_grasp_skipped
online_trial_20260527_202208_a4056d,main_02,online_main,245,services/a6000_web/artifacts/online_experiments/main_02/trials/online_trial_20260527_202208_a4056d.json,1779880940.5809548,1779881010.7306733,scene_20,mixed,scene_20,mixed,,Pick up the right spoon.,partial,vlm_best_question,,,1,cand_001,finished,finished,wrong,wrong,True,False,True,False,False,False,False,True,False,False,True,skipped_wrong_target,skipped_wrong_target,False,False,False,0.0,False,70.1466634273529,70.1466634273529,70.14971852302551,70.14971852302551,False,,True,Operator marked the resolved target as wrong; no robot grasp was executed.,,spoon,target_resolution_failure,target_selection_wrong_or_unresolved_grasp_skipped
online_trial_20260527_202338_63a62a,main_02,online_main,246,services/a6000_web/artifacts/online_experiments/main_02/trials/online_trial_20260527_202338_63a62a.json,1779881037.304194,1779881062.2627077,scene_20,mixed,scene_20,mixed,,Pick up the right spoon.,partial,proposed_efe,,,1,cand_001,finished,finished,wrong,wrong,True,False,True,False,False,False,False,True,False,False,True,skipped_wrong_target,skipped_wrong_target,False,False,False,0.0,False,24.955549716949463,24.955549716949463,24.958513498306274,24.958513498306274,False,,True,Operator marked the resolved target as wrong; no robot grasp was executed.,,spoon,target_resolution_failure,target_selection_wrong_or_unresolved_grasp_skipped
online_trial_20260527_202941_54d567,main_02,online_main,249,services/a6000_web/artifacts/online_experiments/main_02/trials/online_trial_20260527_202941_54d567.json,1779881400.4200523,1779881595.2408006,scene_20,mixed,scene_20,mixed,,Pick up my spoon.,ambiguous,vlm_best_question,cand_004,4.0,4,cand_004,finished,finished,correct,correct,True,True,False,True,True,True,False,False,True,True,False,correct,correct,True,True,True,3.0,True,154.01985263824463,154.01985263824463,194.820748090744,194.820748090744,False,,True,,,spoon,none,none
online_trial_20260527_203331_a1230b,main_02,online_main,250,services/a6000_web/artifacts/online_experiments/main_02/trials/online_trial_20260527_203331_a1230b.json,1779881623.4194946,1779881632.153795,scene_20,mixed,scene_20,mixed,,Pick up my spoon.,ambiguous,top_score,,,4,cand_001,finished,finished,wrong,wrong,True,False,True,False,False,False,False,True,False,False,True,skipped_wrong_target,skipped_wrong_target,False,False,False,0.0,False,8.726234674453735,8.726234674453735,8.734300374984741,8.734300374984741,False,,True,Operator marked the resolved target as wrong; no robot grasp was executed.,,spoon,target_resolution_failure,target_selection_wrong_or_unresolved_grasp_skipped
online_trial_20260527_203411_921f52,main_02,online_main,251,services/a6000_web/artifacts/online_experiments/main_02/trials/online_trial_20260527_203411_921f52.json,1779881663.398596,1779881693.1336212,scene_20,mixed,scene_20,mixed,,Pick up my spoon.,ambiguous,random_candidate,,,4,cand_002,finished,finished,wrong,wrong,True,False,True,False,False,False,False,True,False,False,True,skipped_wrong_target,skipped_wrong_target,False,False,False,0.0,False,29.72885775566101,29.72885775566101,29.73502516746521,29.73502516746521,False,,True,Operator marked the resolved target as wrong; no robot grasp was executed.,,spoon,target_resolution_failure,target_selection_wrong_or_unresolved_grasp_skipped
online_trial_20260527_203730_a63ed2,main_02,online_main,252,services/a6000_web/artifacts/online_experiments/main_02/trials/online_trial_20260527_203730_a63ed2.json,1779881862.1863203,1779881871.5347705,scene_15,utensil_only,scene_15,utensil_only,,Pick up my spoon.,ambiguous,random_candidate,,,3,cand_003,finished,finished,wrong,wrong,True,False,True,False,False,False,False,True,False,False,True,skipped_wrong_target,skipped_wrong_target,False,False,False,0.0,False,9.345520257949827,9.345520257949827,9.348449945449827,9.348449945449827,False,,True,Operator marked the resolved target as wrong; no robot grasp was executed.,,spoon,target_resolution_failure,target_selection_wrong_or_unresolved_grasp_skipped
online_trial_20260527_203756_74f632,main_02,online_main,253,services/a6000_web/artifacts/online_experiments/main_02/trials/online_trial_20260527_203756_74f632.json,1779881888.296659,1779881894.3954809,scene_15,utensil_only,scene_15,utensil_only,,Pick up my spoon.,ambiguous,top_score,,,2,cand_001,finished,finished,wrong,wrong,True,False,True,False,False,False,False,True,False,False,True,skipped_wrong_target,skipped_wrong_target,False,False,False,0.0,False,6.095425844192505,6.095425844192505,6.098821878433228,6.098821878433228,False,,True,Operator marked the resolved target as wrong; no robot grasp was executed.,,spoon,target_resolution_failure,target_selection_wrong_or_unresolved_grasp_skipped
online_trial_20260527_203827_a59d62,main_02,online_main,254,services/a6000_web/artifacts/online_experiments/main_02/trials/online_trial_20260527_203827_a59d62.json,1779881918.765776,1779882011.78183,scene_15,utensil_only,scene_15,utensil_only,,Pick up my spoon.,ambiguous,vlm_best_question,cand_002,2.0,2,cand_002,finished,finished,correct,correct,True,True,False,True,True,True,False,False,True,True,False,correct,correct,True,True,True,1.0,True,49.41972517967224,49.41972517967224,93.01605415344238,93.01605415344238,False,,True,,,spoon,none,none
online_trial_20260527_204021_7c5962,main_02,online_main,255,services/a6000_web/artifacts/online_experiments/main_02/trials/online_trial_20260527_204021_7c5962.json,1779882032.8794355,1779882115.6440735,scene_15,utensil_only,scene_15,utensil_only,,Pick up my spoon.,ambiguous,proposed_efe,cand_001,1.0,2,cand_001,finished,finished,correct,correct,True,True,False,True,True,True,False,False,True,True,False,correct,correct,True,True,True,1.0,True,43.99383878707886,43.99383878707886,82.76463794708252,82.76463794708252,False,,True,,,spoon,none,none
online_trial_20260527_204225_08e5cb,main_02,online_main,256,services/a6000_web/artifacts/online_experiments/main_02/trials/online_trial_20260527_204225_08e5cb.json,1779882161.8763633,,scene_15,utensil_only,scene_15,utensil_only,,Pick up the blue spoon.,partial,proposed_efe,cand_001,1.0,1,cand_001,executed,executed,correct,correct,True,True,False,True,True,True,False,False,True,True,False,correct,,True,,,0.0,False,21.11765480041504,21.11765480041504,,21.11765480041504,True,target_confirmed_correct_but_grasp_feedback_missing_counted_success,True,,,spoon,none,none
online_trial_20260527_204352_371b5c,main_02,online_main,257,services/a6000_web/artifacts/online_experiments/main_02/trials/online_trial_20260527_204352_371b5c.json,1779882245.4259224,1779882331.2700317,scene_15,utensil_only,scene_15,utensil_only,,Pick up the right spoon.,partial,vlm_best_question,cand_001,1.0,1,cand_001,finished,finished,correct,correct,True,True,False,True,True,True,False,False,True,True,False,correct,correct,True,True,True,0.0,False,37.88179636001587,37.88179636001587,85.84410905838013,85.84410905838013,False,,True,,,spoon,none,none
online_trial_20260527_204606_a09fcb,main_02,online_main,259,services/a6000_web/artifacts/online_experiments/main_02/trials/online_trial_20260527_204606_a09fcb.json,1779882378.1044345,1779882385.7071173,scene_15,utensil_only,scene_15,utensil_only,,Pick up the red fork.,partial,top_score,,,1,cand_001,finished,finished,wrong,wrong,True,False,True,False,False,False,False,True,False,False,True,skipped_wrong_target,skipped_wrong_target,False,False,False,0.0,False,7.59857964515686,7.59857964515686,7.602682828903198,7.602682828903198,False,,True,Operator marked the resolved target as wrong; no robot grasp was executed.,,fork,target_resolution_failure,target_selection_wrong_or_unresolved_grasp_skipped
online_trial_20260527_204637_30327b,main_02,online_main,260,services/a6000_web/artifacts/online_experiments/main_02/trials/online_trial_20260527_204637_30327b.json,1779882409.9947095,1779882424.1367111,scene_15,utensil_only,scene_15,utensil_only,,Pick up the red fork.,partial,random_candidate,,,1,cand_001,finished,finished,wrong,wrong,True,False,True,False,False,False,False,True,False,False,True,skipped_wrong_target,skipped_wrong_target,False,False,False,0.0,False,14.137300729751589,14.137300729751589,14.142001628875732,14.142001628875732,False,,True,Operator marked the resolved target as wrong; no robot grasp was executed.,,fork,target_resolution_failure,target_selection_wrong_or_unresolved_grasp_skipped
online_trial_20260527_204720_6834b6,main_02,online_main,261,services/a6000_web/artifacts/online_experiments/main_02/trials/online_trial_20260527_204720_6834b6.json,1779882467.3392909,1779882507.782938,scene_15,utensil_only,scene_15,utensil_only,,Pick up the blue fork.,clear,random_candidate,cand_001,1.0,1,cand_001,finished,finished,correct,correct,True,True,False,True,True,True,False,False,True,True,False,correct,correct,True,True,True,0.0,False,5.444167613983154,5.444167613983154,40.443647146224976,40.443647146224976,False,,True,,,fork,none,none
online_trial_20260527_204837_7bd842,main_02,online_main,262,services/a6000_web/artifacts/online_experiments/main_02/trials/online_trial_20260527_204837_7bd842.json,1779882530.0489714,1779882573.1164155,scene_15,utensil_only,scene_15,utensil_only,,Pick up the center fork.,clear,top_score,cand_001,1.0,1,cand_001,finished,finished,correct,correct,True,True,False,True,True,True,False,False,True,True,False,correct,correct,True,True,True,0.0,False,7.515432357788086,7.515432357788086,43.06744432449341,43.06744432449341,False,,True,,,fork,none,none
online_trial_20260527_204955_a35e64,main_02,online_main,263,services/a6000_web/artifacts/online_experiments/main_02/trials/online_trial_20260527_204955_a35e64.json,1779882607.365304,1779882652.757329,scene_15,utensil_only,scene_15,utensil_only,,Pick up the left fork.,clear,vlm_best_question,,,1,cand_001,finished,finished,wrong,wrong,True,False,True,False,False,False,False,True,False,False,True,skipped_wrong_target,skipped_wrong_target,False,False,False,0.0,False,45.38978600502014,45.38978600502014,45.39202499389648,45.39202499389648,False,,True,Operator marked the resolved target as wrong; no robot grasp was executed.,,fork,target_resolution_failure,target_selection_wrong_or_unresolved_grasp_skipped
online_trial_20260527_205141_f8f64d,main_02,online_main,265,services/a6000_web/artifacts/online_experiments/main_02/trials/online_trial_20260527_205141_f8f64d.json,1779882713.7066405,1779882776.7800756,scene_15,utensil_only,scene_15,utensil_only,,Pick up the right spoon.,clear,proposed_efe,cand_001,1.0,1,cand_001,finished,finished,correct,correct,True,True,False,True,True,True,False,False,True,True,False,correct,correct,True,True,True,0.0,False,28.048274755477905,28.048274755477905,63.07343506813049,63.07343506813049,False,,True,,,spoon,none,none
