image,name,label,score,x_min,y_min,x_max,y_max
test_000000,cup_01,cup,0.6167306900024414,190.02671813964844,1002.2999877929688,351.2379150390625,1171.1134033203125
test_000000,cup_02,cup,0.6168466806411743,204.48095703125,814.6478881835938,296.18011474609375,949.1760864257812
test_000000,cup_03,cup,0.6098473072052002,609.4405517578125,793.3212280273438,696.6867065429688,926.0096435546875
test_000000,cup_04,cup,0.590293824672699,393.8199768066406,925.982177734375,530.1881713867188,1048.9755859375
test_000000,cup_05,cup,0.6133870482444763,647.9461059570312,1028.9716796875,748.2404174804688,1173.153564453125
test_000000,cup_06,cup,0.5964900851249695,406.1064758300781,756.4822387695312,532.0008544921875,890.6028442382812
test_000000,cup_07,cup,0.5851079225540161,435.8349609375,1050.211669921875,535.4998779296875,1192.843505859375
test_000000,cup_08,cup,0.5974848866462708,762.5850219726562,896.795654296875,861.6336059570312,1035.260498046875
test_000001,cup_01,cup,0.6045592427253723,189.9110107421875,1002.2638549804688,350.95318603515625,1170.95703125
test_000001,cup_02,cup,0.6094244718551636,204.2739715576172,814.7977294921875,295.9429626464844,949.1500854492188
test_000001,cup_03,cup,0.6056341528892517,609.5704345703125,793.3311157226562,696.7929077148438,926.0426025390625
test_000001,cup_04,cup,0.6070556640625,647.988037109375,1029.0050048828125,748.2449340820312,1173.08935546875
test_000001,cup_05,cup,0.588423490524292,393.5120849609375,925.9817504882812,529.9469604492188,1048.9945068359375
test_000001,cup_06,cup,0.5827609896659851,406.20013427734375,756.5601806640625,531.7578125,890.8733520507812
test_000001,cup_07,cup,0.5778480768203735,435.6363525390625,1049.9481201171875,535.3839111328125,1193.076416015625
test_000001,cup_08,cup,0.5886449813842773,762.8568725585938,897.0086059570312,861.4581909179688,1035.52978515625
test_000002,cup_01,cup,0.6295396089553833,204.0375213623047,814.8278198242188,296.0596923828125,948.874267578125
test_000002,cup_02,cup,0.634255588054657,189.9630584716797,1002.3614501953125,351.1684875488281,1171.4293212890625
test_000002,cup_03,cup,0.6288611888885498,609.5811767578125,793.5716552734375,696.7218017578125,926.0861206054688
test_000002,cup_04,cup,0.6097018718719482,393.45721435546875,925.8223266601562,530.18017578125,1049.09814453125
test_000002,cup_05,cup,0.6080832481384277,405.7823791503906,756.2830200195312,531.8545532226562,890.47509765625
test_000002,cup_06,cup,0.6248714327812195,647.9241333007812,1029.09033203125,748.10205078125,1173.406494140625
test_000002,cup_07,cup,0.5961792469024658,435.9087219238281,1050.054931640625,535.5150756835938,1193.5576171875
test_000002,cup_08,cup,0.6104907393455505,762.7431640625,896.9019165039062,861.2343139648438,1035.5380859375
test_000003,cup_01,cup,0.6142820119857788,204.09201049804688,814.8226318359375,296.16058349609375,948.9991455078125
test_000003,cup_02,cup,0.6130284667015076,189.99952697753906,1002.3004760742188,350.86968994140625,1171.2750244140625
test_000003,cup_03,cup,0.6107638478279114,609.6595458984375,793.2888793945312,696.7802734375,925.7561645507812
test_000003,cup_04,cup,0.6140405535697937,647.9260864257812,1028.9024658203125,748.3474731445312,1173.2882080078125
test_000003,cup_05,cup,0.5851244926452637,393.4939880371094,926.2155151367188,529.992919921875,1048.77587890625
test_000003,cup_06,cup,0.5874486565589905,405.8927001953125,756.6512451171875,531.8637084960938,890.51611328125
test_000003,cup_07,cup,0.5797429084777832,435.6377868652344,1050.1279296875,535.5348510742188,1193.4613037109375
test_000003,cup_08,cup,0.6044329404830933,763.0325317382812,896.888427734375,861.6654052734375,1034.9539794921875
test_000004,cup_01,cup,0.6225187182426453,190.0047149658203,1002.378173828125,350.7952575683594,1171.135009765625
test_000004,cup_02,cup,0.6229010224342346,204.26751708984375,814.5914306640625,296.0141296386719,949.0516357421875
test_000004,cup_03,cup,0.6187028288841248,609.635009765625,793.2841186523438,696.781494140625,926.1566772460938
test_000004,cup_04,cup,0.6022804379463196,393.64581298828125,925.7576904296875,530.1041870117188,1049.7535400390625
test_000004,cup_05,cup,0.6201742887496948,647.9373779296875,1028.9049072265625,748.4472045898438,1173.2823486328125
test_000004,cup_06,cup,0.5992823243141174,405.9955749511719,756.4491577148438,531.9523315429688,891.3555297851562
test_000004,cup_07,cup,0.5906171202659607,435.95111083984375,1049.9964599609375,535.6047973632812,1193.083251953125
test_000004,cup_08,cup,0.6070908904075623,762.9185180664062,896.9722290039062,861.5310668945312,1035.1800537109375
test_000005,cup_01,cup,0.6181219220161438,189.3603057861328,1002.5053100585938,351.2791748046875,1171.24609375
test_000005,cup_02,cup,0.6256185173988342,203.4232635498047,814.7966918945312,296.0926818847656,949.2943115234375
test_000005,cup_03,cup,0.6276527047157288,608.602783203125,793.1585083007812,696.0657348632812,926.3673095703125
test_000005,cup_04,cup,0.6016567945480347,393.4065246582031,926.0826416015625,530.5447387695312,1049.5692138671875
test_000005,cup_05,cup,0.62272709608078,647.1713256835938,1029.1307373046875,747.8427734375,1173.19775390625
test_000005,cup_06,cup,0.5938695669174194,405.2228088378906,757.4500732421875,531.6407470703125,891.0350952148438
test_000005,cup_07,cup,0.5897890329360962,435.07562255859375,1050.143310546875,535.378173828125,1192.8673095703125
test_000005,cup_08,cup,0.6064593195915222,761.8726806640625,896.6353759765625,861.2946166992188,1035.0311279296875
test_000006,cup_01,cup,0.6169498562812805,203.50282287597656,814.3829345703125,295.9128723144531,949.1624145507812
test_000006,cup_02,cup,0.6082547307014465,189.35107421875,1002.3627319335938,351.583740234375,1171.1397705078125
test_000006,cup_03,cup,0.618552029132843,608.7464599609375,793.1785278320312,696.2608032226562,926.456298828125
test_000006,cup_04,cup,0.5936943292617798,393.40771484375,926.0521850585938,530.4989013671875,1049.557373046875
test_000006,cup_05,cup,0.6132713556289673,647.2090454101562,1029.168701171875,748.0198974609375,1173.3463134765625
test_000006,cup_06,cup,0.5942875146865845,405.13983154296875,757.5121459960938,531.9308471679688,891.03369140625
test_000006,cup_07,cup,0.5837589502334595,434.79034423828125,1050.388427734375,535.1405639648438,1193.0518798828125
test_000006,cup_08,cup,0.6033227443695068,761.794189453125,896.8480834960938,861.32568359375,1035.255859375
test_000007,cup_01,cup,0.6065748929977417,203.85897827148438,814.8570556640625,296.1139221191406,949.3260498046875
test_000007,cup_02,cup,0.5930283069610596,189.69961547851562,1002.5037841796875,351.5668029785156,1171.39794921875
test_000007,cup_03,cup,0.6071659326553345,608.796142578125,793.1483154296875,696.3206787109375,926.5724487304688
test_000007,cup_04,cup,0.5804770588874817,393.5074462890625,925.69384765625,530.412109375,1048.57080078125
test_000007,cup_05,cup,0.601282000541687,647.6138916015625,1029.110107421875,748.034912109375,1173.421875
test_000007,cup_06,cup,0.5780044198036194,405.2672119140625,757.0343627929688,531.9354858398438,890.669189453125
test_000007,cup_07,cup,0.5735447406768799,435.2024230957031,1050.37451171875,535.1878051757812,1193.07666015625
test_000007,cup_08,cup,0.5917617678642273,762.3348999023438,896.8178100585938,861.2267456054688,1035.1473388671875
test_000008,cup_01,cup,0.6008168458938599,189.74993896484375,1002.4797973632812,351.5849304199219,1171.0386962890625
test_000008,cup_02,cup,0.6115821599960327,203.77272033691406,814.8178100585938,295.85589599609375,949.1047973632812
test_000008,cup_03,cup,0.6057976484298706,608.9143676757812,793.1617431640625,696.2578125,926.1767578125
test_000008,cup_04,cup,0.5838568210601807,393.7152099609375,925.9434814453125,530.5042724609375,1048.108642578125
test_000008,cup_05,cup,0.6082043647766113,647.5382690429688,1028.9178466796875,748.0262451171875,1173.1571044921875
test_000008,cup_06,cup,0.5779855847358704,405.4386291503906,757.4462890625,531.77783203125,891.2095336914062
test_000008,cup_07,cup,0.5774654746055603,435.0897216796875,1050.6361083984375,535.1905517578125,1192.8092041015625
test_000008,cup_08,cup,0.5887060761451721,761.8826904296875,896.745361328125,861.3792114257812,1035.2230224609375
test_000009,cup_01,cup,0.6154933571815491,189.33311462402344,1002.526611328125,351.57080078125,1171.3511962890625
test_000009,cup_02,cup,0.6248052716255188,203.77606201171875,814.9561767578125,295.96954345703125,949.412353515625
test_000009,cup_03,cup,0.6264738440513611,608.8217163085938,793.2127075195312,696.0352783203125,926.8004150390625
test_000009,cup_04,cup,0.6016854643821716,393.59771728515625,926.0206909179688,530.6923217773438,1049.94580078125
test_000009,cup_05,cup,0.6189281344413757,647.4617309570312,1029.260009765625,748.2066650390625,1173.4683837890625
test_000009,cup_06,cup,0.5956168174743652,435.0473937988281,1050.164794921875,535.2791748046875,1193.1385498046875
test_000009,cup_07,cup,0.60686194896698,761.7315673828125,896.795166015625,861.2026977539062,1035.2135009765625
test_000009,cup_08,cup,0.5987637042999268,405.1829528808594,757.2741088867188,531.7900390625,891.3880615234375
test_000010,cup_01,cup,0.5826771259307861,189.61233520507812,1002.8563232421875,352.4134216308594,1170.788330078125
test_000010,cup_02,cup,0.5792116522789001,203.09674072265625,814.397216796875,296.7121887207031,948.8945922851562
test_000010,cup_03,cup,0.5928362011909485,608.27685546875,792.09912109375,695.9469604492188,926.3091430664062
test_000010,cup_04,cup,0.5727559924125671,393.6194152832031,926.1737060546875,530.6333618164062,1045.103271484375
test_000010,cup_05,cup,0.5624129772186279,434.70062255859375,1050.0390625,535.1751098632812,1192.4056396484375
test_000010,cup_06,cup,0.5953648090362549,647.0570068359375,1029.35693359375,748.6774291992188,1173.283935546875
test_000010,cup_07,cup,0.5608690977096558,405.0199279785156,757.6796875,532.560791015625,891.1277465820312
test_000010,cup_08,cup,0.586411714553833,761.3130493164062,896.5245971679688,861.88818359375,1034.8846435546875
test_000011,cup_01,cup,0.6039026379585266,189.36117553710938,1002.9149780273438,352.6402587890625,1170.8055419921875
test_000011,cup_02,cup,0.6095358729362488,608.2623291015625,791.9049072265625,695.8267211914062,926.4647216796875
test_000011,cup_03,cup,0.5786930918693542,203.08961486816406,814.1936645507812,297.3634033203125,948.8896484375
test_000011,cup_04,cup,0.5930299758911133,393.4984436035156,926.0776977539062,530.7614135742188,1046.302001953125
test_000011,cup_05,cup,0.6098908185958862,647.2288208007812,1029.009765625,748.72021484375,1173.4404296875
test_000011,cup_06,cup,0.5810693502426147,405.3653564453125,759.120849609375,532.3887329101562,891.2023315429688
test_000011,cup_07,cup,0.5950666666030884,761.0192260742188,896.5313720703125,861.6693725585938,1035.126220703125
test_000011,cup_08,cup,0.5776498913764954,435.0636291503906,1050.219970703125,534.7969970703125,1193.114990234375
test_000012,cup_01,cup,0.5928260684013367,189.51524353027344,1003.1806030273438,352.62689208984375,1170.8292236328125
test_000012,cup_02,cup,0.5836505889892578,203.2400665283203,814.3907470703125,296.7707824707031,948.8857421875
test_000012,cup_03,cup,0.600041925907135,608.27001953125,792.146484375,695.7887573242188,926.4329223632812
test_000012,cup_04,cup,0.5747279524803162,393.5637512207031,926.239013671875,530.8141479492188,1046.5555419921875
test_000012,cup_05,cup,0.5670573711395264,435.2814025878906,1050.2197265625,534.7673950195312,1192.7108154296875
test_000012,cup_06,cup,0.5996629595756531,647.2843627929688,1029.1243896484375,748.8709106445312,1173.5760498046875
test_000012,cup_07,cup,0.5850145816802979,761.1279907226562,896.8787231445312,861.8731689453125,1035.3206787109375
test_000012,cup_08,cup,0.567428708076477,405.3381652832031,759.5447998046875,532.369140625,891.20458984375
test_000013,cup_01,cup,0.6040847301483154,189.3909912109375,1002.8907470703125,352.7477111816406,1171.117919921875
test_000013,cup_02,cup,0.5907995104789734,202.7810821533203,814.2720947265625,296.8753356933594,948.8072509765625
test_000013,cup_03,cup,0.6138719320297241,608.034912109375,792.5670166015625,695.860595703125,926.6596069335938
test_000013,cup_04,cup,0.5906552672386169,393.2690734863281,925.9591674804688,530.6685180664062,1047.71826171875
test_000013,cup_05,cup,0.5823080539703369,435.0555114746094,1050.089599609375,534.7818603515625,1193.4813232421875
test_000013,cup_06,cup,0.6032969951629639,761.3782348632812,896.647216796875,861.3389892578125,1034.89990234375
test_000013,cup_07,cup,0.5649921894073486,405.0134582519531,758.68994140625,532.3038330078125,891.4063720703125
test_000013,cup_08,cup,0.6116729378700256,647.0980834960938,1029.0025634765625,748.7954711914062,1173.441650390625
test_000014,cup_01,cup,0.5992599725723267,189.46200561523438,1003.1761474609375,352.5873718261719,1170.824951171875
test_000014,cup_02,cup,0.5938968062400818,202.84243774414062,814.52001953125,297.02386474609375,948.4480590820312
test_000014,cup_03,cup,0.6145129203796387,608.1844482421875,792.0397338867188,696.0205688476562,926.4672241210938
test_000014,cup_04,cup,0.5915328860282898,393.58331298828125,926.11669921875,530.89892578125,1044.189697265625
test_000014,cup_05,cup,0.6083324551582336,647.0477294921875,1029.1185302734375,749.0885009765625,1173.1715087890625
test_000014,cup_06,cup,0.5786747336387634,435.025634765625,1049.7567138671875,535.2604370117188,1192.7041015625
test_000014,cup_07,cup,0.5702213048934937,405.3043518066406,758.529052734375,532.2310180664062,890.9119262695312
test_000014,cup_08,cup,0.5976051092147827,761.0155029296875,896.8770141601562,861.8880004882812,1035.2225341796875
test_000015,cup_01,cup,0.6209384799003601,611.42919921875,237.8267822265625,710.075927734375,402.625244140625
test_000015,cup_02,cup,0.6344412565231323,161.8152618408203,486.1593933105469,334.1326599121094,670.4776000976562
test_000015,cup_03,cup,0.6087672114372253,158.4750518798828,265.83685302734375,265.7751159667969,428.730224609375
test_000015,cup_04,cup,0.6092488765716553,769.95166015625,365.46148681640625,883.1265258789062,526.58544921875
test_000015,cup_05,cup,0.6018795371055603,374.0624694824219,399.0926208496094,522.306640625,540.604736328125
test_000015,cup_06,cup,0.6059828996658325,644.5925903320312,516.4165649414062,750.4452514648438,674.3642578125
test_000015,cup_07,cup,0.5874940156936646,423.2529296875,538.7525634765625,527.3870849609375,694.9365234375
test_000015,cup_08,cup,0.6016615629196167,381.8095703125,192.5352325439453,524.15576171875,360.306640625
test_000016,cup_01,cup,0.6419118642807007,161.7397003173828,485.943603515625,334.4648742675781,670.597900390625
test_000016,cup_02,cup,0.6314218044281006,611.2312622070312,237.81692504882812,709.8690185546875,402.7307434082031
test_000016,cup_03,cup,0.6142179369926453,644.406982421875,516.3705444335938,750.3576049804688,674.4404296875
test_000016,cup_04,cup,0.6060629487037659,158.566162109375,265.8860168457031,265.8199768066406,428.0709533691406
test_000016,cup_05,cup,0.6092330813407898,769.8460693359375,365.2175598144531,882.85546875,526.43408203125
test_000016,cup_06,cup,0.6130684614181519,373.8721008300781,399.2086181640625,521.9261474609375,541.427001953125
test_000016,cup_07,cup,0.5959984660148621,423.0587463378906,538.60791015625,527.2294921875,694.9026489257812
test_000016,cup_08,cup,0.6091508865356445,381.68670654296875,192.54214477539062,524.3489990234375,360.78900146484375
test_000017,cup_01,cup,0.6293672323226929,611.3936157226562,237.78013610839844,709.6921997070312,402.94573974609375
test_000017,cup_02,cup,0.6411119103431702,161.87216186523438,486.0946044921875,334.4429626464844,670.9700317382812
test_000017,cup_03,cup,0.6174958944320679,158.5968475341797,266.04583740234375,266.0539855957031,428.37237548828125
test_000017,cup_04,cup,0.6163930892944336,769.801025390625,365.424560546875,882.90869140625,526.4273071289062
test_000017,cup_05,cup,0.6090536713600159,373.89947509765625,399.0962219238281,522.1576538085938,539.9954833984375
test_000017,cup_06,cup,0.6090474128723145,644.4885864257812,516.4505615234375,750.2933959960938,674.3446044921875
test_000017,cup_07,cup,0.5952314138412476,423.0987243652344,538.9899291992188,527.288818359375,695.341552734375
test_000017,cup_08,cup,0.6088037490844727,381.3929748535156,193.16954040527344,523.9183349609375,360.605712890625
test_000018,cup_01,cup,0.6322036385536194,161.9593505859375,485.9658203125,334.2322692871094,670.731689453125
test_000018,cup_02,cup,0.6236767172813416,611.25244140625,237.99114990234375,710.0016479492188,403.024169921875
test_000018,cup_03,cup,0.6107116341590881,158.6068115234375,265.8517761230469,265.6330261230469,428.67041015625
test_000018,cup_04,cup,0.6151410937309265,770.0972900390625,365.450439453125,883.0003662109375,526.296875
test_000018,cup_05,cup,0.6020965576171875,374.12353515625,399.0840759277344,522.1223754882812,540.8284912109375
test_000018,cup_06,cup,0.6048254370689392,644.7510986328125,516.7694702148438,750.4160766601562,674.1063842773438
test_000018,cup_07,cup,0.6021546721458435,381.4322509765625,193.24842834472656,524.1431274414062,360.3846435546875
test_000018,cup_08,cup,0.5894016027450562,423.2838439941406,539.0131225585938,527.2361450195312,695.5588989257812
test_000019,cup_01,cup,0.6370217800140381,161.86231994628906,485.9889831542969,334.44635009765625,670.7503051757812
test_000019,cup_02,cup,0.629119873046875,611.2066650390625,237.8834228515625,709.92138671875,403.12396240234375
test_000019,cup_03,cup,0.6127240061759949,373.79156494140625,398.9861755371094,522.2581176757812,541.1166381835938
test_000019,cup_04,cup,0.6106551885604858,644.5101318359375,516.2982788085938,750.4129638671875,674.54248046875
test_000019,cup_05,cup,0.6032697558403015,769.6988525390625,365.3916320800781,882.9298095703125,526.8536987304688
test_000019,cup_06,cup,0.601506233215332,158.5985107421875,265.744140625,265.9878234863281,428.5224914550781
test_000019,cup_07,cup,0.6081388592720032,381.29827880859375,193.2434539794922,524.0682373046875,360.8557434082031
test_000019,cup_08,cup,0.5989375710487366,422.8589172363281,538.785400390625,527.3973388671875,695.1869506835938
test_000020,cup_01,cup,0.5506386756896973,420.19232177734375,1213.421630859375,574.0235595703125,1389.814697265625
test_000020,cup_02,cup,0.5788896679878235,473.8879089355469,1029.015625,560.6145629882812,1162.51904296875
test_000020,cup_03,cup,0.551701545715332,873.4030151367188,1079.6751708984375,976.197509765625,1220.8389892578125
test_000020,cup_04,cup,0.5396315455436707,633.7459106445312,1181.3428955078125,775.9410400390625,1316.820556640625
test_000020,cup_05,cup,0.5475665926933289,876.2120361328125,1340.0506591796875,997.5446166992188,1501.0069580078125
test_000020,cup_06,cup,0.5323784351348877,655.295654296875,1311.6314697265625,761.8446044921875,1469.811767578125
test_000020,cup_07,cup,0.5321096181869507,674.2538452148438,1008.0499877929688,800.0618896484375,1143.3026123046875
test_000020,cup_08,cup,0.5232940316200256,1022.2280883789062,1222.642578125,1079.367919921875,1373.3946533203125
test_000021,cup_01,cup,0.5508838891983032,420.29290771484375,1213.28515625,573.9688110351562,1389.794921875
test_000021,cup_02,cup,0.5870263576507568,473.8544921875,1029.110107421875,560.5570068359375,1162.39599609375
test_000021,cup_03,cup,0.551980197429657,873.6046142578125,1079.651123046875,976.8587646484375,1220.0152587890625
test_000021,cup_04,cup,0.5365641713142395,634.091796875,1181.2799072265625,775.9022216796875,1316.2750244140625
test_000021,cup_05,cup,0.5508411526679993,876.1884765625,1339.955810546875,997.9393310546875,1500.43798828125
test_000021,cup_06,cup,0.5388442277908325,655.5940551757812,1311.4364013671875,761.7001953125,1468.8956298828125
test_000021,cup_07,cup,0.5355685353279114,674.4832763671875,1008.0272827148438,800.2005615234375,1143.271240234375
test_000021,cup_08,cup,0.524946928024292,1022.42138671875,1222.8118896484375,1079.32421875,1373.165283203125
test_000022,cup_01,cup,0.5377428531646729,420.85723876953125,1213.44921875,574.31103515625,1389.7086181640625
test_000022,cup_02,cup,0.5670203566551208,474.120849609375,1029.1492919921875,560.6590576171875,1162.339599609375
test_000022,cup_03,cup,0.5347467064857483,873.7836303710938,1079.444580078125,976.3367919921875,1219.84765625
test_000022,cup_04,cup,0.5272282958030701,634.1458129882812,1181.455810546875,776.18408203125,1316.3843994140625
test_000022,cup_05,cup,0.5169953107833862,655.7086791992188,1311.42919921875,761.966552734375,1470.1492919921875
test_000022,cup_06,cup,0.528556227684021,876.43798828125,1339.8631591796875,998.1121215820312,1500.0584716796875
test_000022,cup_07,cup,0.513344943523407,674.4760131835938,1008.0220336914062,800.3489379882812,1143.965087890625
test_000022,cup_08,cup,0.5042475461959839,1022.63232421875,1222.59033203125,1079.372314453125,1373.189697265625
test_000023,cup_01,cup,0.5452099442481995,420.4134826660156,1213.358154296875,574.4312744140625,1389.9383544921875
test_000023,cup_02,cup,0.5792569518089294,473.88189697265625,1029.309326171875,560.884033203125,1162.49267578125
test_000023,cup_03,cup,0.5500237941741943,873.5963745117188,1079.750244140625,976.740234375,1220.6103515625
test_000023,cup_04,cup,0.5342080593109131,633.8565063476562,1181.676513671875,775.93896484375,1316.841552734375
test_000023,cup_05,cup,0.5441547632217407,876.2894287109375,1340.0511474609375,997.8470458984375,1500.7607421875
test_000023,cup_06,cup,0.5297108888626099,655.603759765625,1311.583740234375,761.7371215820312,1469.2838134765625
test_000023,cup_07,cup,0.5258410573005676,674.274658203125,1008.03271484375,800.2612915039062,1143.453857421875
test_000023,cup_08,cup,0.5204346179962158,1022.2366333007812,1222.9873046875,1079.3438720703125,1373.60205078125
test_000024,cup_01,cup,0.5531025528907776,420.10504150390625,1213.3284912109375,573.9188232421875,1389.94921875
test_000024,cup_02,cup,0.5811944007873535,473.66741943359375,1029.175048828125,560.5188598632812,1162.5081787109375
test_000024,cup_03,cup,0.5502459406852722,873.4540405273438,1079.6788330078125,976.7482299804688,1220.4794921875
test_000024,cup_04,cup,0.5398752689361572,634.048828125,1181.1689453125,775.8499755859375,1316.97119140625
test_000024,cup_05,cup,0.5489598512649536,876.396728515625,1340.0697021484375,997.8661499023438,1500.615234375
test_000024,cup_06,cup,0.5340191721916199,655.427490234375,1311.2962646484375,761.8508911132812,1469.87890625
test_000024,cup_07,cup,0.5365782380104065,674.1170654296875,1007.7490844726562,800.1365356445312,1143.2427978515625
test_000024,cup_08,cup,0.5183275938034058,1022.5130004882812,1222.646484375,1079.32177734375,1373.2664794921875
test_000025,cup_01,cup,0.6599646210670471,58.289791107177734,501.2397766113281,237.28916931152344,685.7022705078125
test_000025,cup_02,cup,0.6404988765716553,299.9190979003906,378.422119140625,443.34185791015625,525.3916015625
test_000025,cup_03,cup,0.6583555936813354,634.245361328125,238.20904541015625,732.6878051757812,402.4876708984375
test_000025,cup_04,cup,0.6584981679916382,769.7869873046875,365.6010437011719,883.311767578125,526.593017578125
test_000025,cup_05,cup,0.6489236950874329,644.96875,516.6627197265625,750.2828979492188,674.450439453125
test_000025,cup_06,cup,0.6433191895484924,158.44393920898438,266.09796142578125,265.9937438964844,428.4734802246094
test_000025,bottle_01,bottle,0.6748077273368835,519.2105102539062,285.53778076171875,618.2523803710938,514.515625
test_000025,bottle_02,bottle,0.6591938138008118,463.4552917480469,435.5039367675781,575.4364624023438,701.9605102539062
test_000025,cup_07,cup,0.6327327489852905,381.50518798828125,193.58839416503906,524.0323486328125,359.8756408691406
test_000025,bottle_03,bottle,0.46699681878089905,0.6131932139396667,298.8988037109375,73.01837158203125,480.44879150390625
test_000026,cup_01,cup,0.6609381437301636,58.55016326904297,501.3131408691406,237.0565948486328,685.4859619140625
test_000026,cup_02,cup,0.640565812587738,300.100830078125,378.4927978515625,443.3989562988281,524.89013671875
test_000026,cup_03,cup,0.6568058133125305,634.1700439453125,237.8131103515625,732.4595336914062,402.7226867675781
test_000026,cup_04,cup,0.6535189747810364,769.8983154296875,365.6116027832031,882.8255615234375,526.8270874023438
test_000026,cup_05,cup,0.6452038288116455,644.983154296875,516.6604614257812,750.1182250976562,673.8265380859375
test_000026,cup_06,cup,0.647102952003479,158.78370666503906,266.1204833984375,266.038330078125,428.4295654296875
test_000026,bottle_01,bottle,0.6712333559989929,519.1183471679688,285.7156066894531,618.0628662109375,514.7363891601562
test_000026,cup_07,cup,0.6251360177993774,381.8126220703125,193.00872802734375,523.9209594726562,360.9325256347656
test_000026,bottle_02,bottle,0.5036677122116089,0.6259430646896362,298.7779541015625,72.88226318359375,480.7409362792969
test_000026,bottle_03,bottle,0.6585524082183838,463.4093933105469,435.03851318359375,575.1268310546875,700.6808471679688
test_000027,cup_01,cup,0.6609381437301636,58.55016326904297,501.3131408691406,237.0565948486328,685.4859619140625
test_000027,cup_02,cup,0.640565812587738,300.100830078125,378.4927978515625,443.3989562988281,524.89013671875
test_000027,cup_03,cup,0.6568058133125305,634.1700439453125,237.8131103515625,732.4595336914062,402.7226867675781
test_000027,cup_04,cup,0.6535189747810364,769.8983154296875,365.6116027832031,882.8255615234375,526.8270874023438
test_000027,cup_05,cup,0.6452038288116455,644.983154296875,516.6604614257812,750.1182250976562,673.8265380859375
test_000027,cup_06,cup,0.647102952003479,158.78370666503906,266.1204833984375,266.038330078125,428.4295654296875
test_000027,bottle_01,bottle,0.6712333559989929,519.1183471679688,285.7156066894531,618.0628662109375,514.7363891601562
test_000027,cup_07,cup,0.6251360177993774,381.8126220703125,193.00872802734375,523.9209594726562,360.9325256347656
test_000027,bottle_02,bottle,0.5036677122116089,0.6259430646896362,298.7779541015625,72.88226318359375,480.7409362792969
test_000027,bottle_03,bottle,0.6585524082183838,463.4093933105469,435.03851318359375,575.1268310546875,700.6808471679688
test_000028,cup_01,cup,0.665416955947876,204.3663330078125,812.5494384765625,295.9650573730469,947.7064819335938
test_000028,cup_02,cup,0.6631954312324524,630.0507202148438,790.8179931640625,717.0286865234375,924.2427978515625
test_000028,bottle_01,bottle,0.6709790229797363,70.03531646728516,848.717529296875,189.18453979492188,1024.7366943359375
test_000028,cup_03,cup,0.6940791606903076,89.78607177734375,1014.2667236328125,257.21429443359375,1185.0413818359375
test_000028,bottle_02,bottle,0.6500220894813538,475.0284423828125,959.7650146484375,580.6109619140625,1197.9996337890625
test_000028,cup_04,cup,0.6646957397460938,647.8319091796875,1027.033935546875,748.025146484375,1171.5238037109375
test_000028,cup_05,cup,0.6733514070510864,762.6707153320312,894.0090942382812,861.5379028320312,1033.428955078125
test_000028,cup_06,cup,0.6537851691246033,326.7903137207031,906.3231811523438,458.06988525390625,1031.1260986328125
test_000028,bottle_03,bottle,0.6753150224685669,526.9462280273438,831.7911376953125,616.9617309570312,1021.9539794921875
test_000028,cup_07,cup,0.6518522500991821,405.6013488769531,754.745361328125,531.6385498046875,889.4856567382812
test_000029,cup_01,cup,0.665416955947876,204.3663330078125,812.5494384765625,295.9650573730469,947.7064819335938
test_000029,cup_02,cup,0.6631954312324524,630.0507202148438,790.8179931640625,717.0286865234375,924.2427978515625
test_000029,bottle_01,bottle,0.6709790229797363,70.03531646728516,848.717529296875,189.18453979492188,1024.7366943359375
test_000029,cup_03,cup,0.6940791606903076,89.78607177734375,1014.2667236328125,257.21429443359375,1185.0413818359375
test_000029,bottle_02,bottle,0.6500220894813538,475.0284423828125,959.7650146484375,580.6109619140625,1197.9996337890625
test_000029,cup_04,cup,0.6646957397460938,647.8319091796875,1027.033935546875,748.025146484375,1171.5238037109375
test_000029,cup_05,cup,0.6733514070510864,762.6707153320312,894.0090942382812,861.5379028320312,1033.428955078125
test_000029,cup_06,cup,0.6537851691246033,326.7903137207031,906.3231811523438,458.06988525390625,1031.1260986328125
test_000029,bottle_03,bottle,0.6753150224685669,526.9462280273438,831.7911376953125,616.9617309570312,1021.9539794921875
test_000029,cup_07,cup,0.6518522500991821,405.6013488769531,754.745361328125,531.6385498046875,889.4856567382812
test_000030,cup_01,cup,0.6701080203056335,204.4537811279297,812.5650024414062,295.8766784667969,947.401611328125
test_000030,cup_02,cup,0.6679204106330872,630.0572509765625,790.84130859375,717.0172119140625,923.9196166992188
test_000030,cup_03,cup,0.694378674030304,89.63377380371094,1014.149658203125,257.66693115234375,1184.733642578125
test_000030,bottle_01,bottle,0.6635247468948364,70.2113037109375,848.6597900390625,189.39694213867188,1024.87646484375
test_000030,cup_04,cup,0.6729984283447266,647.8809204101562,1026.8096923828125,748.1148681640625,1171.15771484375
test_000030,cup_05,cup,0.6778110265731812,762.7222900390625,893.9523315429688,861.390625,1033.1527099609375
test_000030,bottle_02,bottle,0.6440755724906921,474.9465026855469,959.7554321289062,580.3671875,1197.38330078125
test_000030,cup_06,cup,0.6481202840805054,326.74151611328125,906.1346435546875,458.20880126953125,1031.26513671875
test_000030,cup_07,cup,0.6508026719093323,405.6427307128906,754.5913696289062,531.5392456054688,889.4100952148438
test_000030,bottle_03,bottle,0.6767787337303162,526.8764038085938,831.3976440429688,616.86767578125,1021.9548950195312
test_000031,cup_01,cup,0.6543521285057068,203.8384246826172,812.4990844726562,296.0870056152344,946.9615478515625
test_000031,cup_02,cup,0.6502206325531006,629.3282470703125,790.603271484375,716.6918334960938,924.2115478515625
test_000031,cup_03,cup,0.6784238815307617,89.18403625488281,1014.6100463867188,259.52667236328125,1184.458251953125
test_000031,bottle_01,bottle,0.656498372554779,68.56395721435547,848.6775512695312,189.4714813232422,1024.4315185546875
test_000031,cup_04,cup,0.6543589234352112,647.3333129882812,1027.0350341796875,748.1368408203125,1171.504150390625
test_000031,bottle_02,bottle,0.6414800882339478,474.5008239746094,960.075439453125,580.1246948242188,1196.4229736328125
test_000031,cup_05,cup,0.641198992729187,326.69195556640625,906.5026245117188,459.0320739746094,1031.420166015625
test_000031,bottle_03,bottle,0.6684347987174988,526.521484375,832.90380859375,616.2722778320312,1020.8975830078125
test_000031,cup_06,cup,0.651400625705719,761.2999267578125,894.2919921875,861.4508666992188,1033.2462158203125
test_000031,cup_07,cup,0.6178545951843262,404.8664245605469,755.4221801757812,531.5723876953125,889.1318359375
test_000032,cup_01,cup,0.6543521285057068,203.8384246826172,812.4990844726562,296.0870056152344,946.9615478515625
test_000032,cup_02,cup,0.6502206325531006,629.3282470703125,790.603271484375,716.6918334960938,924.2115478515625
test_000032,cup_03,cup,0.6784238815307617,89.18403625488281,1014.6100463867188,259.52667236328125,1184.458251953125
test_000032,bottle_01,bottle,0.656498372554779,68.56395721435547,848.6775512695312,189.4714813232422,1024.4315185546875
test_000032,cup_04,cup,0.6543589234352112,647.3333129882812,1027.0350341796875,748.1368408203125,1171.504150390625
test_000032,bottle_02,bottle,0.6414800882339478,474.5008239746094,960.075439453125,580.1246948242188,1196.4229736328125
test_000032,cup_05,cup,0.641198992729187,326.69195556640625,906.5026245117188,459.0320739746094,1031.420166015625
test_000032,bottle_03,bottle,0.6684347987174988,526.521484375,832.90380859375,616.2722778320312,1020.8975830078125
test_000032,cup_06,cup,0.651400625705719,761.2999267578125,894.2919921875,861.4508666992188,1033.2462158203125
test_000032,cup_07,cup,0.6178545951843262,404.8664245605469,755.4221801757812,531.5723876953125,889.1318359375
test_000033,cup_01,cup,0.6534119248390198,203.58189392089844,812.1322021484375,295.7236328125,947.3124389648438
test_000033,cup_02,cup,0.6520216464996338,629.4046630859375,790.329345703125,716.8050537109375,924.12548828125
test_000033,bottle_01,bottle,0.6572695970535278,68.76238250732422,848.6804809570312,189.71339416503906,1024.817626953125
test_000033,cup_03,cup,0.6733543872833252,89.40813446044922,1014.7551879882812,259.3770751953125,1184.5126953125
test_000033,cup_04,cup,0.6540496349334717,647.2622680664062,1026.8974609375,747.9315795898438,1171.6549072265625
test_000033,bottle_02,bottle,0.6588114500045776,526.6929931640625,833.3212890625,616.3441162109375,1020.9906005859375
test_000033,cup_05,cup,0.635291337966919,326.6001892089844,906.211669921875,459.0174865722656,1031.3282470703125
test_000033,cup_06,cup,0.6530113816261292,761.750244140625,893.9998779296875,861.2482299804688,1033.07080078125
test_000033,bottle_03,bottle,0.6157383918762207,474.88775634765625,960.034912109375,580.2177124023438,1196.137451171875
test_000033,cup_07,cup,0.6124175786972046,404.90765380859375,755.2662353515625,531.7752685546875,889.7083129882812
test_000034,fork_01,fork,0.8244891166687012,371.3878479003906,1093.9847412109375,431.57720947265625,1219.09228515625
test_000034,cup_01,cup,0.7057197093963623,179.34503173828125,1048.169677734375,344.4410095214844,1219.7655029296875
test_000034,cup_02,cup,0.6895329356193542,215.46063232421875,749.6663208007812,304.0359802246094,881.9055786132812
test_000034,cup_03,cup,0.6947726607322693,629.4342041015625,790.3077392578125,716.4130859375,924.7161865234375
test_000034,cup_04,cup,0.671108067035675,327.0242614746094,906.303955078125,458.9226379394531,1030.8289794921875
test_000034,cup_05,cup,0.6861492991447449,762.004150390625,893.5927734375,861.3616943359375,1033.0958251953125
test_000034,bottle_01,bottle,0.6739062070846558,475.1029357910156,959.9721069335938,580.418701171875,1196.560546875
test_000034,bottle_02,bottle,0.6971018314361572,526.7010498046875,833.0872192382812,616.0220947265625,1020.703125
test_000034,bottle_03,bottle,0.6595920920372009,58.737144470214844,808.5845947265625,176.27264404296875,989.287841796875
test_000034,cup_06,cup,0.6751006245613098,405.3670959472656,755.2232666015625,531.9201049804688,889.045654296875
test_000034,plate_01,plate,0.7010888457298279,624.1265258789062,1064.103515625,765.444580078125,1186.3604736328125
test_000034,spoon_01,spoon,0.7891631126403809,18.20750617980957,1068.2684326171875,120.99772644042969,1206.43505859375
test_000034,plate_02,plate,0.6993392705917358,193.15736389160156,938.98779296875,326.0423583984375,1044.5882568359375
test_000034,knife_01,knife,0.678854763507843,648.9788818359375,954.3925170898438,739.712158203125,1041.7667236328125
test_000034,knife_02,knife,0.6808980703353882,790.7987060546875,1101.1163330078125,852.1813354492188,1213.0303955078125
test_000035,fork_01,fork,0.8244891166687012,371.3878479003906,1093.9847412109375,431.57720947265625,1219.09228515625
test_000035,cup_01,cup,0.7057197093963623,179.34503173828125,1048.169677734375,344.4410095214844,1219.7655029296875
test_000035,cup_02,cup,0.6895329356193542,215.46063232421875,749.6663208007812,304.0359802246094,881.9055786132812
test_000035,cup_03,cup,0.6947726607322693,629.4342041015625,790.3077392578125,716.4130859375,924.7161865234375
test_000035,cup_04,cup,0.671108067035675,327.0242614746094,906.303955078125,458.9226379394531,1030.8289794921875
test_000035,cup_05,cup,0.6861492991447449,762.004150390625,893.5927734375,861.3616943359375,1033.0958251953125
test_000035,bottle_01,bottle,0.6739062070846558,475.1029357910156,959.9721069335938,580.418701171875,1196.560546875
test_000035,bottle_02,bottle,0.6971018314361572,526.7010498046875,833.0872192382812,616.0220947265625,1020.703125
test_000035,bottle_03,bottle,0.6595920920372009,58.737144470214844,808.5845947265625,176.27264404296875,989.287841796875
test_000035,cup_06,cup,0.6751006245613098,405.3670959472656,755.2232666015625,531.9201049804688,889.045654296875
test_000035,plate_01,plate,0.7010888457298279,624.1265258789062,1064.103515625,765.444580078125,1186.3604736328125
test_000035,spoon_01,spoon,0.7891631126403809,18.20750617980957,1068.2684326171875,120.99772644042969,1206.43505859375
test_000035,plate_02,plate,0.6993392705917358,193.15736389160156,938.98779296875,326.0423583984375,1044.5882568359375
test_000035,knife_01,knife,0.678854763507843,648.9788818359375,954.3925170898438,739.712158203125,1041.7667236328125
test_000035,knife_02,knife,0.6808980703353882,790.7987060546875,1101.1163330078125,852.1813354492188,1213.0303955078125
test_000036,fork_01,fork,0.8426439166069031,371.1715087890625,1093.4539794921875,432.0423583984375,1218.78857421875
test_000036,cup_01,cup,0.7019726634025574,179.41531372070312,1048.3309326171875,344.4520568847656,1220.1307373046875
test_000036,cup_02,cup,0.6832484006881714,215.5365753173828,749.732177734375,304.4338684082031,882.351806640625
test_000036,cup_03,cup,0.6926116347312927,629.54443359375,790.801513671875,716.5711669921875,924.1943969726562
test_000036,cup_04,cup,0.6685800552368164,327.2013244628906,906.0301513671875,458.7733154296875,1030.8304443359375
test_000036,cup_05,cup,0.6777625679969788,762.08154296875,894.0250244140625,861.2149658203125,1033.314697265625
test_000036,bottle_01,bottle,0.6856127381324768,526.6635131835938,832.4490966796875,616.2291259765625,1020.2405395507812
test_000036,bottle_02,bottle,0.6502745747566223,475.0376281738281,960.1986694335938,580.2056884765625,1196.550048828125
test_000036,bottle_03,bottle,0.6243683099746704,58.63265609741211,808.9505615234375,176.85105895996094,989.4627075195312
test_000036,cup_06,cup,0.6660111546516418,405.5572814941406,755.3970947265625,531.8441772460938,888.981689453125
test_000036,plate_01,plate,0.7000716924667358,624.0043334960938,1063.7349853515625,765.5398559570312,1187.1553955078125
test_000036,spoon_01,spoon,0.772965133190155,18.51241683959961,1068.3824462890625,121.04618835449219,1205.67236328125
test_000036,plate_02,plate,0.6890304088592529,192.7985076904297,938.7964477539062,326.16485595703125,1045.1219482421875
test_000036,knife_01,knife,0.703023374080658,790.8096313476562,1101.1651611328125,852.8123168945312,1213.235595703125
test_000036,knife_02,knife,0.6598900556564331,649.0755615234375,954.67919921875,739.7865600585938,1041.7701416015625
test_000037,fork_01,fork,0.8280724883079529,371.7897644042969,1093.677001953125,431.8185729980469,1219.66162109375
test_000037,cup_01,cup,0.7117143273353577,179.85958862304688,1047.5267333984375,344.46905517578125,1220.22607421875
test_000037,cup_02,cup,0.7079139947891235,629.99169921875,791.0242919921875,717.0595092773438,923.9961547851562
test_000037,cup_03,cup,0.7007268667221069,215.67796325683594,749.2509765625,304.29071044921875,881.6904907226562
test_000037,cup_04,cup,0.6761631965637207,327.3328552246094,906.2584228515625,457.8750915527344,1030.4556884765625
test_000037,cup_05,cup,0.7156064510345459,763.0367431640625,894.0933227539062,861.2393188476562,1033.25732421875
test_000037,cup_06,cup,0.6945264935493469,405.8953552246094,754.60107421875,531.4857788085938,889.447998046875
test_000037,bottle_01,bottle,0.6897603869438171,475.3651123046875,959.8670654296875,580.4672241210938,1198.3160400390625
test_000037,bottle_02,bottle,0.7019834518432617,527.0470581054688,831.49609375,616.6390991210938,1022.3023071289062
test_000037,bottle_03,bottle,0.658226490020752,59.57390594482422,808.875244140625,176.6359405517578,989.9932250976562
test_000037,spoon_01,spoon,0.7694510221481323,19.234962463378906,1067.83544921875,121.25462341308594,1203.935791015625
test_000037,plate_01,plate,0.7054364085197449,624.4673461914062,1066.0023193359375,765.3748779296875,1188.73095703125
test_000037,plate_02,plate,0.6851713061332703,193.3950653076172,940.4688110351562,326.32574462890625,1045.08203125
test_000037,knife_01,knife,0.6804198622703552,791.6302490234375,1101.8211669921875,852.13525390625,1213.3060302734375
test_000037,knife_02,knife,0.6848005652427673,649.5101318359375,955.1409912109375,739.4498291015625,1041.5003662109375
test_000038,fork_01,fork,0.8194706439971924,371.9525451660156,1093.93408203125,431.7734680175781,1219.3895263671875
test_000038,cup_01,cup,0.7092975974082947,179.88328552246094,1047.7135009765625,343.517578125,1219.84130859375
test_000038,cup_02,cup,0.6988994479179382,215.60328674316406,748.9573364257812,304.1725158691406,881.217529296875
test_000038,cup_03,cup,0.7097463607788086,630.0531616210938,791.0636596679688,716.9077758789062,923.8346557617188
test_000038,cup_04,cup,0.6724384427070618,327.77264404296875,906.3211669921875,457.98419189453125,1031.017578125
test_000038,cup_05,cup,0.7073795199394226,762.8372192382812,893.7734985351562,861.352783203125,1033.0614013671875
test_000038,bottle_01,bottle,0.6946885585784912,475.2342834472656,959.8509521484375,580.41748046875,1199.08544921875
test_000038,cup_06,cup,0.6958481669425964,405.8562316894531,754.4603881835938,531.5003662109375,890.1036376953125
test_000038,bottle_02,bottle,0.7040901780128479,527.0673828125,831.8358154296875,616.72314453125,1022.3369140625
test_000038,bottle_03,bottle,0.669777512550354,59.58368682861328,808.8302001953125,176.46600341796875,989.6238403320312
test_000038,spoon_01,spoon,0.7487384676933289,18.66948699951172,1067.4820556640625,121.337158203125,1203.5823974609375
test_000038,plate_01,plate,0.6956672668457031,624.6578369140625,1065.904296875,765.3331298828125,1188.7108154296875
test_000038,plate_02,plate,0.6783509850502014,193.38954162597656,940.2977294921875,326.264892578125,1045.065673828125
test_000038,knife_01,knife,0.683807909488678,791.6426391601562,1101.5413818359375,852.2194213867188,1213.177734375
test_000038,knife_02,knife,0.6790363788604736,649.5703125,954.9920043945312,739.7188110351562,1041.4053955078125
test_000039,fork_01,fork,0.8174125552177429,372.0157165527344,1094.0323486328125,431.89593505859375,1219.404296875
test_000039,cup_01,cup,0.6998039484024048,215.5357666015625,749.146240234375,304.21533203125,881.388671875
test_000039,cup_02,cup,0.7118141055107117,180.13272094726562,1047.7998046875,343.1231689453125,1220.1708984375
test_000039,cup_03,cup,0.7045661211013794,629.9970092773438,791.0801391601562,716.8709716796875,923.6470947265625
test_000039,cup_04,cup,0.6737866997718811,327.254638671875,906.326171875,457.8913879394531,1031.193603515625
test_000039,cup_05,cup,0.7087790369987488,763.1489868164062,893.9553833007812,861.3427124023438,1033.2200927734375
test_000039,cup_06,cup,0.696990966796875,405.6719055175781,754.575439453125,531.5070190429688,889.7684326171875
test_000039,bottle_01,bottle,0.6730862259864807,475.78167724609375,960.187255859375,580.4623413085938,1198.091064453125
test_000039,bottle_02,bottle,0.662591278553009,59.568878173828125,809.1699829101562,176.68211364746094,990.13720703125
test_000039,bottle_03,bottle,0.6931849122047424,526.992919921875,832.0059204101562,616.7333984375,1022.1412963867188
test_000039,spoon_01,spoon,0.7423568964004517,19.067150115966797,1068.21728515625,121.46142578125,1204.1156005859375
test_000039,plate_01,plate,0.6748543381690979,193.49012756347656,939.9803466796875,326.2822265625,1045.087158203125
test_000039,plate_02,plate,0.6972365975379944,624.6282348632812,1066.03369140625,765.7612915039062,1188.6456298828125
test_000039,knife_01,knife,0.6888598799705505,791.4744262695312,1101.8466796875,852.0112915039062,1213.4317626953125
test_000039,knife_02,knife,0.653634786605835,649.3279418945312,955.0121459960938,739.6829223632812,1041.6375732421875
test_000040,fork_01,fork,0.8525521159172058,361.0164489746094,591.7186889648438,419.9785461425781,722.4151611328125
test_000040,cup_01,cup,0.6554744839668274,300.57177734375,377.73468017578125,443.3076171875,523.8274536132812
test_000040,cup_02,cup,0.6778023838996887,165.34375,186.01966857910156,270.77581787109375,351.5447692871094
test_000040,cup_03,cup,0.6738684177398682,156.8050079345703,537.8878173828125,330.37353515625,722.1595458984375
test_000040,cup_04,cup,0.6893776655197144,634.4451904296875,237.45640563964844,732.6569213867188,401.75604248046875
test_000040,cup_05,cup,0.7022501826286316,770.2970581054688,364.5906982421875,883.1820678710938,525.6826171875
test_000040,bottle_01,bottle,0.6843562126159668,519.0778198242188,284.8671875,617.9298095703125,513.5733642578125
test_000040,bottle_02,bottle,0.6873841285705566,463.7099609375,434.8177490234375,575.2835083007812,700.0160522460938
test_000040,bottle_03,bottle,0.6324504613876343,4.282688617706299,257.4588623046875,139.3483123779297,476.21954345703125
test_000040,cup_06,cup,0.6756982803344727,381.542724609375,191.70773315429688,523.9283447265625,360.62127685546875
test_000040,plate_01,plate,0.688373327255249,618.7376098632812,560.953369140625,764.3345336914062,691.3956909179688
test_000040,spoon_01,spoon,0.7424490451812744,3.6856367588043213,561.9891357421875,93.7880630493164,703.8809814453125
test_000040,plate_02,plate,0.69529128074646,160.2426300048828,418.88214111328125,302.60198974609375,537.6502685546875
test_000040,knife_01,knife,0.6064445376396179,784.6483154296875,599.6886596679688,855.5810546875,715.4166870117188
test_000040,knife_02,knife,0.6515525579452515,651.6268920898438,437.58758544921875,744.4886474609375,534.8441772460938
test_000041,fork_01,fork,0.842951238155365,360.7313232421875,591.5914916992188,420.0708923339844,722.617431640625
test_000041,cup_01,cup,0.6580708622932434,300.39361572265625,377.2613220214844,443.296630859375,523.9330444335938
test_000041,cup_02,cup,0.6687771081924438,165.36819458007812,186.0975341796875,270.4952087402344,351.5014953613281
test_000041,cup_03,cup,0.6730440258979797,156.966064453125,537.83447265625,330.756591796875,721.8095703125
test_000041,cup_04,cup,0.6876917481422424,633.895263671875,237.494140625,732.621826171875,401.8254699707031
test_000041,cup_05,cup,0.6939988732337952,770.0692749023438,364.6614074707031,882.7063598632812,525.8023681640625
test_000041,bottle_01,bottle,0.6843503713607788,518.8452758789062,284.54498291015625,618.5177001953125,513.8623046875
test_000041,bottle_02,bottle,0.6892701387405396,463.6336669921875,434.5552978515625,575.0939331054688,700.4837036132812
test_000041,bottle_03,bottle,0.6331123113632202,3.8827953338623047,256.6900329589844,139.39486694335938,476.31451416015625
test_000041,cup_06,cup,0.6766022443771362,381.92047119140625,192.43411254882812,523.672119140625,360.96600341796875
test_000041,plate_01,plate,0.6832327842712402,618.6337280273438,561.1378784179688,764.257568359375,691.5357666015625
test_000041,plate_02,plate,0.6900145411491394,159.99505615234375,418.731201171875,302.2225646972656,537.45166015625
test_000041,spoon_01,spoon,0.7198821306228638,3.9983770847320557,562.0482177734375,94.09844970703125,703.9279174804688
test_000041,knife_01,knife,0.60197514295578,784.4700317382812,599.972900390625,855.2278442382812,715.6343994140625
test_000041,knife_02,knife,0.6487516760826111,651.5507202148438,437.36444091796875,744.1281127929688,534.9256591796875
test_000042,fork_01,fork,0.84635329246521,361.3370056152344,590.6456298828125,419.8813171386719,722.552001953125
test_000042,cup_01,cup,0.662456750869751,300.5018615722656,377.4700622558594,443.3390197753906,523.9512939453125
test_000042,cup_02,cup,0.6784624457359314,165.29917907714844,185.95721435546875,270.9864501953125,351.98614501953125
test_000042,cup_03,cup,0.6794683933258057,156.8162384033203,537.8953247070312,330.4766540527344,721.8943481445312
test_000042,cup_04,cup,0.6892508864402771,634.5364379882812,237.63113403320312,732.7924194335938,401.8738708496094
test_000042,bottle_01,bottle,0.6872947216033936,519.1482543945312,284.4369201660156,618.134765625,513.5696411132812
test_000042,cup_05,cup,0.6957922577857971,770.48046875,364.684814453125,883.1404418945312,525.19384765625
test_000042,bottle_02,bottle,0.687204122543335,463.8351745605469,434.8164978027344,575.4281616210938,700.3173828125
test_000042,bottle_03,bottle,0.6413627862930298,4.335410118103027,257.06427001953125,139.4868621826172,475.8898010253906
test_000042,cup_06,cup,0.6896857023239136,381.7132873535156,192.24383544921875,524.10693359375,360.84375
test_000042,plate_01,plate,0.6960955858230591,618.9108276367188,560.9693603515625,764.5497436523438,691.2427978515625
test_000042,spoon_01,spoon,0.740906834602356,4.388421058654785,561.9288330078125,93.94824981689453,703.7666625976562
test_000042,plate_02,plate,0.6968255043029785,160.336181640625,418.484130859375,302.3923034667969,537.659423828125
test_000042,knife_01,knife,0.5869420170783997,784.550048828125,599.829833984375,855.6468505859375,715.5335083007812
test_000042,knife_02,knife,0.6257815361022949,651.7225341796875,437.5063171386719,744.39404296875,534.7466430664062
test_000043,fork_01,fork,0.852027952671051,361.07147216796875,1622.7781982421875,431.8580322265625,1779.957275390625
test_000043,cup_01,cup,0.7022848129272461,640.9417114257812,1278.234375,730.1405639648438,1421.889892578125
test_000043,cup_02,cup,0.7045716643333435,324.18511962890625,1403.6734619140625,462.37872314453125,1546.0576171875
test_000043,cup_03,cup,0.7102319598197937,220.37548828125,1235.642333984375,308.6263122558594,1375.17822265625
test_000043,cup_04,cup,0.7381793260574341,154.55859375,1569.4676513671875,334.185546875,1779.1019287109375
test_000043,bottle_01,bottle,0.7549856901168823,480.5154724121094,1468.5677490234375,594.238525390625,1752.9739990234375
test_000043,bottle_02,bottle,0.6543123722076416,52.34006881713867,1301.7000732421875,165.10330200195312,1496.8939208984375
test_000043,bottle_03,bottle,0.7263501882553101,536.0007934570312,1323.1890869140625,629.7258911132812,1536.9901123046875
test_000043,cup_05,cup,0.7134078741073608,790.5577392578125,1392.5394287109375,891.0831298828125,1549.3179931640625
test_000043,cup_06,cup,0.6894287467002869,412.66607666015625,1239.8302001953125,540.0469360351562,1382.1883544921875
test_000043,plate_01,plate,0.7397274971008301,645.6861572265625,1588.720947265625,804.4124755859375,1742.1865234375
test_000043,plate_02,plate,0.7284221649169922,178.24395751953125,1440.874267578125,320.2621765136719,1564.034912109375
test_000043,knife_01,knife,0.6985457539558411,837.7550048828125,1632.41259765625,897.69287109375,1773.0367431640625
test_000043,spoon_01,spoon,0.7304686307907104,0.6310849189758301,1590.4207763671875,93.18219757080078,1731.7025146484375
test_000043,knife_02,knife,0.6747843623161316,667.26171875,1458.302978515625,769.5517578125,1559.6837158203125
test_000044,fork_01,fork,0.8590583205223083,361.1744079589844,1622.6048583984375,431.50390625,1780.363525390625
test_000044,cup_01,cup,0.6997829675674438,641.22216796875,1278.28759765625,730.0964965820312,1421.7916259765625
test_000044,bottle_01,bottle,0.7547326683998108,480.46990966796875,1468.7259521484375,594.6118774414062,1754.7034912109375
test_000044,cup_02,cup,0.6934995651245117,324.20806884765625,1403.3636474609375,462.55096435546875,1546.696533203125
test_000044,cup_03,cup,0.7302385568618774,154.59756469726562,1569.50830078125,334.4018859863281,1779.4302978515625
test_000044,cup_04,cup,0.7074095010757446,220.36964416503906,1235.5517578125,308.5165710449219,1375.2593994140625
test_000044,bottle_02,bottle,0.7229338884353638,536.370361328125,1322.9908447265625,630.0791625976562,1536.2279052734375
test_000044,bottle_03,bottle,0.6467393040657043,52.626373291015625,1301.5714111328125,164.75375366210938,1497.5650634765625
test_000044,cup_05,cup,0.70905601978302,790.5205078125,1392.232666015625,891.3284301757812,1549.2042236328125
test_000044,cup_06,cup,0.6838045716285706,412.89111328125,1239.69921875,540.1116333007812,1382.5670166015625
test_000044,plate_01,plate,0.7410284876823425,646.0368041992188,1588.2120361328125,804.7606811523438,1741.7762451171875
test_000044,plate_02,plate,0.7362468838691711,178.37173461914062,1440.992431640625,320.91754150390625,1563.9818115234375
test_000044,knife_01,knife,0.6927359104156494,838.2383422851562,1632.792724609375,897.5927124023438,1773.137451171875
test_000044,spoon_01,spoon,0.7594897747039795,0.6500387191772461,1590.766357421875,93.38545227050781,1731.730224609375
test_000044,knife_02,knife,0.6744391322135925,667.2947387695312,1458.5313720703125,769.4832763671875,1559.5511474609375
test_000045,fork_01,fork,0.870548665523529,360.4068908691406,1622.90966796875,431.6712951660156,1780.2276611328125
test_000045,cup_01,cup,0.7019037008285522,641.0574340820312,1278.355712890625,730.3706665039062,1422.4554443359375
test_000045,cup_02,cup,0.6917401552200317,324.2287292480469,1403.6177978515625,462.7210998535156,1542.72021484375
test_000045,cup_03,cup,0.7069607973098755,220.48294067382812,1235.6566162109375,308.440185546875,1375.217529296875
test_000045,cup_04,cup,0.726019024848938,154.52459716796875,1569.7762451171875,334.1993103027344,1779.2230224609375
test_000045,bottle_01,bottle,0.6677103638648987,52.705055236816406,1301.765869140625,165.16366577148438,1497.5992431640625
test_000045,bottle_02,bottle,0.725043535232544,536.31005859375,1323.19677734375,629.7916870117188,1536.913330078125
test_000045,bottle_03,bottle,0.7585281133651733,480.5015869140625,1468.795654296875,594.69970703125,1754.6688232421875
test_000045,cup_05,cup,0.7103531956672668,790.6762084960938,1392.6590576171875,891.1434326171875,1549.9691162109375
test_000045,cup_06,cup,0.6788302659988403,412.7911682128906,1240.0057373046875,540.1325073242188,1382.33740234375
test_000045,plate_01,plate,0.7290141582489014,645.6253662109375,1588.327392578125,804.4507446289062,1741.769775390625
test_000045,plate_02,plate,0.7248403429985046,178.14207458496094,1441.1922607421875,320.7750549316406,1564.19677734375
test_000045,knife_01,knife,0.6910075545310974,838.0235595703125,1633.222900390625,897.728515625,1773.3790283203125
test_000045,spoon_01,spoon,0.758363664150238,0.6659066677093506,1590.8599853515625,93.55624389648438,1731.5799560546875
test_000045,knife_02,knife,0.6998357772827148,667.2755126953125,1458.552734375,769.5050048828125,1559.8074951171875
test_000046,cup_01,cup,0.6995782852172852,497.2596435546875,971.8583984375,580.3487548828125,1101.2716064453125
test_000046,fork_01,fork,0.8156611919403076,567.198974609375,1344.773193359375,649.1205444335938,1474.5950927734375
test_000046,cup_02,cup,0.7265892028808594,400.98919677734375,1261.5072021484375,555.3618774414062,1443.1849365234375
test_000046,cup_03,cup,0.6641691327095032,575.0264282226562,1151.025146484375,703.9777221679688,1282.4451904296875
test_000046,bottle_01,bottle,0.6827117800712585,339.9722900390625,1002.965576171875,429.6246337890625,1179.0970458984375
test_000046,cup_04,cup,0.6506745219230652,893.705322265625,1083.9119873046875,998.3192138671875,1224.875732421875
test_000046,bottle_02,bottle,0.6875953674316406,774.13037109375,1109.453125,877.778564453125,1308.001708984375
test_000046,cup_05,cup,0.680675208568573,674.2610473632812,1008.3497924804688,800.1616821289062,1144.6805419921875
test_000046,plate_01,plate,0.6783400177955627,849.5181884765625,1380.2393798828125,1007.5587158203125,1525.4359130859375
test_000046,spoon_01,spoon,0.7314611673355103,233.77365112304688,1252.91015625,351.72528076171875,1372.547607421875
test_000046,bottle_03,bottle,0.7100307941436768,688.2815551757812,1232.7130126953125,820.596435546875,1491.0826416015625
test_000046,plate_02,plate,0.6590760350227356,433.2865905761719,1154.75830078125,563.9501953125,1260.073974609375
test_000046,cup_06,cup,0.5954248309135437,1022.8547973632812,1223.346923828125,1079.1927490234375,1374.4053955078125
test_000046,knife_01,knife,0.6586049795150757,902.3582153320312,1253.03271484375,992.9039916992188,1367.107666015625
test_000046,knife_02,knife,0.554302453994751,1024.46826171875,1477.0697021484375,1079.3629150390625,1579.51123046875
test_000047,cup_01,cup,0.6995782852172852,497.2596435546875,971.8583984375,580.3487548828125,1101.2716064453125
test_000047,fork_01,fork,0.8156611919403076,567.198974609375,1344.773193359375,649.1205444335938,1474.5950927734375
test_000047,cup_02,cup,0.7265892028808594,400.98919677734375,1261.5072021484375,555.3618774414062,1443.1849365234375
test_000047,cup_03,cup,0.6641691327095032,575.0264282226562,1151.025146484375,703.9777221679688,1282.4451904296875
test_000047,bottle_01,bottle,0.6827117800712585,339.9722900390625,1002.965576171875,429.6246337890625,1179.0970458984375
test_000047,cup_04,cup,0.6506745219230652,893.705322265625,1083.9119873046875,998.3192138671875,1224.875732421875
test_000047,bottle_02,bottle,0.6875953674316406,774.13037109375,1109.453125,877.778564453125,1308.001708984375
test_000047,cup_05,cup,0.680675208568573,674.2610473632812,1008.3497924804688,800.1616821289062,1144.6805419921875
test_000047,plate_01,plate,0.6783400177955627,849.5181884765625,1380.2393798828125,1007.5587158203125,1525.4359130859375
test_000047,spoon_01,spoon,0.7314611673355103,233.77365112304688,1252.91015625,351.72528076171875,1372.547607421875
test_000047,bottle_03,bottle,0.7100307941436768,688.2815551757812,1232.7130126953125,820.596435546875,1491.0826416015625
test_000047,plate_02,plate,0.6590760350227356,433.2865905761719,1154.75830078125,563.9501953125,1260.073974609375
test_000047,cup_06,cup,0.5954248309135437,1022.8547973632812,1223.346923828125,1079.1927490234375,1374.4053955078125
test_000047,knife_01,knife,0.6586049795150757,902.3582153320312,1253.03271484375,992.9039916992188,1367.107666015625
test_000047,knife_02,knife,0.554302453994751,1024.46826171875,1477.0697021484375,1079.3629150390625,1579.51123046875
test_000048,cup_01,cup,0.7041348218917847,497.5230712890625,971.9153442382812,580.6741333007812,1100.9781494140625
test_000048,fork_01,fork,0.807490348815918,567.5529174804688,1344.4259033203125,649.12939453125,1474.6104736328125
test_000048,cup_02,cup,0.7304241061210632,401.0391540527344,1261.617431640625,555.4990844726562,1443.6279296875
test_000048,cup_03,cup,0.670640766620636,575.2007446289062,1151.031494140625,704.0769653320312,1281.8466796875
test_000048,bottle_01,bottle,0.6764813661575317,340.3246765136719,1003.037353515625,429.7962341308594,1179.166748046875
test_000048,bottle_02,bottle,0.7048782706260681,688.7450561523438,1232.95849609375,820.8736572265625,1489.2197265625
test_000048,bottle_03,bottle,0.6907820105552673,774.115478515625,1109.638427734375,878.2757568359375,1308.12890625
test_000048,cup_04,cup,0.676676332950592,674.6185913085938,1008.500732421875,800.3519897460938,1144.895751953125
test_000048,plate_01,plate,0.6771517395973206,849.659912109375,1379.9620361328125,1007.9384765625,1525.8934326171875
test_000048,cup_05,cup,0.65607750415802,894.1004028320312,1084.072265625,998.544189453125,1224.839599609375
test_000048,spoon_01,spoon,0.7190083265304565,233.28610229492188,1252.87353515625,351.6970520019531,1372.935302734375
test_000048,plate_02,plate,0.6648082733154297,433.5946960449219,1155.0577392578125,563.9996337890625,1260.294677734375
test_000048,cup_06,cup,0.5895369648933411,1022.974853515625,1223.705810546875,1079.2767333984375,1374.2445068359375
test_000048,knife_01,knife,0.6680660247802734,902.6150512695312,1253.5758056640625,993.072265625,1367.10791015625
test_000048,knife_02,knife,0.529412031173706,1024.7587890625,1477.0228271484375,1079.4127197265625,1579.65185546875
test_000049,fork_01,fork,0.8528338074684143,165.50880432128906,1402.834228515625,214.19761657714844,1551.70068359375
test_000049,cup_01,cup,0.6906315684318542,370.2135009765625,1035.3983154296875,456.47320556640625,1167.537841796875
test_000049,cup_02,cup,0.7120391726493835,523.6553955078125,1110.9737548828125,613.40771484375,1250.8306884765625
test_000049,cup_03,cup,0.6699621677398682,136.52406311035156,1038.95361328125,274.2576904296875,1176.2701416015625
test_000049,cup_04,cup,0.6421820521354675,73.53105163574219,1201.1470947265625,221.29425048828125,1335.287841796875
test_000049,cup_05,cup,0.6781082153320312,0.722124457359314,1393.374267578125,123.64469909667969,1586.6212158203125
test_000049,bottle_01,bottle,0.6821693181991577,244.8809356689453,1234.7236328125,372.534423828125,1491.2427978515625
test_000049,plate_01,plate,0.7028146386146545,419.84063720703125,1304.776123046875,563.8436889648438,1437.465087890625
test_000049,bottle_02,bottle,0.7005321979522705,281.4738464355469,1094.4544677734375,381.38232421875,1286.8408203125
test_000049,spoon knife_01,spoon knife,0.5758489966392517,601.6500854492188,1309.4873046875,640.3331298828125,1435.5682373046875
test_000049,plate_02,plate,0.5403308868408203,0.46453580260276794,1267.9862060546875,80.55049896240234,1391.3194580078125
test_000049,knife_01,knife,0.6338222026824951,417.32281494140625,1200.6929931640625,519.1644287109375,1273.646240234375
test_000049,cup_06,cup,0.43865081667900085,0.32658442854881287,1070.497802734375,37.720741271972656,1207.919189453125
test_000050,fork_01,fork,0.8563998937606812,165.81362915039062,1403.01953125,214.66943359375,1551.4991455078125
test_000050,cup_01,cup,0.6771517992019653,370.4886169433594,1035.45458984375,456.7147521972656,1167.419189453125
test_000050,cup_02,cup,0.6991549730300903,523.6932983398438,1111.01416015625,613.5678100585938,1250.8641357421875
test_000050,cup_03,cup,0.6266351342201233,73.43767547607422,1201.09033203125,221.53143310546875,1335.9169921875
test_000050,cup_04,cup,0.6580798029899597,136.4761199951172,1038.9144287109375,274.4792785644531,1176.472900390625
test_000050,bottle_01,bottle,0.7028357982635498,244.91705322265625,1235.1029052734375,372.5112609863281,1491.299560546875
test_000050,cup_05,cup,0.676505982875824,0.8122788667678833,1393.648193359375,124.61178588867188,1587.2578125
test_000050,bottle_02,bottle,0.7010400891304016,281.5677490234375,1094.5760498046875,381.6600646972656,1288.192626953125
test_000050,plate_01,plate,0.7054358720779419,420.0386047363281,1304.6524658203125,563.7574462890625,1437.3228759765625
test_000050,spoon knife_01,spoon knife,0.5643149614334106,601.7150268554688,1309.5439453125,640.5216674804688,1435.55078125
test_000050,plate_02,plate,0.5653222799301147,0.49555152654647827,1268.2041015625,80.49266815185547,1391.3387451171875
test_000050,knife_01,knife,0.6609079241752625,417.5708923339844,1200.8603515625,519.0525512695312,1273.6329345703125
test_000050,cup_06,cup,0.45939743518829346,0.3815811276435852,1070.40283203125,37.789703369140625,1208.0789794921875
test_000051,fork_01,fork,0.8522453904151917,165.4573516845703,1402.9456787109375,214.15640258789062,1551.4327392578125
test_000051,cup_01,cup,0.6887384653091431,370.2296447753906,1035.5244140625,456.6452941894531,1167.3804931640625
test_000051,cup_02,cup,0.7114307880401611,523.4466552734375,1110.9359130859375,613.6160278320312,1250.75732421875
test_000051,cup_03,cup,0.6418717503547668,73.42142486572266,1200.93212890625,221.1278839111328,1336.0103759765625
test_000051,cup_04,cup,0.6630263328552246,136.39187622070312,1038.7203369140625,274.28045654296875,1176.3345947265625
test_000051,cup_05,cup,0.6768309473991394,0.7658699154853821,1393.747314453125,123.9565200805664,1586.767333984375
test_000051,bottle_01,bottle,0.6855665445327759,244.7904815673828,1234.8468017578125,372.4354553222656,1491.555908203125
test_000051,plate_01,plate,0.6997042894363403,419.9517517089844,1304.9561767578125,563.7929077148438,1437.3258056640625
test_000051,bottle_02,bottle,0.7067906856536865,281.1768798828125,1093.994140625,381.6632995605469,1286.5146484375
test_000051,knife_01,knife,0.5899990797042847,601.6575927734375,1309.863037109375,640.2432861328125,1435.7247314453125
test_000051,knife_02,knife,0.6476020216941833,417.2901916503906,1200.9429931640625,519.0364990234375,1273.9542236328125
test_000051,plate_02,plate,0.5309991836547852,0.47167718410491943,1268.41162109375,80.66317749023438,1391.4127197265625
test_000051,cup_06,cup,0.45926815271377563,0.35366132855415344,1070.78515625,37.5593376159668,1208.5030517578125
test_000052,fork_01,fork,0.8300610780715942,182.90782165527344,895.0333862304688,221.35076904296875,1025.996337890625
test_000052,cup_01,cup,0.7023487687110901,515.1910400390625,612.438720703125,607.1827392578125,756.2708129882812
test_000052,cup_02,cup,0.6338562965393066,65.9325942993164,702.1728515625,216.8831024169922,834.4208984375
test_000052,cup_03,cup,0.6849663853645325,0.8535218238830566,884.2860717773438,140.41464233398438,1056.7052001953125
test_000052,cup_04,cup,0.662813127040863,354.5866394042969,529.158203125,445.059814453125,673.3629150390625
test_000052,bottle_01,bottle,0.6821907758712769,267.55181884765625,590.880859375,372.8857116699219,790.0587158203125
test_000052,cup_05,cup,0.6531762480735779,110.61700439453125,531.662353515625,256.5559387207031,678.8568115234375
test_000052,bottle_02,bottle,0.6529016494750977,241.70237731933594,732.8695678710938,372.3128967285156,973.3639526367188
test_000052,plate_01,plate,0.6650421619415283,414.9402160644531,807.1188354492188,553.6320190429688,927.5377807617188
test_000052,knife_01,knife,0.5407867431640625,588.536376953125,812.3153686523438,629.2470092773438,925.7646484375
test_000052,plate_02,plate,0.5779696106910706,0.5679107904434204,769.1082153320312,80.68243408203125,884.3963012695312
test_000052,knife_02,knife,0.6171978116035461,407.85101318359375,706.5886840820312,510.5905456542969,777.5814208984375
test_000053,fork_01,fork,0.8303738236427307,182.80191040039062,894.6805419921875,221.31004333496094,1025.2672119140625
test_000053,cup_01,cup,0.7150759100914001,515.0147705078125,612.2070922851562,607.2235717773438,756.1951293945312
test_000053,cup_02,cup,0.6360171437263489,65.91860961914062,702.148681640625,216.67491149902344,834.3140258789062
test_000053,cup_03,cup,0.6837819814682007,0.763600766658783,884.21728515625,140.3484649658203,1056.5196533203125
test_000053,cup_04,cup,0.6696877479553223,354.07293701171875,528.6498413085938,444.99993896484375,673.0699462890625
test_000053,bottle_01,bottle,0.681191623210907,267.40289306640625,590.4735717773438,373.1626892089844,789.5314331054688
test_000053,bottle_02,bottle,0.6649378538131714,241.59437561035156,732.5326538085938,371.857177734375,972.98388671875
test_000053,plate_01,plate,0.6717919707298279,415.03765869140625,806.7595825195312,553.4303588867188,927.1343994140625
test_000053,cup_05,cup,0.6539872288703918,110.1714859008789,531.3626098632812,256.69525146484375,679.1731567382812
test_000053,knife_01,knife,0.5624129772186279,588.3045654296875,812.2706909179688,629.36474609375,925.34619140625
test_000053,plate_02,plate,0.5713337659835815,0.5613648891448975,768.8662719726562,80.38544464111328,884.35205078125
test_000053,knife_02,knife,0.6255896687507629,407.6913757324219,706.4124755859375,510.36749267578125,777.43603515625
test_000054,fork_01,fork,0.8235037922859192,182.9058380126953,894.8505859375,221.38589477539062,1025.1734619140625
test_000054,cup_01,cup,0.7085030674934387,514.9756469726562,612.1240234375,607.33984375,755.8926391601562
test_000054,cup_02,cup,0.6314221024513245,65.89378356933594,702.21240234375,217.0642547607422,834.1699829101562
test_000054,cup_03,cup,0.6884877681732178,0.7268598675727844,883.9454956054688,140.30105590820312,1056.38525390625
test_000054,cup_04,cup,0.6674937605857849,353.9442443847656,528.6459350585938,444.7769470214844,672.7099609375
test_000054,bottle_01,bottle,0.6891714930534363,267.5191650390625,590.49267578125,372.8731994628906,789.6839599609375
test_000054,bottle_02,bottle,0.6636589765548706,241.4298095703125,732.4480590820312,372.1236267089844,972.5787963867188
test_000054,plate_01,plate,0.6656375527381897,414.77789306640625,806.7260131835938,553.4283447265625,927.1458740234375
test_000054,cup_05,cup,0.6487764120101929,109.84758758544922,531.24609375,256.4543151855469,678.4476318359375
test_000054,knife_01,knife,0.5678260922431946,588.35791015625,811.8909912109375,629.0210571289062,925.2266235351562
test_000054,plate_02,plate,0.5806959271430969,0.5408580303192139,768.9342041015625,80.53746795654297,884.643798828125
test_000054,knife_02,knife,0.5920091271400452,407.6885681152344,706.253662109375,510.3304443359375,777.1702880859375
test_000055,fork_01,fork,0.8598586320877075,555.5573120117188,843.83984375,635.9144897460938,959.650146484375
test_000055,cup_01,cup,0.6946477293968201,486.604248046875,457.36126708984375,575.3406982421875,602.720947265625
test_000055,cup_02,cup,0.6774389743804932,566.085205078125,653.1942749023438,696.7590942382812,785.448486328125
test_000055,cup_03,cup,0.7016786336898804,394.1965637207031,763.5020751953125,546.0260620117188,932.68212890625
test_000055,bottle_01,bottle,0.6840912699699402,766.3148803710938,604.619140625,873.8796997070312,809.1502075195312
test_000055,cup_04,cup,0.6473221778869629,888.154052734375,580.0655517578125,1003.4624633789062,727.4207763671875
test_000055,bottle_02,bottle,0.6804605722427368,321.5766906738281,488.65728759765625,418.4476013183594,684.4757690429688
test_000055,cup_05,cup,0.6580339670181274,670.6648559570312,499.751708984375,804.3317260742188,649.369140625
test_000055,bottle_03,bottle,0.7050803899765015,669.7254028320312,730.9413452148438,805.6456909179688,971.9739379882812
test_000055,plate_01,plate,0.6915332674980164,820.9961547851562,873.3710327148438,969.9572143554688,1002.5181274414062
test_000055,cup_06,cup,0.6228895783424377,999.161376953125,721.1644287109375,1078.9815673828125,868.027587890625
test_000055,plate_02,plate,0.68284010887146,423.5547180175781,659.568115234375,555.1067504882812,764.8071899414062
test_000055,spoon_01,spoon,0.6983134150505066,233.75579833984375,755.6192626953125,344.0996398925781,868.9061889648438
test_000055,knife_01,knife,0.6829494833946228,889.45654296875,754.9387817382812,967.5584716796875,861.1852416992188
test_000055,knife_02,knife,0.63239985704422,975.9053955078125,947.4616088867188,1066.7725830078125,1048.512939453125
test_000056,fork_01,fork,0.8523162603378296,555.6715087890625,843.820068359375,635.6293334960938,959.5499877929688
test_000056,cup_01,cup,0.6971955895423889,486.6051330566406,457.5307922363281,575.4073486328125,602.764892578125
test_000056,cup_02,cup,0.6833426356315613,565.7835693359375,653.3096313476562,696.6268920898438,784.7576904296875
test_000056,cup_03,cup,0.705848753452301,394.3240051269531,763.4747314453125,545.3988647460938,932.5255126953125
test_000056,bottle_01,bottle,0.6883151531219482,766.5684204101562,604.2603759765625,873.5038452148438,809.5305786132812
test_000056,cup_04,cup,0.6501453518867493,887.7184448242188,580.1861572265625,1003.26708984375,727.1375732421875
test_000056,bottle_02,bottle,0.6718549728393555,321.2159118652344,489.3545837402344,418.52655029296875,684.6702270507812
test_000056,cup_05,cup,0.6653516292572021,670.6842651367188,499.15936279296875,804.0733642578125,649.2894897460938
test_000056,bottle_03,bottle,0.703451931476593,670.1531372070312,730.6019287109375,805.7649536132812,972.90673828125
test_000056,plate_01,plate,0.6829717755317688,821.04052734375,873.3890380859375,969.71142578125,1002.4776000976562
test_000056,cup_06,cup,0.640521228313446,998.7239379882812,721.3070678710938,1078.98388671875,868.3773803710938
test_000056,plate_02,plate,0.6814563870429993,423.3098449707031,659.7142333984375,555.0606079101562,764.863037109375
test_000056,spoon_01,spoon,0.6848614811897278,233.34033203125,755.7813110351562,344.0289611816406,868.630126953125
test_000056,knife_01,knife,0.660851240158081,889.3786010742188,754.9033203125,967.0311279296875,861.0828857421875
test_000056,knife_02,knife,0.6065101623535156,975.5482788085938,947.4229125976562,1066.977783203125,1048.6453857421875
test_000057,fork_01,fork,0.8523162603378296,555.6715087890625,843.820068359375,635.6293334960938,959.5499877929688
test_000057,cup_01,cup,0.6971955895423889,486.6051330566406,457.5307922363281,575.4073486328125,602.764892578125
test_000057,cup_02,cup,0.6833426356315613,565.7835693359375,653.3096313476562,696.6268920898438,784.7576904296875
test_000057,cup_03,cup,0.705848753452301,394.3240051269531,763.4747314453125,545.3988647460938,932.5255126953125
test_000057,bottle_01,bottle,0.6883151531219482,766.5684204101562,604.2603759765625,873.5038452148438,809.5305786132812
test_000057,cup_04,cup,0.6501453518867493,887.7184448242188,580.1861572265625,1003.26708984375,727.1375732421875
test_000057,bottle_02,bottle,0.6718549728393555,321.2159118652344,489.3545837402344,418.52655029296875,684.6702270507812
test_000057,cup_05,cup,0.6653516292572021,670.6842651367188,499.15936279296875,804.0733642578125,649.2894897460938
test_000057,bottle_03,bottle,0.703451931476593,670.1531372070312,730.6019287109375,805.7649536132812,972.90673828125
test_000057,plate_01,plate,0.6829717755317688,821.04052734375,873.3890380859375,969.71142578125,1002.4776000976562
test_000057,cup_06,cup,0.640521228313446,998.7239379882812,721.3070678710938,1078.98388671875,868.3773803710938
test_000057,plate_02,plate,0.6814563870429993,423.3098449707031,659.7142333984375,555.0606079101562,764.863037109375
test_000057,spoon_01,spoon,0.6848614811897278,233.34033203125,755.7813110351562,344.0289611816406,868.630126953125
test_000057,knife_01,knife,0.660851240158081,889.3786010742188,754.9033203125,967.0311279296875,861.0828857421875
test_000057,knife_02,knife,0.6065101623535156,975.5482788085938,947.4229125976562,1066.977783203125,1048.6453857421875
test_000058,bottle_01,bottle,0.6129670739173889,126.95869445800781,844.1137084960938,238.3343048095703,1025.2078857421875
test_000058,bottle_02,bottle,0.6395215392112732,670.841796875,817.3778686523438,769.487548828125,1010.000244140625
test_000058,bottle_03,bottle,0.6044171452522278,480.3554382324219,911.2763671875,582.9430541992188,1150.968017578125
test_000059,bottle_01,bottle,0.6168297529220581,127.2518310546875,843.9381713867188,238.4191436767578,1025.937255859375
test_000059,bottle_02,bottle,0.6429142951965332,671.1119384765625,817.5711669921875,769.296875,1007.8021850585938
test_000059,bottle_03,bottle,0.6048597097396851,480.18365478515625,911.100830078125,583.1586303710938,1151.038818359375
test_000060,bottle_01,bottle,0.6168297529220581,127.2518310546875,843.9381713867188,238.4191436767578,1025.937255859375
test_000060,bottle_02,bottle,0.6429142951965332,671.1119384765625,817.5711669921875,769.296875,1007.8021850585938
test_000060,bottle_03,bottle,0.6048597097396851,480.18365478515625,911.100830078125,583.1586303710938,1151.038818359375
test_000061,bottle_01,bottle,0.6341360807418823,125.0135726928711,843.5668334960938,239.7837371826172,1025.677490234375
test_000061,bottle_02,bottle,0.655990481376648,669.9092407226562,817.7947998046875,767.8226928710938,1006.3802490234375
test_000061,bottle_03,bottle,0.6194324493408203,479.59075927734375,911.5676879882812,583.276123046875,1149.1790771484375
test_000061,cup bottle_01,cup bottle,0.4232231080532074,394.75341796875,669.142333984375,479.46356201171875,909.6544799804688
test_000062,bottle_01,bottle,0.6341360807418823,125.0135726928711,843.5668334960938,239.7837371826172,1025.677490234375
test_000062,bottle_02,bottle,0.655990481376648,669.9092407226562,817.7947998046875,767.8226928710938,1006.3802490234375
test_000062,bottle_03,bottle,0.6194324493408203,479.59075927734375,911.5676879882812,583.276123046875,1149.1790771484375
test_000062,cup bottle_01,cup bottle,0.4232231080532074,394.75341796875,669.142333984375,479.46356201171875,909.6544799804688
test_000063,bottle_01,bottle,0.6688023805618286,670.0001220703125,817.5502319335938,768.3593139648438,1007.3824462890625
test_000063,bottle_02,bottle,0.6256730556488037,479.6207275390625,911.1317749023438,582.7939453125,1149.775390625
test_000063,cup bottle_01,cup bottle,0.4006909132003784,394.9927673339844,669.1231079101562,478.9239196777344,909.7145385742188
test_000063,bottle_03,bottle,0.6397475600242615,125.06896209716797,843.7946166992188,238.97740173339844,1025.63134765625
test_000064,bottle_01,bottle,0.6598884463310242,670.3923950195312,817.853271484375,768.4287719726562,1006.3941040039062
test_000064,bottle_02,bottle,0.6219844222068787,479.6242980957031,911.5703125,583.0037231445312,1150.0736083984375
test_000064,bottle_03,bottle,0.6362273693084717,125.08088684082031,843.8388671875,239.74603271484375,1025.6156005859375
test_000064,cup bottle_01,cup bottle,0.40697500109672546,395.0356750488281,669.081298828125,479.0653076171875,909.8635864257812
test_000065,bottle_01,bottle,0.6602522730827332,670.4308471679688,817.7957763671875,768.71044921875,1006.69970703125
test_000065,bottle_02,bottle,0.6323046088218689,125.58287811279297,843.8960571289062,239.32211303710938,1025.94677734375
test_000065,bottle_03,bottle,0.6141589283943176,479.8553771972656,911.0517578125,583.0706176757812,1150.56787109375
test_000065,cup bottle_01,cup bottle,0.4134506285190582,395.18255615234375,669.1327514648438,479.1269836425781,909.88232421875
test_000066,bottle_01,bottle,0.6602522730827332,670.4308471679688,817.7957763671875,768.71044921875,1006.69970703125
test_000066,bottle_02,bottle,0.6323046088218689,125.58287811279297,843.8960571289062,239.32211303710938,1025.94677734375
test_000066,bottle_03,bottle,0.6141589283943176,479.8553771972656,911.0517578125,583.0706176757812,1150.56787109375
test_000066,cup bottle_01,cup bottle,0.4134506285190582,395.18255615234375,669.1327514648438,479.1269836425781,909.88232421875
test_000067,bottle_01,bottle,0.6649431586265564,672.6622924804688,267.575439453125,785.8709716796875,496.9248962402344
test_000067,bottle_02,bottle,0.6419445276260376,79.70979309082031,301.18817138671875,208.4823760986328,516.2230834960938
test_000067,bottle_03,bottle,0.6205338835716248,467.11553955078125,377.4438781738281,579.0612182617188,652.46923828125
test_000067,cup bottle_01,cup bottle,0.4153602719306946,366.0567626953125,74.4815673828125,465.288818359375,383.5206298828125
test_000068,bottle_01,bottle,0.6649431586265564,672.6622924804688,267.575439453125,785.8709716796875,496.9248962402344
test_000068,bottle_02,bottle,0.6419445276260376,79.70979309082031,301.18817138671875,208.4823760986328,516.2230834960938
test_000068,bottle_03,bottle,0.6205338835716248,467.11553955078125,377.4438781738281,579.0612182617188,652.46923828125
test_000068,cup bottle_01,cup bottle,0.4153602719306946,366.0567626953125,74.4815673828125,465.288818359375,383.5206298828125
test_000069,bottle_01,bottle,0.6538538932800293,673.7083740234375,267.6637268066406,785.9293212890625,496.09130859375
test_000069,bottle_02,bottle,0.6340740323066711,79.21403503417969,301.14715576171875,208.32313537597656,514.8590087890625
test_000069,bottle_03,bottle,0.6155574917793274,467.64385986328125,377.3333435058594,579.1502075195312,652.2862548828125
test_000069,cup bottle_01,cup bottle,0.42587214708328247,366.4371337890625,75.28186798095703,465.3479309082031,383.52130126953125
test_000070,bottle_01,bottle,0.5968056917190552,420.08648681640625,536.5210571289062,511.1446838378906,746.5283813476562
test_000070,bottle_02,bottle,0.5673080086708069,233.9640350341797,674.1362915039062,364.4522705078125,920.4028930664062
test_000071,bottle_01,bottle,0.5943681001663208,420.2637023925781,536.4791870117188,511.17327880859375,743.7222900390625
test_000071,cup bottle_01,cup bottle,0.3804866373538971,71.32498931884766,429.2771911621094,215.03895568847656,695.8075561523438
test_000071,bottle_02,bottle,0.5728974342346191,234.0228729248047,674.3336181640625,364.172119140625,920.57421875
test_000072,bottle_01,bottle,0.6026153564453125,420.6790771484375,537.4193725585938,511.32904052734375,741.9833984375
test_000072,bottle_02,bottle,0.5921940803527832,234.35726928710938,674.798095703125,364.463623046875,921.5199584960938
test_000073,bottle_01,bottle,0.5701482892036438,391.0780029296875,1044.681884765625,479.9012451171875,1225.1680908203125
test_000073,bottle_02,bottle,0.5707615613937378,923.2489013671875,1124.9581298828125,1047.2857666015625,1325.6407470703125
test_000073,bottle_03,bottle,0.5703164339065552,699.4689331054688,1181.1102294921875,830.5831298828125,1436.58837890625
test_000073,cup bottle_01,cup bottle,0.40605419874191284,663.3998413085938,922.2000122070312,759.6725463867188,1160.9210205078125
test_000074,bottle_01,bottle,0.5625544190406799,391.0897521972656,1044.5972900390625,480.4391784667969,1225.3948974609375
test_000074,bottle_02,bottle,0.5668348670005798,923.591796875,1124.70361328125,1047.1259765625,1325.295166015625
test_000074,bottle_03,bottle,0.5636671185493469,699.4329833984375,1181.384521484375,830.701416015625,1436.1246337890625
test_000075,bottle_01,bottle,0.5625544190406799,391.0897521972656,1044.5972900390625,480.4391784667969,1225.3948974609375
test_000075,bottle_02,bottle,0.5668348670005798,923.591796875,1124.70361328125,1047.1259765625,1325.295166015625
test_000075,bottle_03,bottle,0.5636671185493469,699.4329833984375,1181.384521484375,830.701416015625,1436.1246337890625
test_000076,bottle_01,bottle,0.637051522731781,387.0201416015625,1041.26806640625,474.8823547363281,1221.5225830078125
test_000076,bottle_02,bottle,0.6511989235877991,924.0078735351562,1124.806884765625,1047.4849853515625,1324.3651123046875
test_000076,bottle_03,bottle,0.6393771171569824,700.0198364257812,1180.500244140625,830.669921875,1436.934814453125
test_000076,spoon_01,spoon,0.6656105518341064,447.4200134277344,1320.832275390625,599.8207397460938,1389.06640625
test_000076,plate_01,plate,0.6464747190475464,498.9195251464844,1163.7965087890625,629.8048095703125,1272.1962890625
test_000076,plate_02,plate,0.6397621035575867,858.8897094726562,1373.693603515625,1017.03515625,1517.7484130859375
test_000076,cup bottle_01,cup bottle,0.4365370571613312,663.9757080078125,921.9165649414062,759.8070678710938,1160.7662353515625
test_000076,knife_01,knife,0.4056106507778168,450.32843017578125,1060.8529052734375,542.384521484375,1077.69287109375
test_000077,bottle_01,bottle,0.637051522731781,387.0201416015625,1041.26806640625,474.8823547363281,1221.5225830078125
test_000077,bottle_02,bottle,0.6511989235877991,924.0078735351562,1124.806884765625,1047.4849853515625,1324.3651123046875
test_000077,bottle_03,bottle,0.6393771171569824,700.0198364257812,1180.500244140625,830.669921875,1436.934814453125
test_000077,spoon_01,spoon,0.6656105518341064,447.4200134277344,1320.832275390625,599.8207397460938,1389.06640625
test_000077,plate_01,plate,0.6464747190475464,498.9195251464844,1163.7965087890625,629.8048095703125,1272.1962890625
test_000077,plate_02,plate,0.6397621035575867,858.8897094726562,1373.693603515625,1017.03515625,1517.7484130859375
test_000077,cup bottle_01,cup bottle,0.4365370571613312,663.9757080078125,921.9165649414062,759.8070678710938,1160.7662353515625
test_000077,knife_01,knife,0.4056106507778168,450.32843017578125,1060.8529052734375,542.384521484375,1077.69287109375
test_000078,bottle_01,bottle,0.6328747272491455,387.2679748535156,1041.360595703125,475.195068359375,1222.328125
test_000078,bottle_02,bottle,0.6526578664779663,923.8995361328125,1125.0662841796875,1047.14599609375,1324.2913818359375
test_000078,bottle_03,bottle,0.6421998739242554,699.8942260742188,1180.3424072265625,830.4894409179688,1436.577392578125
test_000078,spoon_01,spoon,0.6771811246871948,447.2493591308594,1320.5657958984375,599.8037109375,1388.803466796875
test_000078,plate_01,plate,0.6477369666099548,499.0003356933594,1163.9874267578125,630.0239868164062,1272.3114013671875
test_000078,plate_02,plate,0.6519978046417236,859.1610107421875,1373.751220703125,1017.311767578125,1517.727294921875
test_000078,cup bottle_01,cup bottle,0.44178125262260437,664.0863647460938,922.0060424804688,759.9322509765625,1160.8583984375
test_000078,knife_01,knife,0.39482682943344116,450.25030517578125,1060.68359375,542.41162109375,1077.8426513671875
test_000079,bottle_01,bottle,0.6770208477973938,689.5519409179688,1307.59228515625,788.6397094726562,1516.212646484375
test_000079,fork_01,fork,0.7177557349205017,879.7835693359375,1546.5146484375,916.9490966796875,1684.531494140625
test_000079,bottle_02,bottle,0.6477949023246765,112.35411834716797,1334.3599853515625,222.02630615234375,1535.40673828125
test_000079,bottle_03,bottle,0.6844328045845032,486.1825866699219,1411.29931640625,595.9071655273438,1692.349609375
test_000079,plate_01,plate,0.704185426235199,654.3876953125,1580.305419921875,812.6380615234375,1731.7413330078125
test_000079,spoon_01,spoon,0.7576956748962402,217.85604858398438,1606.4840087890625,376.931640625,1717.6500244140625
test_000079,cup bottle_01,cup bottle,0.43626245856285095,404.4554443359375,1155.349365234375,485.98809814453125,1404.2437744140625
test_000079,plate_02,plate,0.6955747604370117,251.87680053710938,1436.690185546875,393.2551574707031,1559.5506591796875
test_000080,bottle_01,bottle,0.6718553900718689,689.3631591796875,1307.808349609375,788.9241333007812,1515.737060546875
test_000080,fork_01,fork,0.7098079919815063,879.9447021484375,1546.6966552734375,916.8203735351562,1684.908203125
test_000080,bottle_02,bottle,0.6494120359420776,112.04889678955078,1334.45751953125,221.5555419921875,1535.655029296875
test_000080,bottle_03,bottle,0.680088460445404,486.31268310546875,1411.486328125,596.0842895507812,1693.094970703125
test_000080,plate_01,plate,0.6979682445526123,252.09388732910156,1437.1854248046875,393.2938232421875,1559.901123046875
test_000080,plate_02,plate,0.7023091912269592,654.43359375,1580.6707763671875,812.7741088867188,1731.8154296875
test_000080,spoon_01,spoon,0.7546641230583191,218.05316162109375,1606.5657958984375,376.7985534667969,1717.8321533203125
test_000080,cup bottle_01,cup bottle,0.4331447184085846,404.5120849609375,1155.2332763671875,486.0252685546875,1404.4647216796875
test_000081,bottle_01,bottle,0.6718553900718689,689.3631591796875,1307.808349609375,788.9241333007812,1515.737060546875
test_000081,fork_01,fork,0.7098079919815063,879.9447021484375,1546.6966552734375,916.8203735351562,1684.908203125
test_000081,bottle_02,bottle,0.6494120359420776,112.04889678955078,1334.45751953125,221.5555419921875,1535.655029296875
test_000081,bottle_03,bottle,0.680088460445404,486.31268310546875,1411.486328125,596.0842895507812,1693.094970703125
test_000081,plate_01,plate,0.6979682445526123,252.09388732910156,1437.1854248046875,393.2938232421875,1559.901123046875
test_000081,plate_02,plate,0.7023091912269592,654.43359375,1580.6707763671875,812.7741088867188,1731.8154296875
test_000081,spoon_01,spoon,0.7546641230583191,218.05316162109375,1606.5657958984375,376.7985534667969,1717.8321533203125
test_000081,cup bottle_01,cup bottle,0.4331447184085846,404.5120849609375,1155.2332763671875,486.0252685546875,1404.4647216796875
test_000082,bottle_01,bottle,0.6855101585388184,671.2702026367188,818.4754638671875,768.7684326171875,1007.9906005859375
test_000082,bottle_02,bottle,0.6328980326652527,121.94420623779297,843.6139526367188,233.6097869873047,1023.9905395507812
test_000082,fork_01,fork,0.7462074756622314,834.5834350585938,1031.57177734375,876.1600341796875,1146.2828369140625
test_000082,bottle_03,bottle,0.6394815444946289,480.6769714355469,913.2590942382812,582.72705078125,1152.3209228515625
test_000082,plate_01,plate,0.6926475763320923,263.3650207519531,939.1701049804688,393.5014343261719,1045.3455810546875
test_000082,plate_02,plate,0.6622925996780396,632.9993896484375,1061.2052001953125,773.9244995117188,1182.7076416015625
test_000082,spoon_01,spoon,0.679397702217102,240.66226196289062,1083.6630859375,382.9305419921875,1174.027099609375
test_000082,cup bottle_01,cup bottle,0.3900592625141144,395.98321533203125,669.9592895507812,478.99188232421875,910.8578491210938
test_000082,knife_01,knife,0.5961050391197205,218.50843811035156,832.8475341796875,334.46270751953125,874.530517578125
test_000083,bottle_01,bottle,0.6330181956291199,120.99449157714844,843.5804443359375,233.3372802734375,1024.103271484375
test_000083,bottle_02,bottle,0.6741951704025269,670.881103515625,818.50048828125,768.5914916992188,1008.6441650390625
test_000083,bottle_03,bottle,0.6427928805351257,480.42083740234375,913.3890991210938,582.6807861328125,1153.0103759765625
test_000083,fork_01,fork,0.7153897285461426,834.6646728515625,1031.745361328125,876.0491333007812,1145.9549560546875
test_000083,plate_01,plate,0.7012998461723328,263.06219482421875,939.2985229492188,393.25592041015625,1045.649658203125
test_000083,plate_02,plate,0.6761752963066101,632.7044067382812,1061.47998046875,773.72998046875,1182.8309326171875
test_000083,spoon_01,spoon,0.6802207231521606,241.0141143798828,1083.8197021484375,382.8298645019531,1174.2806396484375
test_000083,cup bottle_01,cup bottle,0.4003632664680481,395.5107727050781,669.7445678710938,479.1009521484375,911.107666015625
test_000083,knife_01,knife,0.6250121593475342,218.34169006347656,833.0573120117188,334.20513916015625,874.6465454101562
test_000084,bottle_01,bottle,0.640536904335022,121.37102508544922,843.678955078125,233.29676818847656,1024.0052490234375
test_000084,bottle_02,bottle,0.6828579306602478,670.8186645507812,818.6275024414062,768.6574096679688,1008.6126708984375
test_000084,bottle_03,bottle,0.638798713684082,480.49609375,913.0556030273438,582.536376953125,1152.8621826171875
test_000084,fork_01,fork,0.7250139117240906,834.24755859375,1031.63427734375,875.8212280273438,1145.8873291015625
test_000084,plate_01,plate,0.6927037835121155,263.14337158203125,939.303466796875,392.9842529296875,1045.41650390625
test_000084,plate_02,plate,0.6629131436347961,632.7208862304688,1061.4781494140625,773.8251342773438,1182.73779296875
test_000084,spoon_01,spoon,0.6740118265151978,240.89576721191406,1083.2906494140625,382.6585388183594,1173.8951416015625
test_000084,cup bottle_01,cup bottle,0.4015468657016754,395.6203308105469,669.8619384765625,478.8439636230469,911.0055541992188
test_000084,knife_01,knife,0.6193532943725586,218.539306640625,832.8646850585938,334.1544189453125,874.4352416992188
test_000085,bottle_01,bottle,0.6870278120040894,670.2868041992188,819.2447509765625,767.9482421875,1005.963623046875
test_000085,bottle_02,bottle,0.6461184620857239,120.14893341064453,843.2932739257812,233.45529174804688,1024.41015625
test_000085,fork_01,fork,0.7298075556755066,833.5222778320312,1030.650390625,875.7716064453125,1145.751708984375
test_000085,bottle_03,bottle,0.6490924954414368,480.12432861328125,913.320068359375,582.6188354492188,1151.8048095703125
test_000085,plate_01,plate,0.6746910810470581,262.7617492675781,938.27978515625,393.6979675292969,1043.491455078125
test_000085,plate_02,plate,0.6495928168296814,632.2808227539062,1059.48291015625,773.610107421875,1182.552734375
test_000085,cup bottle_01,cup bottle,0.4214863181114197,395.3992919921875,670.6566772460938,477.7841796875,910.8434448242188
test_000085,spoon_01,spoon,0.7086499333381653,240.7743682861328,1083.7200927734375,381.90814208984375,1174.8446044921875
test_000085,knife_01,knife,0.5763474702835083,217.3472137451172,832.2857666015625,334.0852966308594,874.6510009765625
test_000086,bottle_01,bottle,0.645042359828949,120.43621063232422,843.423828125,233.353759765625,1024.6064453125
test_000086,bottle_02,bottle,0.6781981587409973,670.3794555664062,819.566650390625,768.0491333007812,1006.9105834960938
test_000086,fork_01,fork,0.7210769653320312,833.8173828125,1030.790771484375,875.8970947265625,1145.612060546875
test_000086,bottle_03,bottle,0.644103467464447,480.0442810058594,912.9722900390625,582.988037109375,1152.05517578125
test_000086,plate_01,plate,0.6702112555503845,262.4482727050781,939.05078125,393.28662109375,1043.4462890625
test_000086,plate_02,plate,0.6520386934280396,632.4598388671875,1059.359619140625,773.61572265625,1182.432861328125
test_000086,cup bottle_01,cup bottle,0.40654346346855164,395.662841796875,670.333251953125,478.3904724121094,911.331298828125
test_000086,spoon_01,spoon,0.6901467442512512,240.60125732421875,1084.0494384765625,382.5677795410156,1175.0933837890625
test_000086,knife_01,knife,0.5525980591773987,217.54747009277344,832.6204833984375,334.4654541015625,874.8408203125
test_000087,bottle_01,bottle,0.6443896889686584,120.46151733398438,843.3861694335938,233.75869750976562,1023.9515380859375
test_000087,bottle_02,bottle,0.6790956854820251,670.5076293945312,819.4556274414062,767.99267578125,1006.5481567382812
test_000087,fork_01,fork,0.7307758927345276,834.0050659179688,1030.642822265625,875.6968994140625,1146.2156982421875
test_000087,bottle_03,bottle,0.6431534290313721,480.04522705078125,913.2913818359375,582.8290405273438,1152.547119140625
test_000087,plate_01,plate,0.6611328721046448,262.82574462890625,938.826171875,393.6283264160156,1042.592041015625
test_000087,plate_02,plate,0.656204879283905,632.61962890625,1059.2374267578125,773.5469970703125,1182.0169677734375
test_000087,cup bottle_01,cup bottle,0.4148383140563965,395.4820251464844,670.5607299804688,478.0960388183594,911.1958618164062
test_000087,spoon_01,spoon,0.7040443420410156,240.7962188720703,1083.7567138671875,382.0528869628906,1174.674560546875
test_000087,knife_01,knife,0.5532135367393494,217.7642364501953,832.96337890625,334.40484619140625,874.665771484375
test_000088,fork_01,fork,0.6938354969024658,404.9765930175781,1096.804443359375,504.4237060546875,1202.270751953125
test_000088,plate_01,plate,0.6415959000587463,658.2892456054688,911.284912109375,786.7127685546875,1013.2144775390625
test_000088,fork_02,fork,0.6774800419807434,834.0576782226562,1031.28564453125,875.7316284179688,1146.043701171875
test_000088,plate_02,plate,0.6373908519744873,632.0835571289062,1059.20751953125,774.15185546875,1182.8638916015625
test_000088,plate_03,plate,0.6260624527931213,262.651123046875,938.8463134765625,393.5107116699219,1044.1182861328125
test_000088,spoon_01,spoon,0.6380589604377747,480.45074462890625,1000.9159545898438,626.15380859375,1032.2054443359375
test_000088,spoon_02,spoon,0.6660526394844055,240.43345642089844,1083.99755859375,382.158447265625,1174.1121826171875
test_000088,knife_01,knife,0.5385849475860596,87.51415252685547,1031.142578125,199.60118103027344,1123.5677490234375
test_000088,knife_02,knife,0.5028129816055298,858.93359375,928.6237182617188,931.6163940429688,1027.049072265625
test_000088,fork_03,fork,0.5650653839111328,92.81014251708984,939.151123046875,213.51416015625,1011.141357421875
test_000088,spoon_03,spoon,0.5662746429443359,383.5023193359375,820.732421875,502.95672607421875,879.703369140625
test_000088,knife_03,knife,0.473477303981781,519.6564331054688,880.4817504882812,621.001953125,939.5643920898438
test_000088,knife_04,knife,0.48756158351898193,217.9146728515625,832.7767333984375,334.21148681640625,874.42919921875
test_000089,fork_01,fork,0.6938354969024658,404.9765930175781,1096.804443359375,504.4237060546875,1202.270751953125
test_000089,plate_01,plate,0.6415959000587463,658.2892456054688,911.284912109375,786.7127685546875,1013.2144775390625
test_000089,fork_02,fork,0.6774800419807434,834.0576782226562,1031.28564453125,875.7316284179688,1146.043701171875
test_000089,plate_02,plate,0.6373908519744873,632.0835571289062,1059.20751953125,774.15185546875,1182.8638916015625
test_000089,plate_03,plate,0.6260624527931213,262.651123046875,938.8463134765625,393.5107116699219,1044.1182861328125
test_000089,spoon_01,spoon,0.6380589604377747,480.45074462890625,1000.9159545898438,626.15380859375,1032.2054443359375
test_000089,spoon_02,spoon,0.6660526394844055,240.43345642089844,1083.99755859375,382.158447265625,1174.1121826171875
test_000089,knife_01,knife,0.5385849475860596,87.51415252685547,1031.142578125,199.60118103027344,1123.5677490234375
test_000089,knife_02,knife,0.5028129816055298,858.93359375,928.6237182617188,931.6163940429688,1027.049072265625
test_000089,fork_03,fork,0.5650653839111328,92.81014251708984,939.151123046875,213.51416015625,1011.141357421875
test_000089,spoon_03,spoon,0.5662746429443359,383.5023193359375,820.732421875,502.95672607421875,879.703369140625
test_000089,knife_03,knife,0.473477303981781,519.6564331054688,880.4817504882812,621.001953125,939.5643920898438
test_000089,knife_04,knife,0.48756158351898193,217.9146728515625,832.7767333984375,334.21148681640625,874.42919921875
test_000090,fork_01,fork,0.6837205290794373,404.8526611328125,1097.5777587890625,503.7999572753906,1202.265869140625
test_000090,plate_01,plate,0.6419072151184082,262.8148193359375,938.4034423828125,393.4790954589844,1043.894775390625
test_000090,plate_02,plate,0.6328583359718323,658.5328369140625,911.2639770507812,786.5580444335938,1013.0138549804688
test_000090,plate_03,plate,0.6416391730308533,632.0345458984375,1059.1474609375,773.7755737304688,1182.993408203125
test_000090,fork_02,fork,0.6551861763000488,833.6849365234375,1030.9691162109375,876.155029296875,1146.356689453125
test_000090,spoon_01,spoon,0.6321955323219299,480.68304443359375,1001.2379760742188,626.6363525390625,1031.929443359375
test_000090,spoon_02,spoon,0.6525222659111023,240.86195373535156,1084.110107421875,381.87591552734375,1175.4718017578125
test_000090,knife_01,knife,0.5508826971054077,87.38224792480469,1030.890380859375,199.81387329101562,1123.325927734375
test_000090,fork_03,fork,0.556258499622345,92.90882110595703,938.4713745117188,212.55665588378906,1011.2853393554688
test_000090,knife_02,knife,0.49857866764068604,217.98245239257812,832.6089477539062,333.7699890136719,874.29931640625
test_000090,spoon_03,spoon,0.5642402172088623,383.4611511230469,820.3546142578125,502.72283935546875,879.6583251953125
test_000090,knife_03,knife,0.4750477075576782,519.9271850585938,880.226806640625,621.4418334960938,939.5311279296875
test_000090,knife_04,knife,0.47004976868629456,858.7382202148438,928.7757568359375,931.5112915039062,1027.294189453125
test_000091,plate_01,plate,0.6483690738677979,263.1412048339844,939.2199096679688,393.0122985839844,1045.7965087890625
test_000091,plate_02,plate,0.6428611874580383,632.6865844726562,1061.1873779296875,774.0730590820312,1182.9927978515625
test_000091,plate_03,plate,0.6217369437217712,659.111083984375,911.3750610351562,786.8163452148438,1013.531005859375
test_000091,fork_01,fork,0.6360961198806763,405.455322265625,1097.4327392578125,503.8792724609375,1202.199951171875
test_000091,fork_02,fork,0.6536475419998169,93.2250747680664,938.9987182617188,213.4343719482422,1011.8824462890625
test_000091,spoon_01,spoon,0.6005951762199402,480.7255554199219,1002.3972778320312,626.5863647460938,1032.251708984375
test_000091,spoon_02,spoon,0.6096296906471252,240.34292602539062,1083.33447265625,382.8246765136719,1174.4017333984375
test_000091,spoon_03,spoon,0.5698542594909668,383.4526062011719,820.1427001953125,503.2264709472656,879.7291870117188
test_000091,fork_03,fork,0.6141961216926575,834.6404418945312,1031.994140625,875.9210815429688,1146.3670654296875
test_000091,knife_01,knife,0.5354584455490112,88.65218353271484,1032.05224609375,199.88563537597656,1123.6253662109375
test_000091,spoon knife_01,spoon knife,0.3892015814781189,859.405029296875,928.1944580078125,933.1503295898438,1027.5035400390625
test_000091,knife_02,knife,0.48342281579971313,218.48681640625,832.7501220703125,334.2271728515625,874.3673706054688
test_000091,spoon knife_02,spoon knife,0.44161540269851685,520.0396118164062,880.5488891601562,621.3453369140625,939.54296875
test_000092,plate_01,plate,0.6580327153205872,263.23968505859375,939.1737670898438,393.3482360839844,1045.4007568359375
test_000092,plate_02,plate,0.6311076283454895,658.9957885742188,910.9938354492188,786.828857421875,1013.168212890625
test_000092,plate_03,plate,0.6422308683395386,632.9010620117188,1060.933837890625,773.9397583007812,1182.8804931640625
test_000092,fork_01,fork,0.6496514081954956,405.5000915527344,1097.5694580078125,503.4192199707031,1201.9990234375
test_000092,fork_02,fork,0.6394635438919067,834.812255859375,1031.8848876953125,875.67431640625,1146.310546875
test_000092,spoon_01,spoon,0.6237567663192749,480.82147216796875,1002.4555053710938,626.3701171875,1032.1116943359375
test_000092,fork_03,fork,0.6630310416221619,93.56189727783203,939.0259399414062,212.75831604003906,1011.6558837890625
test_000092,spoon_02,spoon,0.5915600657463074,241.16323852539062,1083.5330810546875,382.80364990234375,1174.5068359375
test_000092,spoon_03,spoon,0.5717204809188843,383.64422607421875,820.099365234375,502.95013427734375,879.5415649414062
test_000092,knife_01,knife,0.5479316115379333,88.49018096923828,1031.9422607421875,200.2889862060547,1123.4256591796875
test_000092,knife_02,knife,0.5049206018447876,218.7119903564453,832.8911743164062,334.0338134765625,874.4025268554688
test_000092,knife_03,knife,0.4752785265445709,520.5116577148438,880.5669555664062,621.108154296875,939.4046020507812
test_000092,spoon knife_01,spoon knife,0.44897910952568054,859.3409423828125,928.0958862304688,932.858154296875,1027.25537109375
test_000093,plate_01,plate,0.6459029912948608,263.1602783203125,939.3248901367188,393.02508544921875,1045.696044921875
test_000093,plate_02,plate,0.6341214179992676,632.8246459960938,1060.758056640625,773.9385375976562,1183.0694580078125
test_000093,fork_01,fork,0.6389700770378113,405.3158874511719,1097.3902587890625,503.3174133300781,1202.15771484375
test_000093,plate_03,plate,0.6008821725845337,658.8829956054688,911.0650634765625,786.8699340820312,1013.331787109375
test_000093,spoon_01,spoon,0.6167630553245544,481.141845703125,1002.0971069335938,626.2982177734375,1032.0106201171875
test_000093,fork_02,fork,0.6658377647399902,93.44764709472656,938.895751953125,212.73985290527344,1011.6492309570312
test_000093,fork_03,fork,0.6235029697418213,834.54052734375,1031.8267822265625,876.0775146484375,1146.3372802734375
test_000093,spoon_02,spoon,0.6038630604743958,241.22421264648438,1083.28857421875,382.528076171875,1174.7327880859375
test_000093,spoon_03,spoon,0.5625267624855042,383.6019287109375,820.207763671875,502.6514587402344,879.701171875
test_000093,knife_01,knife,0.5070673823356628,88.35946655273438,1032.065673828125,199.938720703125,1123.5491943359375
test_000093,spoon knife_01,spoon knife,0.4008711576461792,859.519775390625,928.260009765625,932.64892578125,1027.1505126953125
test_000093,knife_02,knife,0.4801050126552582,218.45030212402344,833.0103759765625,334.06451416015625,874.3583374023438
test_000093,knife_03,knife,0.451998770236969,520.1975708007812,880.6376342773438,621.1397705078125,939.52001953125
test_000094,plate_01,plate,0.6828370690345764,654.640625,1580.9169921875,813.0081787109375,1731.8597412109375
test_000094,fork_01,fork,0.6863237023353577,399.4954528808594,1625.1292724609375,512.03271484375,1755.6798095703125
test_000094,plate_02,plate,0.6604859828948975,251.96116638183594,1437.47021484375,393.1717529296875,1560.7781982421875
test_000094,spoon_01,spoon,0.684228241443634,217.34120178222656,1607.30029296875,377.0149841308594,1718.35986328125
test_000094,plate_03,plate,0.6064967513084412,676.43994140625,1405.842041015625,814.4308471679688,1523.7017822265625
test_000094,fork_02,fork,0.6680396199226379,71.91405487060547,1437.4119873046875,203.78794860839844,1521.4775390625
test_000094,spoon_02,spoon,0.6273768544197083,486.5503845214844,1510.2447509765625,644.592041015625,1545.47216796875
test_000094,fork_03,fork,0.6427789330482483,879.7608642578125,1546.956298828125,916.9332885742188,1685.2640380859375
test_000094,knife_01,knife,0.573090672492981,53.75596237182617,1545.30126953125,180.94252014160156,1653.7078857421875
test_000094,spoon_03,spoon,0.5520126223564148,387.0682373046875,1305.246337890625,509.84259033203125,1370.4197998046875
test_000094,knife_02,knife,0.5285808444023132,528.6431274414062,1371.39013671875,634.4273681640625,1437.051025390625
test_000094,knife_03,knife,0.47833314538002014,888.0817260742188,1427.5728759765625,974.6963500976562,1540.234619140625
test_000094,knife_04,knife,0.5099908709526062,215.61439514160156,1319.191650390625,336.2400207519531,1364.760986328125
test_000095,plate_01,plate,0.6828370690345764,654.640625,1580.9169921875,813.0081787109375,1731.8597412109375
test_000095,fork_01,fork,0.6863237023353577,399.4954528808594,1625.1292724609375,512.03271484375,1755.6798095703125
test_000095,plate_02,plate,0.6604859828948975,251.96116638183594,1437.47021484375,393.1717529296875,1560.7781982421875
test_000095,spoon_01,spoon,0.684228241443634,217.34120178222656,1607.30029296875,377.0149841308594,1718.35986328125
test_000095,plate_03,plate,0.6064967513084412,676.43994140625,1405.842041015625,814.4308471679688,1523.7017822265625
test_000095,fork_02,fork,0.6680396199226379,71.91405487060547,1437.4119873046875,203.78794860839844,1521.4775390625
test_000095,spoon_02,spoon,0.6273768544197083,486.5503845214844,1510.2447509765625,644.592041015625,1545.47216796875
test_000095,fork_03,fork,0.6427789330482483,879.7608642578125,1546.956298828125,916.9332885742188,1685.2640380859375
test_000095,knife_01,knife,0.573090672492981,53.75596237182617,1545.30126953125,180.94252014160156,1653.7078857421875
test_000095,spoon_03,spoon,0.5520126223564148,387.0682373046875,1305.246337890625,509.84259033203125,1370.4197998046875
test_000095,knife_02,knife,0.5285808444023132,528.6431274414062,1371.39013671875,634.4273681640625,1437.051025390625
test_000095,knife_03,knife,0.47833314538002014,888.0817260742188,1427.5728759765625,974.6963500976562,1540.234619140625
test_000095,knife_04,knife,0.5099908709526062,215.61439514160156,1319.191650390625,336.2400207519531,1364.760986328125
test_000096,plate_01,plate,0.6696575880050659,252.04893493652344,1437.5206298828125,393.35821533203125,1560.8822021484375
test_000096,plate_02,plate,0.689232349395752,654.5983276367188,1580.60791015625,812.6814575195312,1732.073974609375
test_000096,plate_03,plate,0.6343205571174622,676.3330078125,1405.833740234375,814.4830932617188,1523.99658203125
test_000096,fork_01,fork,0.7024468183517456,399.517578125,1624.1834716796875,511.93499755859375,1755.5760498046875
test_000096,spoon_01,spoon,0.6975281238555908,217.6917724609375,1607.1585693359375,377.4468078613281,1718.2227783203125
test_000096,fork_02,fork,0.6750538945198059,71.94164276123047,1437.7489013671875,204.0947723388672,1521.50341796875
test_000096,spoon_02,spoon,0.6318674087524414,486.3983154296875,1510.44287109375,644.5333251953125,1545.56494140625
test_000096,knife_01,knife,0.5920771360397339,53.53874588012695,1545.202392578125,181.22999572753906,1653.7100830078125
test_000096,spoon_03,spoon,0.5662404894828796,387.00262451171875,1305.2564697265625,509.8766174316406,1370.1527099609375
test_000096,knife_02,knife,0.5264143943786621,528.7249145507812,1371.1348876953125,634.4049682617188,1437.0367431640625
test_000096,knife_03,knife,0.5041806101799011,888.2511596679688,1426.97412109375,974.6239013671875,1540.359130859375
test_000096,knife_04,knife,0.499681681394577,215.51638793945312,1319.048095703125,336.34918212890625,1364.542236328125
test_000096,fork_03,fork,0.647709310054779,879.9957885742188,1546.9136962890625,916.6217651367188,1684.962890625
test_000097,plate_01,plate,0.6349301934242249,499.49395751953125,1165.3807373046875,630.2883911132812,1274.4847412109375
test_000097,spoon_01,spoon,0.6781848073005676,713.5841064453125,1265.371337890625,866.8172607421875,1324.1419677734375
test_000097,spoon_02,spoon,0.680416464805603,446.88897705078125,1322.6478271484375,599.649658203125,1389.8665771484375
test_000097,plate_02,plate,0.6319061517715454,859.5101318359375,1375.5518798828125,1017.5418701171875,1519.6707763671875
test_000097,fork_01,fork,0.6971873044967651,605.2780151367188,1364.2686767578125,722.5704345703125,1461.08642578125
test_000097,knife_01,knife,0.664810061454773,312.9755554199219,1230.913818359375,431.9952087402344,1303.21484375
test_000097,plate_03,plate,0.5841934680938721,912.447021484375,1216.921630859375,1055.3441162109375,1334.4842529296875
test_000097,fork_02,fork,0.6951077580451965,341.9369812011719,1142.6578369140625,461.7591552734375,1195.657958984375
test_000097,spoon_03,spoon,0.5754151344299316,640.370361328125,1077.8033447265625,767.1422119140625,1118.875
test_000097,knife_02,knife,0.5264851450920105,481.8544006347656,1060.052001953125,597.652587890625,1085.431396484375
test_000097,knife_03,knife,0.4763280153274536,768.6106567382812,1162.9154052734375,883.424560546875,1208.3001708984375
test_000098,plate_01,plate,0.6292935609817505,499.46356201171875,1165.0570068359375,630.326171875,1274.6849365234375
test_000098,plate_02,plate,0.6289626359939575,859.6702270507812,1375.403564453125,1017.5213623046875,1520.13525390625
test_000098,spoon_01,spoon,0.6615750193595886,446.9073486328125,1322.2275390625,599.6199340820312,1390.2247314453125
test_000098,plate_03,plate,0.5973972678184509,912.53515625,1216.7947998046875,1055.2955322265625,1334.236572265625
test_000098,knife_01,knife,0.649359405040741,312.70013427734375,1230.8671875,432.4090881347656,1303.375
test_000098,fork_01,fork,0.6765955686569214,605.0060424804688,1365.3568115234375,721.7603149414062,1461.1505126953125
test_000098,spoon_02,spoon,0.5935685038566589,640.1058959960938,1077.6214599609375,766.972900390625,1118.70068359375
test_000098,spoon_03,spoon,0.6755459308624268,713.7239990234375,1265.1390380859375,866.6993408203125,1324.200927734375
test_000098,knife_02,knife,0.5241371393203735,481.6601867675781,1060.1038818359375,597.37890625,1085.3616943359375
test_000098,knife_03,knife,0.4606171250343323,768.5039672851562,1162.9674072265625,883.2276611328125,1208.353515625
test_000098,fork_02,fork,0.681076169013977,342.14715576171875,1142.4307861328125,461.5580139160156,1195.4744873046875
test_000099,plate_01,plate,0.6361709237098694,499.47320556640625,1165.343017578125,630.1824951171875,1274.2919921875
test_000099,spoon_01,spoon,0.6644333600997925,713.8128051757812,1265.6207275390625,866.7830810546875,1324.27978515625
test_000099,plate_02,plate,0.6241809129714966,859.5003662109375,1375.5782470703125,1017.501708984375,1519.9647216796875
test_000099,fork_01,fork,0.6839075684547424,341.7803649902344,1142.23876953125,461.54962158203125,1195.2158203125
test_000099,spoon_02,spoon,0.6581593155860901,446.2999267578125,1322.924072265625,599.7430419921875,1390.413818359375
test_000099,fork_02,fork,0.6793749928474426,604.7157592773438,1364.573974609375,721.952880859375,1461.45361328125
test_000099,plate_03,plate,0.5624583959579468,912.6554565429688,1216.92724609375,1055.3555908203125,1334.58447265625
test_000099,knife_01,knife,0.6281442642211914,312.36529541015625,1231.014404296875,432.2701416015625,1303.597412109375
test_000099,spoon_03,spoon,0.5789165496826172,639.9672241210938,1077.7027587890625,766.9673461914062,1119.0040283203125
test_000099,knife_02,knife,0.5225112438201904,481.6530456542969,1060.132080078125,597.779541015625,1085.5157470703125
test_000099,knife_03,knife,0.45716190338134766,768.6068725585938,1163.2037353515625,883.255615234375,1208.4334716796875
test_000115,fork_01,fork,0.6681289672851562,825.4631958007812,961.5419921875,862.2830200195312,1072.107666015625
test_000115,spoon_01,spoon,0.6366352438926697,615.84716796875,1039.831787109375,733.8436889648438,1118.6424560546875
test_000115,spoon_02,spoon,0.575493574142456,124.37101745605469,827.5209350585938,256.72894287109375,871.5929565429688
test_000115,spoon_03,spoon,0.5898835062980652,368.1303405761719,874.9102172851562,503.4971618652344,906.412353515625
test_000115,knife_01,knife,0.5112505555152893,163.4426727294922,964.69091796875,292.71246337890625,997.4036254882812
test_000115,spoon fork_01,spoon fork,0.4939064681529999,596.7593383789062,950.8450317382812,721.1981811523438,984.8367919921875
test_000115,knife_02,knife,0.4253343343734741,323.28399658203125,770.0894165039062,417.8824462890625,827.2586059570312
test_000115,spoon fork_02,spoon fork,0.4688176214694977,519.7529296875,808.0802001953125,632.8427124023438,834.4337768554688
test_000115,fork_02,fork,0.6584120988845825,385.34796142578125,985.698974609375,415.046630859375,1096.0694580078125
test_000116,fork_01,fork,0.673576831817627,825.7391967773438,961.5480346679688,862.42822265625,1071.992431640625
test_000116,spoon_01,spoon,0.6277965903282166,616.2765502929688,1039.848876953125,734.0400390625,1118.185302734375
test_000116,fork_02,fork,0.6591534614562988,385.5589904785156,985.6239013671875,415.174560546875,1095.943603515625
test_000116,spoon_02,spoon,0.5740861892700195,124.31100463867188,827.5335693359375,256.3813171386719,871.19482421875
test_000116,knife_01,knife,0.541786789894104,163.49154663085938,964.8308715820312,293.09393310546875,997.06591796875
test_000116,spoon_03,spoon,0.5668531656265259,368.3079528808594,874.720458984375,503.82989501953125,906.4090576171875
test_000116,knife_02,knife,0.4409041106700897,323.4258728027344,770.0269165039062,418.0592956542969,827.0675048828125
test_000116,spoon fork_01,spoon fork,0.47475293278694153,519.3532104492188,808.1177978515625,632.7196044921875,834.3740844726562
test_000116,spoon knife_01,spoon knife,0.38937219977378845,645.7568969726562,851.7510986328125,730.1663818359375,920.3029174804688
test_000116,spoon fork_02,spoon fork,0.4812181293964386,597.0480346679688,951.0942993164062,721.9070434570312,985.0278930664062
test_000117,fork_01,fork,0.668472945690155,825.78271484375,961.6429443359375,862.3475952148438,1072.2239990234375
test_000117,spoon_01,spoon,0.631706178188324,615.9414672851562,1039.913330078125,733.9708251953125,1118.2984619140625
test_000117,spoon_02,spoon,0.5802926421165466,368.2125549316406,874.4859008789062,503.52288818359375,906.283447265625
test_000117,spoon_03,spoon,0.5688722729682922,124.09981536865234,827.5224609375,256.5707092285156,871.6212158203125
test_000117,knife_01,knife,0.5050671100616455,163.12843322753906,964.8331909179688,293.1094665527344,997.201416015625
test_000117,spoon fork_01,spoon fork,0.5024682879447937,596.8421020507812,951.0194702148438,721.6424560546875,985.2876586914062
test_000117,knife_02,knife,0.44814780354499817,323.71563720703125,769.8675537109375,417.87933349609375,827.3616333007812
test_000117,spoon knife_01,spoon knife,0.38831204175949097,645.3593139648438,851.9939575195312,729.7916259765625,920.527587890625
test_000117,spoon fork_02,spoon fork,0.4862357974052429,520.574462890625,808.1305541992188,632.7366333007812,834.2410278320312
test_000117,fork_02,fork,0.6624695658683777,385.4434814453125,985.5493774414062,415.2734680175781,1096.0858154296875
test_000118,fork_01,fork,0.7013053297996521,856.5142822265625,1465.794189453125,903.4217529296875,1595.9796142578125
test_000118,fork_02,fork,0.6656415462493896,380.8126220703125,1492.8546142578125,416.3701477050781,1625.01904296875
test_000118,spoon_01,spoon,0.6858627200126648,635.2161254882812,1556.1629638671875,763.4627685546875,1651.591552734375
test_000118,spoon_02,spoon,0.564032793045044,120.226806640625,1315.765625,257.5247497558594,1361.6282958984375
test_000118,spoon fork_01,spoon fork,0.53636234998703,609.6092529296875,1452.55908203125,744.8102416992188,1492.5955810546875
test_000118,spoon_03,spoon,0.557096540927887,371.3603820800781,1366.3697509765625,510.75408935546875,1400.56396484375
test_000118,spoon knife_01,spoon knife,0.4724445343017578,146.36227416992188,1468.646240234375,286.4613952636719,1506.3797607421875
test_000118,spoon_04,spoon,0.4100295603275299,659.9774780273438,1340.9366455078125,746.2007446289062,1417.3355712890625
test_000118,spoon fork_02,spoon fork,0.4761328101158142,527.6078491210938,1293.118896484375,643.9163818359375,1322.3731689453125
test_000118,knife_01,knife,0.43946149945259094,327.093017578125,1253.4857177734375,425.7205810546875,1314.801513671875
test_000119,fork_01,fork,0.6946466565132141,856.5493774414062,1466.068115234375,903.6952514648438,1596.1485595703125
test_000119,fork_02,fork,0.6696071624755859,381.0653991699219,1492.76318359375,416.1430358886719,1625.1162109375
test_000119,spoon_01,spoon,0.6851606369018555,635.1544799804688,1555.6905517578125,763.613525390625,1652.2366943359375
test_000119,spoon_02,spoon,0.5593773126602173,120.00391387939453,1315.9859619140625,257.3345031738281,1361.0194091796875
test_000119,spoon_03,spoon,0.5597845911979675,371.1781005859375,1365.9556884765625,510.19122314453125,1400.732177734375
test_000119,spoon fork_01,spoon fork,0.5338550806045532,609.8067016601562,1452.5213623046875,744.6161499023438,1492.333740234375
test_000119,spoon knife_01,spoon knife,0.4708755314350128,146.8701171875,1468.6668701171875,286.4332580566406,1506.0616455078125
test_000119,spoon fork_02,spoon fork,0.4845060408115387,527.104248046875,1293.0625,644.0679931640625,1321.8861083984375
test_000119,spoon knife_02,spoon knife,0.40691882371902466,660.417724609375,1341.2056884765625,745.7216186523438,1417.1727294921875
test_000119,knife_01,knife,0.4168805181980133,326.61273193359375,1253.5765380859375,425.6011047363281,1314.82666015625
test_000120,fork_01,fork,0.6946466565132141,856.5493774414062,1466.068115234375,903.6952514648438,1596.1485595703125
test_000120,fork_02,fork,0.6696071624755859,381.0653991699219,1492.76318359375,416.1430358886719,1625.1162109375
test_000120,spoon_01,spoon,0.6851606369018555,635.1544799804688,1555.6905517578125,763.613525390625,1652.2366943359375
test_000120,spoon_02,spoon,0.5593773126602173,120.00391387939453,1315.9859619140625,257.3345031738281,1361.0194091796875
test_000120,spoon_03,spoon,0.5597845911979675,371.1781005859375,1365.9556884765625,510.19122314453125,1400.732177734375
test_000120,spoon fork_01,spoon fork,0.5338550806045532,609.8067016601562,1452.5213623046875,744.6161499023438,1492.333740234375
test_000120,spoon knife_01,spoon knife,0.4708755314350128,146.8701171875,1468.6668701171875,286.4332580566406,1506.0616455078125
test_000120,spoon fork_02,spoon fork,0.4845060408115387,527.104248046875,1293.0625,644.0679931640625,1321.8861083984375
test_000120,spoon knife_02,spoon knife,0.40691882371902466,660.417724609375,1341.2056884765625,745.7216186523438,1417.1727294921875
test_000120,knife_01,knife,0.4168805181980133,326.61273193359375,1253.5765380859375,425.6011047363281,1314.82666015625
test_000121,fork_01,fork,0.6685663461685181,604.3099975585938,1225.3126220703125,649.8670654296875,1341.755615234375
test_000121,spoon_01,spoon,0.5922099947929382,623.3721923828125,1110.0595703125,754.9749755859375,1164.546875
test_000121,spoon_02,spoon,0.616701602935791,842.46142578125,1357.6474609375,982.8042602539062,1424.83056640625
test_000121,fork_02,fork,0.5782495737075806,844.4962768554688,1234.091796875,981.4570922851562,1296.8328857421875
test_000121,spoon_03,spoon,0.5540093779563904,397.88018798828125,1039.490234375,524.462646484375,1064.8035888671875
test_000121,spoon fork_01,spoon fork,0.5353404879570007,782.84375,1075.7452392578125,904.6731567382812,1110.6297607421875
test_000121,spoon knife_01,spoon knife,0.4164625108242035,589.8825073242188,1012.945068359375,690.3231201171875,1054.018310546875
test_000121,spoon knife_02,spoon knife,0.4526766836643219,406.7017822265625,1176.770263671875,533.1010131835938,1197.995849609375
test_000122,fork_01,fork,0.6824450492858887,604.175048828125,1225.5860595703125,649.7239990234375,1341.81787109375
test_000122,spoon_01,spoon,0.5755141377449036,622.635498046875,1110.2388916015625,755.3294067382812,1164.5023193359375
test_000122,spoon_02,spoon,0.6099631190299988,842.6242065429688,1357.35546875,982.76513671875,1425.5159912109375
test_000122,fork_02,fork,0.6006999611854553,844.275634765625,1234.114013671875,982.0330810546875,1297.553466796875
test_000122,spoon_03,spoon,0.5611581802368164,397.76007080078125,1039.4906005859375,524.318115234375,1064.1019287109375
test_000122,spoon fork_01,spoon fork,0.5238126516342163,782.9740600585938,1075.3338623046875,904.4910278320312,1110.6517333984375
test_000122,spoon knife_01,spoon knife,0.4144587218761444,589.9574584960938,1012.964599609375,690.2742919921875,1053.936767578125
test_000122,spoon knife_02,spoon knife,0.389253169298172,904.4547729492188,1155.7269287109375,1005.8251342773438,1214.052490234375
test_000122,spoon knife_03,spoon knife,0.4499351978302002,406.4944152832031,1176.4046630859375,533.0097045898438,1198.10107421875
test_000123,fork_01,fork,0.6776743531227112,604.35498046875,1225.588134765625,649.9603271484375,1341.690185546875
test_000123,spoon_01,spoon,0.5946294665336609,622.8062133789062,1109.9703369140625,755.5053100585938,1164.592529296875
test_000123,spoon_02,spoon,0.6093900799751282,842.6851196289062,1357.521728515625,982.58984375,1424.608642578125
test_000123,spoon_03,spoon,0.5541682243347168,398.0235290527344,1039.37744140625,524.310546875,1064.2498779296875
test_000123,fork_02,fork,0.5794098377227783,844.4867553710938,1234.3526611328125,982.0060424804688,1297.361572265625
test_000123,spoon knife_01,spoon knife,0.4357990026473999,589.8698120117188,1013.1134033203125,690.352783203125,1054.058349609375
test_000123,spoon fork_01,spoon fork,0.5185980200767517,783.1727294921875,1075.708984375,904.6608276367188,1110.4334716796875
test_000123,spoon_04,spoon,0.4286245107650757,904.7665405273438,1155.68896484375,1006.2285766601562,1213.7486572265625
test_000123,spoon knife_02,spoon knife,0.43823277950286865,406.6418762207031,1176.666259765625,532.7850952148438,1198.1881103515625
test_000124,fork_01,fork,0.6988826394081116,579.2987060546875,673.26953125,630.022216796875,780.705322265625
test_000124,fork_02,fork,0.6595553159713745,147.27377319335938,787.0440063476562,191.6472930908203,900.9612426757812
test_000124,spoon_01,spoon,0.6556715369224548,402.1312255859375,774.610107421875,506.9097595214844,870.559814453125
test_000124,spoon_02,spoon,0.5319602489471436,97.31722259521484,669.0966796875,243.5146942138672,701.4815063476562
test_000124,spoon fork_01,spoon fork,0.45488327741622925,240.37442016601562,558.5780029296875,358.5838317871094,605.2509155273438
test_000124,fork_03,fork,0.48744523525238037,352.75634765625,696.6730346679688,479.7842712402344,729.13916015625
test_000124,knife_01,knife,0.4376857876777649,30.542585372924805,557.2787475585938,121.36519622802734,635.4384765625
test_000124,knife_02,knife,0.4726455509662628,391.0005187988281,582.8141479492188,464.94451904296875,669.07958984375
test_000125,fork_01,fork,0.7007480263710022,578.958740234375,673.2506103515625,630.047119140625,780.6375122070312
test_000125,fork_02,fork,0.6638067364692688,147.19558715820312,787.0064086914062,191.6876983642578,901.1047973632812
test_000125,spoon_01,spoon,0.6422116756439209,402.267822265625,774.545166015625,506.7666015625,870.26953125
test_000125,spoon fork_01,spoon fork,0.47655755281448364,239.86708068847656,558.4823608398438,358.7842102050781,605.5773315429688
test_000125,spoon_02,spoon,0.5456096529960632,96.81990051269531,669.2769775390625,243.29638671875,701.65380859375
test_000125,fork_03,fork,0.48910245299339294,352.696533203125,696.800537109375,479.9338684082031,729.1798706054688
test_000125,knife_01,knife,0.43311384320259094,391.2930603027344,582.5919189453125,464.81109619140625,669.1263427734375
test_000125,knife_02,knife,0.4437195062637329,30.456314086914062,557.3579711914062,121.11323547363281,635.8113403320312
test_000126,fork_01,fork,0.6982925534248352,578.9893798828125,672.8587036132812,629.7386474609375,780.7550659179688
test_000126,fork_02,fork,0.6512671113014221,147.25332641601562,786.986572265625,191.65721130371094,900.9537963867188
test_000126,spoon_01,spoon,0.6376475691795349,402.10430908203125,774.532958984375,506.8663024902344,870.4228515625
test_000126,spoon_02,spoon,0.5616967678070068,96.37512969970703,669.1636352539062,243.33078002929688,702.3297729492188
test_000126,fork_03,fork,0.5136134028434753,352.5462951660156,696.5665283203125,479.7720947265625,729.0095825195312
test_000126,spoon fork_01,spoon fork,0.48193660378456116,239.65740966796875,558.3997802734375,358.7314758300781,605.61669921875
test_000126,knife_01,knife,0.46865564584732056,391.1249694824219,582.76611328125,464.6912841796875,668.9766235351562
test_000126,knife_02,knife,0.45324698090553284,30.483470916748047,557.1585693359375,121.26957702636719,635.6481323242188
test_000127,spoon_01,spoon,0.5564078092575073,0.813039243221283,610.1298828125,96.0869369506836,686.0852661132812
test_000127,spoon_02,spoon,0.5677623748779297,431.6926574707031,744.9164428710938,513.65966796875,849.11865234375
test_000127,spoon_03,spoon,0.5721461176872253,401.7663269042969,614.476318359375,468.2449035644531,727.14111328125
test_000127,spoon_04,spoon,0.5474755167961121,99.62928009033203,743.6946411132812,232.40773010253906,819.6441650390625
test_000128,spoon_01,spoon,0.5586289167404175,0.8148778676986694,610.5728149414062,95.9258041381836,686.3125610351562
test_000128,spoon_02,spoon,0.5721381306648254,431.4942932128906,744.8334350585938,513.7305908203125,849.8152465820312
test_000128,spoon_03,spoon,0.570248544216156,401.95648193359375,614.5380859375,468.16741943359375,727.1202392578125
test_000128,spoon_04,spoon,0.5549864768981934,99.88749694824219,743.3619384765625,232.4121551513672,819.6426391601562
test_000129,spoon_01,spoon,0.5518362522125244,0.8987479209899902,611.38134765625,95.77420806884766,686.1184692382812
test_000129,spoon_02,spoon,0.5611629486083984,431.8672180175781,744.9791870117188,513.8775024414062,849.2698974609375
test_000129,spoon_03,spoon,0.572338342666626,401.8509826660156,614.21923828125,467.97808837890625,727.1095581054688
test_000129,spoon_04,spoon,0.5390883088111877,98.8837890625,744.0736083984375,232.29876708984375,819.3887939453125
test_000130,spoon_01,spoon,0.5840967297554016,924.0137939453125,1169.3040771484375,964.4661865234375,1296.048828125
test_000130,spoon_02,spoon,0.5382832884788513,596.77978515625,1171.6552734375,694.7991333007812,1282.9857177734375
test_000130,spoon_03,spoon,0.5649563670158386,881.2523803710938,1333.2803955078125,1002.7937622070312,1418.782470703125
test_000130,spoon fork_01,spoon fork,0.48864883184432983,523.6461791992188,1050.1871337890625,647.31640625,1088.729248046875
test_000131,spoon_01,spoon,0.5840005278587341,924.28564453125,1169.5234375,964.1705322265625,1295.8546142578125
test_000131,spoon_02,spoon,0.5455060601234436,596.0538940429688,1171.69189453125,695.0404052734375,1283.0048828125
test_000131,spoon_03,spoon,0.5524907112121582,881.1972045898438,1332.9398193359375,1002.6322631835938,1418.5313720703125
test_000131,spoon fork_01,spoon fork,0.49463167786598206,523.3878784179688,1049.8680419921875,647.2289428710938,1088.7091064453125
test_000132,spoon_01,spoon,0.5840005278587341,924.28564453125,1169.5234375,964.1705322265625,1295.8546142578125
test_000132,spoon_02,spoon,0.5455060601234436,596.0538940429688,1171.69189453125,695.0404052734375,1283.0048828125
test_000132,spoon_03,spoon,0.5524907112121582,881.1972045898438,1332.9398193359375,1002.6322631835938,1418.5313720703125
test_000132,spoon fork_01,spoon fork,0.49463167786598206,523.3878784179688,1049.8680419921875,647.2289428710938,1088.7091064453125
test_000133,spoon_01,spoon,0.5946292281150818,665.8175048828125,339.8627014160156,713.9398193359375,472.16851806640625
test_000133,spoon_02,spoon,0.5729719996452332,330.76434326171875,415.8788757324219,451.0111999511719,519.483154296875
test_000133,spoon fork_01,spoon fork,0.5153771042823792,225.11029052734375,265.9964599609375,356.969970703125,339.56646728515625
test_000133,spoon_03,spoon,0.5528751015663147,644.266845703125,501.65496826171875,752.4653930664062,602.6097412109375
test_000134,spoon_01,spoon,0.595759928226471,665.997314453125,339.8965148925781,713.7154541015625,472.2853698730469
test_000134,spoon_02,spoon,0.5607835054397583,331.2890930175781,415.3893737792969,451.037841796875,519.78076171875
test_000134,spoon_03,spoon,0.554368793964386,643.9466552734375,501.8017883300781,752.1112060546875,601.9492797851562
test_000134,spoon fork_01,spoon fork,0.4983742833137512,224.65110778808594,266.5494384765625,356.7012939453125,339.2552490234375
test_000135,spoon_01,spoon,0.595759928226471,665.997314453125,339.8965148925781,713.7154541015625,472.2853698730469
test_000135,spoon_02,spoon,0.5607835054397583,331.2890930175781,415.3893737792969,451.037841796875,519.78076171875
test_000135,spoon_03,spoon,0.554368793964386,643.9466552734375,501.8017883300781,752.1112060546875,601.9492797851562
test_000135,spoon fork_01,spoon fork,0.4983742833137512,224.65110778808594,266.5494384765625,356.7012939453125,339.2552490234375
test_000136,fork_01,fork,0.6802850961685181,741.5030517578125,376.1390686035156,775.9512329101562,495.2759704589844
test_000136,fork_02,fork,0.6454867720603943,501.4459533691406,455.4383544921875,532.1890258789062,577.14453125
test_000136,fork_03,fork,0.6344940662384033,488.9939880371094,220.5248565673828,549.2764892578125,326.7747802734375
test_000136,spoon fork_01,spoon fork,0.4746953845024109,215.797607421875,340.3384094238281,247.5359649658203,451.5601806640625
test_000137,fork_01,fork,0.6756202578544617,741.57568359375,376.08648681640625,775.7811889648438,495.53643798828125
test_000137,fork_02,fork,0.6538639664649963,501.5592346191406,455.84320068359375,532.1719360351562,577.1602783203125
test_000137,fork_03,fork,0.5423991084098816,215.75013732910156,340.4322509765625,247.4764404296875,451.3668212890625
test_000137,fork_04,fork,0.6297096610069275,488.9983215332031,220.31964111328125,548.941650390625,326.2945861816406
test_000138,fork_01,fork,0.6828975677490234,741.4534301757812,375.9263610839844,775.9381713867188,494.9966735839844
test_000138,fork_02,fork,0.6414240598678589,501.5549621582031,455.70306396484375,532.0653686523438,577.1104125976562
test_000138,fork_03,fork,0.6431642174720764,488.62640380859375,220.24581909179688,549.41650390625,326.8623962402344
test_000138,spoon fork_01,spoon fork,0.518973171710968,215.6916961669922,340.4793701171875,247.56454467773438,451.294677734375
test_000139,fork_01,fork,0.6734347939491272,511.0869445800781,971.299560546875,539.5459594726562,1078.521484375
test_000139,fork_02,fork,0.6895168423652649,733.0763549804688,902.4320678710938,762.3198852539062,1005.4204711914062
test_000139,fork_03,fork,0.6963775157928467,500.2088928222656,775.060546875,554.0488891601562,860.5336303710938
test_000139,fork_04,fork,0.6497000455856323,250.0393829345703,873.1986694335938,278.245849609375,967.3770751953125
test_000140,fork_01,fork,0.6762986183166504,511.10888671875,970.5730590820312,539.6532592773438,1078.5849609375
test_000140,fork_02,fork,0.6868689060211182,733.3035888671875,902.84375,762.0948486328125,1005.2730712890625
test_000140,fork_03,fork,0.6657348871231079,500.4912414550781,774.8242797851562,554.0875244140625,860.5250854492188
test_000140,fork_04,fork,0.6497616171836853,249.92044067382812,873.083740234375,278.2373352050781,966.3900146484375
test_000141,fork_01,fork,0.6762986183166504,511.10888671875,970.5730590820312,539.6532592773438,1078.5849609375
test_000141,fork_02,fork,0.6868689060211182,733.3035888671875,902.84375,762.0948486328125,1005.2730712890625
test_000141,fork_03,fork,0.6657348871231079,500.4912414550781,774.8242797851562,554.0875244140625,860.5250854492188
test_000141,fork_04,fork,0.6497616171836853,249.92044067382812,873.083740234375,278.2373352050781,966.3900146484375
test_000142,fork_01,fork,0.6417334675788879,279.6966247558594,1247.25732421875,321.62567138671875,1363.035400390625
test_000142,fork_02,fork,0.6851469874382019,235.9791259765625,1049.5582275390625,302.419921875,1131.627685546875
test_000142,fork_03,fork,0.6448836922645569,492.36517333984375,1133.24462890625,528.9002685546875,1237.1627197265625
test_000143,fork_01,fork,0.6417334675788879,279.6966247558594,1247.25732421875,321.62567138671875,1363.035400390625
test_000143,fork_02,fork,0.6851469874382019,235.9791259765625,1049.5582275390625,302.419921875,1131.627685546875
test_000143,fork_03,fork,0.6448836922645569,492.36517333984375,1133.24462890625,528.9002685546875,1237.1627197265625
test_000144,fork_01,fork,0.6267908811569214,279.7218017578125,1246.094482421875,321.37945556640625,1363.4049072265625
test_000144,fork_02,fork,0.679228663444519,236.24925231933594,1049.544921875,301.992919921875,1132.083740234375
test_000144,fork_03,fork,0.6431301832199097,492.1380920410156,1133.4732666015625,529.0157470703125,1237.209228515625
test_000145,fork_01,fork,0.6887494921684265,724.8942260742188,738.8489379882812,768.9141845703125,849.6842651367188
test_000145,fork_02,fork,0.6921215653419495,777.38232421875,529.3826293945312,817.3216552734375,627.6172485351562
test_000145,fork_03,fork,0.6461935639381409,486.4947814941406,584.9220581054688,524.9341430664062,681.8252563476562
test_000145,fork_04,fork,0.6619783639907837,971.7009887695312,712.9518432617188,1024.82763671875,822.9092407226562
test_000146,fork_01,fork,0.6887494921684265,724.8942260742188,738.8489379882812,768.9141845703125,849.6842651367188
test_000146,fork_02,fork,0.6921215653419495,777.38232421875,529.3826293945312,817.3216552734375,627.6172485351562
test_000146,fork_03,fork,0.6461935639381409,486.4947814941406,584.9220581054688,524.9341430664062,681.8252563476562
test_000146,fork_04,fork,0.6619783639907837,971.7009887695312,712.9518432617188,1024.82763671875,822.9092407226562
test_000147,fork_01,fork,0.6794295907020569,724.4566040039062,738.8378295898438,768.7705078125,849.9609985351562
test_000147,fork_02,fork,0.6732451915740967,776.7801513671875,529.0636596679688,817.1693725585938,627.9361572265625
test_000147,fork_03,fork,0.6489223837852478,971.5467529296875,712.9024047851562,1024.9610595703125,822.9894409179688
test_000147,fork_04,fork,0.6312780976295471,486.11297607421875,585.1424560546875,524.3880004882812,682.1655883789062
